"group_id","vuln_type","cwe","title","description","code_line","real_vulnerability","language","file_type"
"secret_scenario_10","secret","CWE-798","Clé API récupérée depuis l'environnement","La clé est stockée hors du code source.","API_KEY = os.getenv(""API_KEY"")","0","python",".py"
"deserialize_scenario_01","deserialize","CWE-502","Validation de schéma","Les données sont validées selon un schéma avant utilisation.","data = UserSchema.model_validate(request.json)","0","python",".py"
"secret_scenario_04","secret","CWE-798","Configuration externe","Les informations sensibles sont fournies par une configuration externe.","token = config.get_secret(""TOKEN"")","0","python",".py"
"sqli_scenario_01","sqli","CWE-89","Utilisation sécurisée d'un ORM","La recherche est effectuée via une API ORM sans construction manuelle de SQL.","user = User.query.filter_by(name=username).first()","0","python",".py"
"crypto_scenario_03","crypto","CWE-327","Mode ECB","Le mode ECB ne protège pas correctement les motifs des données.","cipher = AES.new(key, AES.MODE_ECB)","1","python",".py"
"cmdi_scenario_04","cmdi","CWE-78","Commande système constante","La commande ne dépend d'aucune entrée utilisateur.","subprocess.run([""whoami""], check=True)","0","python",".py"
"cmdi_scenario_03","cmdi","CWE-78","Commande exécutée avec une liste d'arguments","Les arguments sont séparés et le shell n'est pas utilisé.","subprocess.run([""ping"", ""-c"", ""1"", host], shell=False)","0","python",".py"
"pathtraver_scenario_02","pathtraver","CWE-22","Extraction d'archive non contrôlée","Les chemins contenus dans une archive sont extraits sans validation.","archive.extractall(""/tmp/uploads"")","1","python",".py"
"debug_scenario_05","debug","CWE-489","Application sans debug","L'application est démarrée sans mode debug.","app.run()","0","python",".py"
"xss_scenario_04","xss","CWE-79","Réponse HTML non échappée","La réponse contient directement une donnée provenant de la requête.","return ""<script>"" + value + ""</script>""","1","python",".py"
"crypto_scenario_06","crypto","CWE-327","Bcrypt pour mot de passe","Bcrypt est utilisé pour le stockage sécurisé des mots de passe.","password_hash = bcrypt.hashpw(password, bcrypt.gensalt())","0","python",".py"
"pathtraver_scenario_03","pathtraver","CWE-22","Extraction d'archive non contrôlée","Les chemins contenus dans une archive sont extraits sans validation.","archive.extractall(""/tmp/uploads"")","1","python",".py"
"deserialize_scenario_08","deserialize","CWE-502","Données primitives","L'application utilise uniquement des données primitives validées.","value = int(request.args[""id""])","0","python",".py"
"deserialize_scenario_02","deserialize","CWE-502","Pickle depuis un fichier","Un fichier potentiellement non fiable est chargé avec pickle.","obj = pickle.load(open(filename, ""rb""))","1","python",".py"
"sqli_scenario_09","sqli","CWE-89","Requête SQL avec valeur constante","La requête ne contient aucune donnée contrôlée par l'utilisateur.","cursor.execute(""SELECT * FROM users WHERE active = 1"")","0","python",".py"
"pathtraver_scenario_04","pathtraver","CWE-22","Utilisation du nom de base","Le chemin fourni est réduit à un nom de fichier simple.","filename = os.path.basename(user_filename)","0","python",".py"
"cmdi_scenario_05","cmdi","CWE-78","Commande construite dynamiquement","Une valeur utilisateur est concaténée à une commande système.","subprocess.Popen(""cat "" + filename, shell=True)","1","python",".py"
"pathtraver_scenario_04","pathtraver","CWE-22","Chemin construit avec une entrée utilisateur","Une entrée externe influence directement le chemin d'accès.","path = os.path.join(""/uploads"", filename); open(path)","1","python",".py"
"sqli_scenario_04","sqli","CWE-89","SQL construit avec une f-string","Une donnée contrôlée par l'utilisateur est directement incorporée dans une requête SQL.","query = f""SELECT * FROM users WHERE id = {user_id}""","1","python",".py"
"sqli_scenario_09","sqli","CWE-89","SQL avec formatage percent","Une valeur utilisateur est injectée dans une chaîne SQL.","query = ""SELECT * FROM accounts WHERE email = '%s'"" % email","1","python",".py"
"cmdi_scenario_10","cmdi","CWE-78","Commande construite dynamiquement","Une valeur utilisateur est concaténée à une commande système.","subprocess.Popen(""cat "" + filename, shell=True)","1","python",".py"
"debug_scenario_10","debug","CWE-489","Debug contrôlé par environnement","Le mode debug est désactivé par défaut.","DEBUG = os.getenv(""DEBUG"", ""false"").lower() == ""true""","0","python",".py"
"xss_scenario_09","xss","CWE-79","HTML construit avec une f-string","Une donnée externe est directement incorporée dans du HTML.","html = f""<div>{comment}</div>""","1","python",".py"
"cmdi_scenario_05","cmdi","CWE-78","Commande système avec shell=True","Une entrée utilisateur influence une commande exécutée par le shell.","subprocess.check_output(""ping "" + host, shell=True)","1","python",".py"
"cmdi_scenario_04","cmdi","CWE-78","Validation avant exécution","L'entrée est validée puis passée comme argument séparé.","subprocess.run([""ping"", validated_host], shell=False)","0","python",".py"
"cmdi_scenario_04","cmdi","CWE-78","Commande contrôlée par liste blanche","Seules des valeurs autorisées peuvent être utilisées comme argument.","if host in ALLOWED_HOSTS: subprocess.run([""ping"", host])","0","python",".py"
"deserialize_scenario_05","deserialize","CWE-502","Données primitives","L'application utilise uniquement des données primitives validées.","value = int(request.args[""id""])","0","python",".py"
"secret_scenario_04","secret","CWE-798","Clé API récupérée depuis l'environnement","La clé est stockée hors du code source.","API_KEY = os.getenv(""API_KEY"")","0","python",".py"
"debug_scenario_04","debug","CWE-489","Django DEBUG activé","Le paramètre DEBUG est activé dans une configuration de production.","DEBUG = True","1","python",".py"
"sqli_scenario_05","sqli","CWE-89","SQL avec formatage percent","Une valeur utilisateur est injectée dans une chaîne SQL.","query = ""SELECT * FROM accounts WHERE email = '%s'"" % email","1","python",".py"
"xss_scenario_04","xss","CWE-79","Donnée retournée en JSON","La donnée n'est pas interprétée comme du HTML.","return jsonify({""username"": username})","0","python",".py"
"cmdi_scenario_01","cmdi","CWE-78","Utilisation de os.system","Une commande contenant une entrée externe est exécutée directement.","os.system(""ping "" + hostname)","1","python",".py"
"crypto_scenario_05","crypto","CWE-327","Fernet","Fernet fournit une primitive de chiffrement authentifié adaptée aux données.","token = Fernet(key).encrypt(data)","0","python",".py"
"debug_scenario_01","debug","CWE-489","Configuration debug activée","Le mode debug est explicitement activé dans la configuration.","DEBUG = True","1","python",".py"
"cmdi_scenario_01","cmdi","CWE-78","Commande construite dynamiquement","Une valeur utilisateur est concaténée à une commande système.","subprocess.Popen(""cat "" + filename, shell=True)","1","python",".py"
"secret_scenario_05","secret","CWE-798","Secret récupéré depuis un gestionnaire","L'application utilise un gestionnaire de secrets.","password = secrets_manager.get(""database/password"")","0","python",".py"
"pathtraver_scenario_03","pathtraver","CWE-22","Fichier sélectionné depuis une liste autorisée","Le fichier est choisi parmi des ressources connues.","path = ALLOWED_FILES[file_id]","0","python",".py"
"sqli_scenario_07","sqli","CWE-89","Utilisation sécurisée d'un ORM","La recherche est effectuée via une API ORM sans construction manuelle de SQL.","user = User.query.filter_by(name=username).first()","0","python",".py"
"deserialize_scenario_09","deserialize","CWE-502","Validation de schéma","Les données sont validées selon un schéma avant utilisation.","data = UserSchema.model_validate(request.json)","0","python",".py"
"sqli_scenario_04","sqli","CWE-89","Requête SQL paramétrée","La valeur utilisateur est transmise comme paramètre séparé.","cursor.execute(""SELECT * FROM users WHERE name = ?"", (username,))","0","python",".py"
"secret_scenario_06","secret","CWE-798","Secret récupéré depuis un gestionnaire","L'application utilise un gestionnaire de secrets.","password = secrets_manager.get(""database/password"")","0","python",".py"
"pathtraver_scenario_08","pathtraver","CWE-22","Extraction d'archive non contrôlée","Les chemins contenus dans une archive sont extraits sans validation.","archive.extractall(""/tmp/uploads"")","1","python",".py"
"crypto_scenario_09","crypto","CWE-327","Algorithme DES obsolète","Un algorithme cryptographique ancien est utilisé.","cipher = DES.new(key, DES.MODE_ECB)","1","python",".py"
"xss_scenario_07","xss","CWE-79","Donnée retournée en JSON","La donnée n'est pas interprétée comme du HTML.","return jsonify({""username"": username})","0","python",".py"
"xss_scenario_07","xss","CWE-79","Template avec échappement automatique","Le moteur de template effectue l'échappement de la variable.","return render_template(""profile.html"", username=username)","0","python",".py"
"cmdi_scenario_07","cmdi","CWE-78","Commande construite dynamiquement","Une valeur utilisateur est concaténée à une commande système.","subprocess.Popen(""cat "" + filename, shell=True)","1","python",".py"
"debug_scenario_05","debug","CWE-489","Configuration production","Le mode debug est désactivé.","app.run(debug=False)","0","python",".py"
"sqli_scenario_07","sqli","CWE-89","SQL construit avec une f-string","Une donnée contrôlée par l'utilisateur est directement incorporée dans une requête SQL.","query = f""SELECT * FROM users WHERE id = {user_id}""","1","python",".py"
"secret_scenario_09","secret","CWE-798","Mot de passe codé en dur","Un mot de passe est stocké directement dans le code.","DB_PASSWORD = ""AdminPassword123""","1","python",".py"
"pathtraver_scenario_09","pathtraver","CWE-22","Chemin construit avec une entrée utilisateur","Une entrée externe influence directement le chemin d'accès.","path = os.path.join(""/uploads"", filename); open(path)","1","python",".py"
"deserialize_scenario_04","deserialize","CWE-502","Données primitives","L'application utilise uniquement des données primitives validées.","value = int(request.args[""id""])","0","python",".py"
"pathtraver_scenario_09","pathtraver","CWE-22","Extraction d'archive non contrôlée","Les chemins contenus dans une archive sont extraits sans validation.","archive.extractall(""/tmp/uploads"")","1","python",".py"
"crypto_scenario_10","crypto","CWE-327","AES-GCM","AES-GCM est utilisé comme mode de chiffrement authentifié.","cipher = AES.new(key, AES.MODE_GCM)","0","python",".py"
"crypto_scenario_01","crypto","CWE-327","Algorithme DES obsolète","Un algorithme cryptographique ancien est utilisé.","cipher = DES.new(key, DES.MODE_ECB)","1","python",".py"
"xss_scenario_10","xss","CWE-79","Échappement explicite du contenu","Le contenu utilisateur est échappé avant son insertion dans la réponse.","return ""<h1>"" + html.escape(username) + ""</h1>""","0","python",".py"
"cmdi_scenario_02","cmdi","CWE-78","Commande construite dynamiquement","Une valeur utilisateur est concaténée à une commande système.","subprocess.Popen(""cat "" + filename, shell=True)","1","python",".py"
"sqli_scenario_02","sqli","CWE-89","SQL construit avec une f-string","Une donnée contrôlée par l'utilisateur est directement incorporée dans une requête SQL.","query = f""SELECT * FROM users WHERE id = {user_id}""","1","python",".py"
"cmdi_scenario_01","cmdi","CWE-78","Commande système avec shell=True","Une entrée utilisateur influence une commande exécutée par le shell.","subprocess.check_output(""ping "" + host, shell=True)","1","python",".py"
"pathtraver_scenario_06","pathtraver","CWE-22","Téléchargement contrôlé par utilisateur","Le chemin demandé est utilisé sans vérification de confinement.","return send_file(""/data/"" + requested_file)","1","python",".py"
"sqli_scenario_04","sqli","CWE-89","SQL construit avec format","La requête SQL utilise une valeur utilisateur sans paramétrage.","query = ""SELECT * FROM products WHERE name = '{}'"".format(product)","1","python",".py"
"secret_scenario_02","secret","CWE-798","Clé API récupérée depuis l'environnement","La clé est stockée hors du code source.","API_KEY = os.getenv(""API_KEY"")","0","python",".py"
"cmdi_scenario_03","cmdi","CWE-78","Commande contrôlée par liste blanche","Seules des valeurs autorisées peuvent être utilisées comme argument.","if host in ALLOWED_HOSTS: subprocess.run([""ping"", host])","0","python",".py"
"sqli_scenario_10","sqli","CWE-89","SQL construit avec format","La requête SQL utilise une valeur utilisateur sans paramétrage.","query = ""SELECT * FROM products WHERE name = '{}'"".format(product)","1","python",".py"
"cmdi_scenario_10","cmdi","CWE-78","Utilisation de os.system","Une commande contenant une entrée externe est exécutée directement.","os.system(""ping "" + hostname)","1","python",".py"
"sqli_scenario_10","sqli","CWE-89","Utilisation sécurisée d'un ORM","La recherche est effectuée via une API ORM sans construction manuelle de SQL.","user = User.query.filter_by(name=username).first()","0","python",".py"
"crypto_scenario_04","crypto","CWE-327","Fernet","Fernet fournit une primitive de chiffrement authentifié adaptée aux données.","token = Fernet(key).encrypt(data)","0","python",".py"
"debug_scenario_04","debug","CWE-489","Mode debug forcé","Le programme force le mode debug au lieu d'utiliser une configuration sûre.","app.config[""DEBUG""] = True","1","python",".py"
"cmdi_scenario_06","cmdi","CWE-78","Commande construite dynamiquement","Une valeur utilisateur est concaténée à une commande système.","subprocess.Popen(""cat "" + filename, shell=True)","1","python",".py"
"crypto_scenario_05","crypto","CWE-327","Mode ECB","Le mode ECB ne protège pas correctement les motifs des données.","cipher = AES.new(key, AES.MODE_ECB)","1","python",".py"
"crypto_scenario_04","crypto","CWE-327","Bcrypt pour mot de passe","Bcrypt est utilisé pour le stockage sécurisé des mots de passe.","password_hash = bcrypt.hashpw(password, bcrypt.gensalt())","0","python",".py"
"crypto_scenario_05","crypto","CWE-327","Utilisation de MD5","MD5 est utilisé pour une opération cryptographique sensible.","digest = hashlib.md5(password.encode()).hexdigest()","1","python",".py"
"sqli_scenario_06","sqli","CWE-89","Requête SQL avec valeur constante","La requête ne contient aucune donnée contrôlée par l'utilisateur.","cursor.execute(""SELECT * FROM users WHERE active = 1"")","0","python",".py"
"pathtraver_scenario_08","pathtraver","CWE-22","Fichier contrôlé par utilisateur","Un nom de fichier fourni par l'utilisateur est utilisé directement.","with open(""/var/www/files/"" + filename) as f:","1","python",".py"
"cmdi_scenario_05","cmdi","CWE-78","Utilisation de os.system","Une commande contenant une entrée externe est exécutée directement.","os.system(""ping "" + hostname)","1","python",".py"
"crypto_scenario_09","crypto","CWE-327","Utilisation de MD5","MD5 est utilisé pour une opération cryptographique sensible.","digest = hashlib.md5(password.encode()).hexdigest()","1","python",".py"
"crypto_scenario_08","crypto","CWE-327","Bcrypt pour mot de passe","Bcrypt est utilisé pour le stockage sécurisé des mots de passe.","password_hash = bcrypt.hashpw(password, bcrypt.gensalt())","0","python",".py"
"cmdi_scenario_04","cmdi","CWE-78","Commande construite dynamiquement","Une valeur utilisateur est concaténée à une commande système.","subprocess.Popen(""cat "" + filename, shell=True)","1","python",".py"
"pathtraver_scenario_08","pathtraver","CWE-22","Vérification du chemin réel","Le chemin est vérifié avant l'accès au fichier.","path = os.path.realpath(os.path.join(BASE_DIR, filename))","0","python",".py"
"sqli_scenario_03","sqli","CWE-89","Utilisation sécurisée d'un ORM","La recherche est effectuée via une API ORM sans construction manuelle de SQL.","user = User.query.filter_by(name=username).first()","0","python",".py"
"debug_scenario_08","debug","CWE-489","Configuration debug activée","Le mode debug est explicitement activé dans la configuration.","DEBUG = True","1","python",".py"
"crypto_scenario_08","crypto","CWE-327","Utilisation de SHA-1","SHA-1 est utilisé dans un contexte où une fonction moderne est nécessaire.","digest = hashlib.sha1(data).hexdigest()","1","python",".py"
"crypto_scenario_02","crypto","CWE-327","Fernet","Fernet fournit une primitive de chiffrement authentifié adaptée aux données.","token = Fernet(key).encrypt(data)","0","python",".py"
"pathtraver_scenario_08","pathtraver","CWE-22","Utilisation du nom de base","Le chemin fourni est réduit à un nom de fichier simple.","filename = os.path.basename(user_filename)","0","python",".py"
"sqli_scenario_07","sqli","CWE-89","Requête SQL avec paramètres nommés","La requête utilise des paramètres nommés au lieu de concaténer les entrées.","cursor.execute(""SELECT * FROM users WHERE id = :id"", {""id"": user_id})","0","python",".py"
"secret_scenario_10","secret","CWE-798","Configuration externe","Les informations sensibles sont fournies par une configuration externe.","token = config.get_secret(""TOKEN"")","0","python",".py"
"deserialize_scenario_02","deserialize","CWE-502","Données primitives","L'application utilise uniquement des données primitives validées.","value = int(request.args[""id""])","0","python",".py"
"secret_scenario_02","secret","CWE-798","Configuration externe","Les informations sensibles sont fournies par une configuration externe.","token = config.get_secret(""TOKEN"")","0","python",".py"
"xss_scenario_02","xss","CWE-79","Contenu utilisateur rendu sans échappement","Le contenu utilisateur est marqué comme HTML sûr sans échappement.","return render_template_string(""<p>{{ content|safe }}</p>"", content=comment)","1","python",".py"
"secret_scenario_09","secret","CWE-798","Secret récupéré depuis un gestionnaire","L'application utilise un gestionnaire de secrets.","password = secrets_manager.get(""database/password"")","0","python",".py"
"debug_scenario_06","debug","CWE-489","Flask en mode debug","L'application Flask est exécutée avec le mode debug activé.","app.run(debug=True)","1","python",".py"
"pathtraver_scenario_03","pathtraver","CWE-22","Utilisation du nom de base","Le chemin fourni est réduit à un nom de fichier simple.","filename = os.path.basename(user_filename)","0","python",".py"
"sqli_scenario_01","sqli","CWE-89","SQL construit avec format","La requête SQL utilise une valeur utilisateur sans paramétrage.","query = ""SELECT * FROM products WHERE name = '{}'"".format(product)","1","python",".py"
"cmdi_scenario_06","cmdi","CWE-78","Commande exécutée avec une liste d'arguments","Les arguments sont séparés et le shell n'est pas utilisé.","subprocess.run([""ping"", ""-c"", ""1"", host], shell=False)","0","python",".py"
"crypto_scenario_06","crypto","CWE-327","Mode ECB","Le mode ECB ne protège pas correctement les motifs des données.","cipher = AES.new(key, AES.MODE_ECB)","1","python",".py"
"secret_scenario_09","secret","CWE-798","Secret dans un en-tête","Un secret d'authentification est écrit directement dans le code.","headers = {""Authorization"": ""Bearer SECRET_TOKEN""}","1","python",".py"
"cmdi_scenario_10","cmdi","CWE-78","Commande exécutée avec une liste d'arguments","Les arguments sont séparés et le shell n'est pas utilisé.","subprocess.run([""ping"", ""-c"", ""1"", host], shell=False)","0","python",".py"
"cmdi_scenario_07","cmdi","CWE-78","Commande système avec shell=True","Une entrée utilisateur influence une commande exécutée par le shell.","subprocess.check_output(""ping "" + host, shell=True)","1","python",".py"
"debug_scenario_08","debug","CWE-489","Configuration production","Le mode debug est désactivé.","app.run(debug=False)","0","python",".py"
"cmdi_scenario_07","cmdi","CWE-78","Commande système constante","La commande ne dépend d'aucune entrée utilisateur.","subprocess.run([""whoami""], check=True)","0","python",".py"
"xss_scenario_01","xss","CWE-79","Donnée retournée en JSON","La donnée n'est pas interprétée comme du HTML.","return jsonify({""username"": username})","0","python",".py"
"debug_scenario_06","debug","CWE-489","Configuration debug activée","Le mode debug est explicitement activé dans la configuration.","DEBUG = True","1","python",".py"
"secret_scenario_10","secret","CWE-798","Secret dans un en-tête","Un secret d'authentification est écrit directement dans le code.","headers = {""Authorization"": ""Bearer SECRET_TOKEN""}","1","python",".py"
"debug_scenario_07","debug","CWE-489","Django DEBUG activé","Le paramètre DEBUG est activé dans une configuration de production.","DEBUG = True","1","python",".py"
"secret_scenario_01","secret","CWE-798","Configuration externe","Les informations sensibles sont fournies par une configuration externe.","token = config.get_secret(""TOKEN"")","0","python",".py"
"debug_scenario_06","debug","CWE-489","Configuration sécurisée","La configuration de production désactive les informations de debug.","app.config.update(DEBUG=False)","0","python",".py"
"cmdi_scenario_07","cmdi","CWE-78","Validation avant exécution","L'entrée est validée puis passée comme argument séparé.","subprocess.run([""ping"", validated_host], shell=False)","0","python",".py"
"secret_scenario_04","secret","CWE-798","Token codé en dur","Un token d'accès est présent dans le programme.","TOKEN = ""ghp_123456789abcdef""","1","python",".py"
"debug_scenario_04","debug","CWE-489","Configuration debug activée","Le mode debug est explicitement activé dans la configuration.","DEBUG = True","1","python",".py"
"xss_scenario_03","xss","CWE-79","Donnée retournée en JSON","La donnée n'est pas interprétée comme du HTML.","return jsonify({""username"": username})","0","python",".py"
"deserialize_scenario_06","deserialize","CWE-502","Validation de schéma","Les données sont validées selon un schéma avant utilisation.","data = UserSchema.model_validate(request.json)","0","python",".py"
"debug_scenario_08","debug","CWE-489","Mode debug forcé","Le programme force le mode debug au lieu d'utiliser une configuration sûre.","app.config[""DEBUG""] = True","1","python",".py"
"deserialize_scenario_01","deserialize","CWE-502","Désérialisation Pickle","Des données non fiables sont désérialisées avec pickle.","obj = pickle.loads(user_data)","1","python",".py"
"deserialize_scenario_01","deserialize","CWE-502","YAML sécurisé","SafeLoader empêche l'utilisation de constructions dangereuses.","data = yaml.safe_load(user_input)","0","python",".py"
"cmdi_scenario_06","cmdi","CWE-78","Commande contrôlée par liste blanche","Seules des valeurs autorisées peuvent être utilisées comme argument.","if host in ALLOWED_HOSTS: subprocess.run([""ping"", host])","0","python",".py"
"pathtraver_scenario_03","pathtraver","CWE-22","Téléchargement contrôlé par utilisateur","Le chemin demandé est utilisé sans vérification de confinement.","return send_file(""/data/"" + requested_file)","1","python",".py"
"sqli_scenario_03","sqli","CWE-89","SQL construit avec format","La requête SQL utilise une valeur utilisateur sans paramétrage.","query = ""SELECT * FROM products WHERE name = '{}'"".format(product)","1","python",".py"
"deserialize_scenario_02","deserialize","CWE-502","YAML non sécurisé","yaml.load est utilisé sans chargeur sécurisé.","data = yaml.load(user_input)","1","python",".py"
"pathtraver_scenario_10","pathtraver","CWE-22","Chemin construit avec une entrée utilisateur","Une entrée externe influence directement le chemin d'accès.","path = os.path.join(""/uploads"", filename); open(path)","1","python",".py"
"deserialize_scenario_06","deserialize","CWE-502","YAML sécurisé","SafeLoader empêche l'utilisation de constructions dangereuses.","data = yaml.safe_load(user_input)","0","python",".py"
"secret_scenario_03","secret","CWE-798","Configuration externe","Les informations sensibles sont fournies par une configuration externe.","token = config.get_secret(""TOKEN"")","0","python",".py"
"sqli_scenario_09","sqli","CWE-89","SQL construit avec une f-string","Une donnée contrôlée par l'utilisateur est directement incorporée dans une requête SQL.","query = f""SELECT * FROM users WHERE id = {user_id}""","1","python",".py"
"secret_scenario_09","secret","CWE-798","Clé API récupérée depuis l'environnement","La clé est stockée hors du code source.","API_KEY = os.getenv(""API_KEY"")","0","python",".py"
"sqli_scenario_08","sqli","CWE-89","Requête SQL avec paramètres nommés","La requête utilise des paramètres nommés au lieu de concaténer les entrées.","cursor.execute(""SELECT * FROM users WHERE id = :id"", {""id"": user_id})","0","python",".py"
"crypto_scenario_01","crypto","CWE-327","SHA-256","Une fonction de hachage moderne est utilisée.","digest = hashlib.sha256(data).hexdigest()","0","python",".py"
"cmdi_scenario_09","cmdi","CWE-78","Commande construite dynamiquement","Une valeur utilisateur est concaténée à une commande système.","subprocess.Popen(""cat "" + filename, shell=True)","1","python",".py"
"debug_scenario_06","debug","CWE-489","Mode debug forcé","Le programme force le mode debug au lieu d'utiliser une configuration sûre.","app.config[""DEBUG""] = True","1","python",".py"
"xss_scenario_04","xss","CWE-79","HTML construit avec une entrée utilisateur","Une entrée utilisateur est directement insérée dans une réponse HTML.","return ""<h1>Bonjour "" + username + ""</h1>""","1","python",".py"
"debug_scenario_07","debug","CWE-489","Application sans debug","L'application est démarrée sans mode debug.","app.run()","0","python",".py"
"pathtraver_scenario_05","pathtraver","CWE-22","Téléchargement contrôlé par utilisateur","Le chemin demandé est utilisé sans vérification de confinement.","return send_file(""/data/"" + requested_file)","1","python",".py"
"sqli_scenario_05","sqli","CWE-89","Requête SQL avec paramètres nommés","La requête utilise des paramètres nommés au lieu de concaténer les entrées.","cursor.execute(""SELECT * FROM users WHERE id = :id"", {""id"": user_id})","0","python",".py"
"debug_scenario_01","debug","CWE-489","Configuration sécurisée","La configuration de production désactive les informations de debug.","app.config.update(DEBUG=False)","0","python",".py"
"secret_scenario_06","secret","CWE-798","Mot de passe codé en dur","Un mot de passe est stocké directement dans le code.","DB_PASSWORD = ""AdminPassword123""","1","python",".py"
"pathtraver_scenario_05","pathtraver","CWE-22","Fichier contrôlé par utilisateur","Un nom de fichier fourni par l'utilisateur est utilisé directement.","with open(""/var/www/files/"" + filename) as f:","1","python",".py"
"debug_scenario_05","debug","CWE-489","Debug contrôlé par environnement","Le mode debug est désactivé par défaut.","DEBUG = os.getenv(""DEBUG"", ""false"").lower() == ""true""","0","python",".py"
"crypto_scenario_07","crypto","CWE-327","Algorithme DES obsolète","Un algorithme cryptographique ancien est utilisé.","cipher = DES.new(key, DES.MODE_ECB)","1","python",".py"
"xss_scenario_06","xss","CWE-79","Donnée retournée en JSON","La donnée n'est pas interprétée comme du HTML.","return jsonify({""username"": username})","0","python",".py"
"xss_scenario_01","xss","CWE-79","HTML construit avec une entrée utilisateur","Une entrée utilisateur est directement insérée dans une réponse HTML.","return ""<h1>Bonjour "" + username + ""</h1>""","1","python",".py"
"sqli_scenario_02","sqli","CWE-89","Construction SQL par concaténation","Une entrée utilisateur est concaténée directement dans une requête SQL.","query = ""SELECT * FROM users WHERE name = '"" + username + ""'""","1","python",".py"
"cmdi_scenario_08","cmdi","CWE-78","Commande construite dynamiquement","Une valeur utilisateur est concaténée à une commande système.","subprocess.Popen(""cat "" + filename, shell=True)","1","python",".py"
"sqli_scenario_08","sqli","CWE-89","SQL construit avec format","La requête SQL utilise une valeur utilisateur sans paramétrage.","query = ""SELECT * FROM products WHERE name = '{}'"".format(product)","1","python",".py"
"cmdi_scenario_02","cmdi","CWE-78","Commande exécutée avec une liste d'arguments","Les arguments sont séparés et le shell n'est pas utilisé.","subprocess.run([""ping"", ""-c"", ""1"", host], shell=False)","0","python",".py"
"cmdi_scenario_05","cmdi","CWE-78","Validation avant exécution","L'entrée est validée puis passée comme argument séparé.","subprocess.run([""ping"", validated_host], shell=False)","0","python",".py"
"crypto_scenario_06","crypto","CWE-327","SHA-256","Une fonction de hachage moderne est utilisée.","digest = hashlib.sha256(data).hexdigest()","0","python",".py"
"debug_scenario_02","debug","CWE-489","Configuration debug activée","Le mode debug est explicitement activé dans la configuration.","DEBUG = True","1","python",".py"
"cmdi_scenario_02","cmdi","CWE-78","Commande système avec shell=True","Une entrée utilisateur influence une commande exécutée par le shell.","subprocess.check_output(""ping "" + host, shell=True)","1","python",".py"
"xss_scenario_03","xss","CWE-79","HTML construit avec une entrée utilisateur","Une entrée utilisateur est directement insérée dans une réponse HTML.","return ""<h1>Bonjour "" + username + ""</h1>""","1","python",".py"
"crypto_scenario_03","crypto","CWE-327","Utilisation de MD5","MD5 est utilisé pour une opération cryptographique sensible.","digest = hashlib.md5(password.encode()).hexdigest()","1","python",".py"
"crypto_scenario_10","crypto","CWE-327","Mode ECB","Le mode ECB ne protège pas correctement les motifs des données.","cipher = AES.new(key, AES.MODE_ECB)","1","python",".py"
"pathtraver_scenario_02","pathtraver","CWE-22","Vérification du chemin réel","Le chemin est vérifié avant l'accès au fichier.","path = os.path.realpath(os.path.join(BASE_DIR, filename))","0","python",".py"
"secret_scenario_02","secret","CWE-798","Mot de passe codé en dur","Un mot de passe est stocké directement dans le code.","DB_PASSWORD = ""AdminPassword123""","1","python",".py"
"deserialize_scenario_08","deserialize","CWE-502","Données externes désérialisées","Des données externes sont chargées avec un mécanisme dangereux.","obj = marshal.loads(request.data)","1","python",".py"
"secret_scenario_03","secret","CWE-798","Secret dans un en-tête","Un secret d'authentification est écrit directement dans le code.","headers = {""Authorization"": ""Bearer SECRET_TOKEN""}","1","python",".py"
"xss_scenario_05","xss","CWE-79","Contenu traité avant rendu","La donnée est nettoyée avant son utilisation dans la réponse.","safe_name = escape(username)","0","python",".py"
"debug_scenario_03","debug","CWE-489","Configuration production","Le mode debug est désactivé.","app.run(debug=False)","0","python",".py"
"debug_scenario_02","debug","CWE-489","Application sans debug","L'application est démarrée sans mode debug.","app.run()","0","python",".py"
"xss_scenario_09","xss","CWE-79","Réponse HTML non échappée","La réponse contient directement une donnée provenant de la requête.","return ""<script>"" + value + ""</script>""","1","python",".py"
"debug_scenario_02","debug","CWE-489","Configuration sécurisée","La configuration de production désactive les informations de debug.","app.config.update(DEBUG=False)","0","python",".py"
"pathtraver_scenario_07","pathtraver","CWE-22","Fichier sélectionné depuis une liste autorisée","Le fichier est choisi parmi des ressources connues.","path = ALLOWED_FILES[file_id]","0","python",".py"
"deserialize_scenario_10","deserialize","CWE-502","Pickle depuis un fichier","Un fichier potentiellement non fiable est chargé avec pickle.","obj = pickle.load(open(filename, ""rb""))","1","python",".py"
"secret_scenario_06","secret","CWE-798","Token codé en dur","Un token d'accès est présent dans le programme.","TOKEN = ""ghp_123456789abcdef""","1","python",".py"
"crypto_scenario_05","crypto","CWE-327","Algorithme DES obsolète","Un algorithme cryptographique ancien est utilisé.","cipher = DES.new(key, DES.MODE_ECB)","1","python",".py"
"secret_scenario_06","secret","CWE-798","Clé API récupérée depuis l'environnement","La clé est stockée hors du code source.","API_KEY = os.getenv(""API_KEY"")","0","python",".py"
"xss_scenario_01","xss","CWE-79","Contenu utilisateur rendu sans échappement","Le contenu utilisateur est marqué comme HTML sûr sans échappement.","return render_template_string(""<p>{{ content|safe }}</p>"", content=comment)","1","python",".py"
"pathtraver_scenario_01","pathtraver","CWE-22","Fichier contrôlé par utilisateur","Un nom de fichier fourni par l'utilisateur est utilisé directement.","with open(""/var/www/files/"" + filename) as f:","1","python",".py"
"debug_scenario_06","debug","CWE-489","Debug contrôlé par environnement","Le mode debug est désactivé par défaut.","DEBUG = os.getenv(""DEBUG"", ""false"").lower() == ""true""","0","python",".py"
"sqli_scenario_03","sqli","CWE-89","Requête SQL avec paramètres nommés","La requête utilise des paramètres nommés au lieu de concaténer les entrées.","cursor.execute(""SELECT * FROM users WHERE id = :id"", {""id"": user_id})","0","python",".py"
"sqli_scenario_05","sqli","CWE-89","Requête SQL avec valeur constante","La requête ne contient aucune donnée contrôlée par l'utilisateur.","cursor.execute(""SELECT * FROM users WHERE active = 1"")","0","python",".py"
"cmdi_scenario_03","cmdi","CWE-78","Utilisation de os.system","Une commande contenant une entrée externe est exécutée directement.","os.system(""ping "" + hostname)","1","python",".py"
"xss_scenario_10","xss","CWE-79","Réponse HTML non échappée","La réponse contient directement une donnée provenant de la requête.","return ""<script>"" + value + ""</script>""","1","python",".py"
"cmdi_scenario_08","cmdi","CWE-78","Validation avant exécution","L'entrée est validée puis passée comme argument séparé.","subprocess.run([""ping"", validated_host], shell=False)","0","python",".py"
"crypto_scenario_01","crypto","CWE-327","Mode ECB","Le mode ECB ne protège pas correctement les motifs des données.","cipher = AES.new(key, AES.MODE_ECB)","1","python",".py"
"debug_scenario_06","debug","CWE-489","Django DEBUG activé","Le paramètre DEBUG est activé dans une configuration de production.","DEBUG = True","1","python",".py"
"cmdi_scenario_04","cmdi","CWE-78","Commande exécutée avec une liste d'arguments","Les arguments sont séparés et le shell n'est pas utilisé.","subprocess.run([""ping"", ""-c"", ""1"", host], shell=False)","0","python",".py"
"deserialize_scenario_09","deserialize","CWE-502","Désérialisation Pickle","Des données non fiables sont désérialisées avec pickle.","obj = pickle.loads(user_data)","1","python",".py"
"sqli_scenario_08","sqli","CWE-89","SQL avec formatage percent","Une valeur utilisateur est injectée dans une chaîne SQL.","query = ""SELECT * FROM accounts WHERE email = '%s'"" % email","1","python",".py"
"xss_scenario_06","xss","CWE-79","Échappement explicite du contenu","Le contenu utilisateur est échappé avant son insertion dans la réponse.","return ""<h1>"" + html.escape(username) + ""</h1>""","0","python",".py"
"deserialize_scenario_05","deserialize","CWE-502","YAML sécurisé","SafeLoader empêche l'utilisation de constructions dangereuses.","data = yaml.safe_load(user_input)","0","python",".py"
"secret_scenario_01","secret","CWE-798","Secret récupéré depuis un gestionnaire","L'application utilise un gestionnaire de secrets.","password = secrets_manager.get(""database/password"")","0","python",".py"
"sqli_scenario_09","sqli","CWE-89","Construction SQL par concaténation","Une entrée utilisateur est concaténée directement dans une requête SQL.","query = ""SELECT * FROM users WHERE name = '"" + username + ""'""","1","python",".py"
"deserialize_scenario_04","deserialize","CWE-502","YAML non sécurisé","yaml.load est utilisé sans chargeur sécurisé.","data = yaml.load(user_input)","1","python",".py"
"sqli_scenario_10","sqli","CWE-89","SQL construit avec une f-string","Une donnée contrôlée par l'utilisateur est directement incorporée dans une requête SQL.","query = f""SELECT * FROM users WHERE id = {user_id}""","1","python",".py"
"deserialize_scenario_07","deserialize","CWE-502","Pickle depuis un fichier","Un fichier potentiellement non fiable est chargé avec pickle.","obj = pickle.load(open(filename, ""rb""))","1","python",".py"
"sqli_scenario_05","sqli","CWE-89","Requête SQL paramétrée","La valeur utilisateur est transmise comme paramètre séparé.","cursor.execute(""SELECT * FROM users WHERE name = ?"", (username,))","0","python",".py"
"secret_scenario_08","secret","CWE-798","Clé API récupérée depuis l'environnement","La clé est stockée hors du code source.","API_KEY = os.getenv(""API_KEY"")","0","python",".py"
"pathtraver_scenario_07","pathtraver","CWE-22","Téléchargement contrôlé par utilisateur","Le chemin demandé est utilisé sans vérification de confinement.","return send_file(""/data/"" + requested_file)","1","python",".py"
"cmdi_scenario_09","cmdi","CWE-78","Commande système avec shell=True","Une entrée utilisateur influence une commande exécutée par le shell.","subprocess.check_output(""ping "" + host, shell=True)","1","python",".py"
"cmdi_scenario_09","cmdi","CWE-78","Utilisation de os.system","Une commande contenant une entrée externe est exécutée directement.","os.system(""ping "" + hostname)","1","python",".py"
"sqli_scenario_08","sqli","CWE-89","Requête SQL avec valeur constante","La requête ne contient aucune donnée contrôlée par l'utilisateur.","cursor.execute(""SELECT * FROM users WHERE active = 1"")","0","python",".py"
"debug_scenario_06","debug","CWE-489","Application sans debug","L'application est démarrée sans mode debug.","app.run()","0","python",".py"
"debug_scenario_07","debug","CWE-489","Mode debug forcé","Le programme force le mode debug au lieu d'utiliser une configuration sûre.","app.config[""DEBUG""] = True","1","python",".py"
"cmdi_scenario_05","cmdi","CWE-78","Commande exécutée avec une liste d'arguments","Les arguments sont séparés et le shell n'est pas utilisé.","subprocess.run([""ping"", ""-c"", ""1"", host], shell=False)","0","python",".py"
"sqli_scenario_01","sqli","CWE-89","Requête SQL avec valeur constante","La requête ne contient aucune donnée contrôlée par l'utilisateur.","cursor.execute(""SELECT * FROM users WHERE active = 1"")","0","python",".py"
"deserialize_scenario_04","deserialize","CWE-502","Pickle depuis un fichier","Un fichier potentiellement non fiable est chargé avec pickle.","obj = pickle.load(open(filename, ""rb""))","1","python",".py"
"deserialize_scenario_10","deserialize","CWE-502","Désérialisation Pickle","Des données non fiables sont désérialisées avec pickle.","obj = pickle.loads(user_data)","1","python",".py"
"sqli_scenario_06","sqli","CWE-89","Requête SQL avec paramètres nommés","La requête utilise des paramètres nommés au lieu de concaténer les entrées.","cursor.execute(""SELECT * FROM users WHERE id = :id"", {""id"": user_id})","0","python",".py"
"crypto_scenario_09","crypto","CWE-327","AES-GCM","AES-GCM est utilisé comme mode de chiffrement authentifié.","cipher = AES.new(key, AES.MODE_GCM)","0","python",".py"
"crypto_scenario_09","crypto","CWE-327","SHA-256","Une fonction de hachage moderne est utilisée.","digest = hashlib.sha256(data).hexdigest()","0","python",".py"
"debug_scenario_08","debug","CWE-489","Django DEBUG activé","Le paramètre DEBUG est activé dans une configuration de production.","DEBUG = True","1","python",".py"
"crypto_scenario_02","crypto","CWE-327","SHA-256","Une fonction de hachage moderne est utilisée.","digest = hashlib.sha256(data).hexdigest()","0","python",".py"
"deserialize_scenario_01","deserialize","CWE-502","Données primitives","L'application utilise uniquement des données primitives validées.","value = int(request.args[""id""])","0","python",".py"
"deserialize_scenario_09","deserialize","CWE-502","Désérialisation JSON","JSON est utilisé pour traiter des données structurées sans exécution de code.","data = json.loads(request.data)","0","python",".py"
"crypto_scenario_05","crypto","CWE-327","Utilisation de SHA-1","SHA-1 est utilisé dans un contexte où une fonction moderne est nécessaire.","digest = hashlib.sha1(data).hexdigest()","1","python",".py"
"pathtraver_scenario_06","pathtraver","CWE-22","Utilisation du nom de base","Le chemin fourni est réduit à un nom de fichier simple.","filename = os.path.basename(user_filename)","0","python",".py"
"xss_scenario_05","xss","CWE-79","HTML construit avec une entrée utilisateur","Une entrée utilisateur est directement insérée dans une réponse HTML.","return ""<h1>Bonjour "" + username + ""</h1>""","1","python",".py"
"deserialize_scenario_06","deserialize","CWE-502","Désérialisation JSON","JSON est utilisé pour traiter des données structurées sans exécution de code.","data = json.loads(request.data)","0","python",".py"
"debug_scenario_10","debug","CWE-489","Application sans debug","L'application est démarrée sans mode debug.","app.run()","0","python",".py"
"deserialize_scenario_05","deserialize","CWE-502","Pickle depuis un fichier","Un fichier potentiellement non fiable est chargé avec pickle.","obj = pickle.load(open(filename, ""rb""))","1","python",".py"
"sqli_scenario_09","sqli","CWE-89","Utilisation sécurisée d'un ORM","La recherche est effectuée via une API ORM sans construction manuelle de SQL.","user = User.query.filter_by(name=username).first()","0","python",".py"
"secret_scenario_07","secret","CWE-798","Secret dans un en-tête","Un secret d'authentification est écrit directement dans le code.","headers = {""Authorization"": ""Bearer SECRET_TOKEN""}","1","python",".py"
"crypto_scenario_07","crypto","CWE-327","Mode ECB","Le mode ECB ne protège pas correctement les motifs des données.","cipher = AES.new(key, AES.MODE_ECB)","1","python",".py"
"crypto_scenario_07","crypto","CWE-327","Utilisation de SHA-1","SHA-1 est utilisé dans un contexte où une fonction moderne est nécessaire.","digest = hashlib.sha1(data).hexdigest()","1","python",".py"
"deserialize_scenario_03","deserialize","CWE-502","Données primitives","L'application utilise uniquement des données primitives validées.","value = int(request.args[""id""])","0","python",".py"
"cmdi_scenario_01","cmdi","CWE-78","Commande exécutée dynamiquement","Une entrée externe est utilisée dans une opération d'exécution dynamique.","eval(user_expression)","1","python",".py"
"deserialize_scenario_01","deserialize","CWE-502","Désérialisation JSON","JSON est utilisé pour traiter des données structurées sans exécution de code.","data = json.loads(request.data)","0","python",".py"
"cmdi_scenario_05","cmdi","CWE-78","Commande système constante","La commande ne dépend d'aucune entrée utilisateur.","subprocess.run([""whoami""], check=True)","0","python",".py"
"xss_scenario_10","xss","CWE-79","Donnée retournée en JSON","La donnée n'est pas interprétée comme du HTML.","return jsonify({""username"": username})","0","python",".py"
"pathtraver_scenario_03","pathtraver","CWE-22","Fichier contrôlé par utilisateur","Un nom de fichier fourni par l'utilisateur est utilisé directement.","with open(""/var/www/files/"" + filename) as f:","1","python",".py"
"deserialize_scenario_02","deserialize","CWE-502","Désérialisation Pickle","Des données non fiables sont désérialisées avec pickle.","obj = pickle.loads(user_data)","1","python",".py"
"sqli_scenario_07","sqli","CWE-89","SQL avec formatage percent","Une valeur utilisateur est injectée dans une chaîne SQL.","query = ""SELECT * FROM accounts WHERE email = '%s'"" % email","1","python",".py"
"deserialize_scenario_06","deserialize","CWE-502","Données primitives","L'application utilise uniquement des données primitives validées.","value = int(request.args[""id""])","0","python",".py"
"deserialize_scenario_06","deserialize","CWE-502","Désérialisation Pickle","Des données non fiables sont désérialisées avec pickle.","obj = pickle.loads(user_data)","1","python",".py"
"pathtraver_scenario_09","pathtraver","CWE-22","Utilisation du nom de base","Le chemin fourni est réduit à un nom de fichier simple.","filename = os.path.basename(user_filename)","0","python",".py"
"crypto_scenario_03","crypto","CWE-327","Algorithme DES obsolète","Un algorithme cryptographique ancien est utilisé.","cipher = DES.new(key, DES.MODE_ECB)","1","python",".py"
"debug_scenario_04","debug","CWE-489","Application sans debug","L'application est démarrée sans mode debug.","app.run()","0","python",".py"
"cmdi_scenario_02","cmdi","CWE-78","Commande contrôlée par liste blanche","Seules des valeurs autorisées peuvent être utilisées comme argument.","if host in ALLOWED_HOSTS: subprocess.run([""ping"", host])","0","python",".py"
"sqli_scenario_01","sqli","CWE-89","SQL avec formatage percent","Une valeur utilisateur est injectée dans une chaîne SQL.","query = ""SELECT * FROM accounts WHERE email = '%s'"" % email","1","python",".py"
"deserialize_scenario_07","deserialize","CWE-502","Données primitives","L'application utilise uniquement des données primitives validées.","value = int(request.args[""id""])","0","python",".py"
"xss_scenario_07","xss","CWE-79","Contenu traité avant rendu","La donnée est nettoyée avant son utilisation dans la réponse.","safe_name = escape(username)","0","python",".py"
"debug_scenario_07","debug","CWE-489","Configuration debug activée","Le mode debug est explicitement activé dans la configuration.","DEBUG = True","1","python",".py"
"xss_scenario_03","xss","CWE-79","Échappement explicite du contenu","Le contenu utilisateur est échappé avant son insertion dans la réponse.","return ""<h1>"" + html.escape(username) + ""</h1>""","0","python",".py"
"cmdi_scenario_05","cmdi","CWE-78","Commande contrôlée par liste blanche","Seules des valeurs autorisées peuvent être utilisées comme argument.","if host in ALLOWED_HOSTS: subprocess.run([""ping"", host])","0","python",".py"
"deserialize_scenario_04","deserialize","CWE-502","Désérialisation JSON","JSON est utilisé pour traiter des données structurées sans exécution de code.","data = json.loads(request.data)","0","python",".py"
"crypto_scenario_10","crypto","CWE-327","Fernet","Fernet fournit une primitive de chiffrement authentifié adaptée aux données.","token = Fernet(key).encrypt(data)","0","python",".py"
"debug_scenario_04","debug","CWE-489","Configuration sécurisée","La configuration de production désactive les informations de debug.","app.config.update(DEBUG=False)","0","python",".py"
"pathtraver_scenario_10","pathtraver","CWE-22","Vérification du chemin réel","Le chemin est vérifié avant l'accès au fichier.","path = os.path.realpath(os.path.join(BASE_DIR, filename))","0","python",".py"
"sqli_scenario_03","sqli","CWE-89","Requête SQL avec valeur constante","La requête ne contient aucune donnée contrôlée par l'utilisateur.","cursor.execute(""SELECT * FROM users WHERE active = 1"")","0","python",".py"
"crypto_scenario_06","crypto","CWE-327","Utilisation de MD5","MD5 est utilisé pour une opération cryptographique sensible.","digest = hashlib.md5(password.encode()).hexdigest()","1","python",".py"
"sqli_scenario_02","sqli","CWE-89","Requête SQL avec valeur constante","La requête ne contient aucune donnée contrôlée par l'utilisateur.","cursor.execute(""SELECT * FROM users WHERE active = 1"")","0","python",".py"
"crypto_scenario_01","crypto","CWE-327","Utilisation de SHA-1","SHA-1 est utilisé dans un contexte où une fonction moderne est nécessaire.","digest = hashlib.sha1(data).hexdigest()","1","python",".py"
"secret_scenario_03","secret","CWE-798","Secret récupéré depuis un gestionnaire","L'application utilise un gestionnaire de secrets.","password = secrets_manager.get(""database/password"")","0","python",".py"
"crypto_scenario_08","crypto","CWE-327","AES-GCM","AES-GCM est utilisé comme mode de chiffrement authentifié.","cipher = AES.new(key, AES.MODE_GCM)","0","python",".py"
"xss_scenario_03","xss","CWE-79","Template avec échappement automatique","Le moteur de template effectue l'échappement de la variable.","return render_template(""profile.html"", username=username)","0","python",".py"
"pathtraver_scenario_01","pathtraver","CWE-22","Identifiant interne utilisé pour le fichier","L'utilisateur fournit un identifiant et non un chemin arbitraire.","path = storage.get_path(document_id)","0","python",".py"
"crypto_scenario_03","crypto","CWE-327","Bcrypt pour mot de passe","Bcrypt est utilisé pour le stockage sécurisé des mots de passe.","password_hash = bcrypt.hashpw(password, bcrypt.gensalt())","0","python",".py"
"sqli_scenario_10","sqli","CWE-89","Requête SQL paramétrée","La valeur utilisateur est transmise comme paramètre séparé.","cursor.execute(""SELECT * FROM users WHERE name = ?"", (username,))","0","python",".py"
"xss_scenario_06","xss","CWE-79","Template avec échappement automatique","Le moteur de template effectue l'échappement de la variable.","return render_template(""profile.html"", username=username)","0","python",".py"
"cmdi_scenario_03","cmdi","CWE-78","Commande exécutée dynamiquement","Une entrée externe est utilisée dans une opération d'exécution dynamique.","eval(user_expression)","1","python",".py"
"xss_scenario_04","xss","CWE-79","Template avec échappement automatique","Le moteur de template effectue l'échappement de la variable.","return render_template(""profile.html"", username=username)","0","python",".py"
"pathtraver_scenario_07","pathtraver","CWE-22","Extraction d'archive non contrôlée","Les chemins contenus dans une archive sont extraits sans validation.","archive.extractall(""/tmp/uploads"")","1","python",".py"
"deserialize_scenario_05","deserialize","CWE-502","YAML non sécurisé","yaml.load est utilisé sans chargeur sécurisé.","data = yaml.load(user_input)","1","python",".py"
"secret_scenario_02","secret","CWE-798","Secret dans un en-tête","Un secret d'authentification est écrit directement dans le code.","headers = {""Authorization"": ""Bearer SECRET_TOKEN""}","1","python",".py"
"secret_scenario_08","secret","CWE-798","Mot de passe codé en dur","Un mot de passe est stocké directement dans le code.","DB_PASSWORD = ""AdminPassword123""","1","python",".py"
"debug_scenario_08","debug","CWE-489","Flask en mode debug","L'application Flask est exécutée avec le mode debug activé.","app.run(debug=True)","1","python",".py"
"deserialize_scenario_09","deserialize","CWE-502","Données primitives","L'application utilise uniquement des données primitives validées.","value = int(request.args[""id""])","0","python",".py"
"deserialize_scenario_03","deserialize","CWE-502","Validation de schéma","Les données sont validées selon un schéma avant utilisation.","data = UserSchema.model_validate(request.json)","0","python",".py"
"secret_scenario_07","secret","CWE-798","Clé API codée en dur","Une clé API est directement présente dans le code source.","API_KEY = ""sk_live_123456789""","1","python",".py"
"cmdi_scenario_03","cmdi","CWE-78","Commande système avec shell=True","Une entrée utilisateur influence une commande exécutée par le shell.","subprocess.check_output(""ping "" + host, shell=True)","1","python",".py"
"crypto_scenario_07","crypto","CWE-327","Utilisation de MD5","MD5 est utilisé pour une opération cryptographique sensible.","digest = hashlib.md5(password.encode()).hexdigest()","1","python",".py"
"pathtraver_scenario_04","pathtraver","CWE-22","Extraction d'archive non contrôlée","Les chemins contenus dans une archive sont extraits sans validation.","archive.extractall(""/tmp/uploads"")","1","python",".py"
"secret_scenario_05","secret","CWE-798","Clé API récupérée depuis l'environnement","La clé est stockée hors du code source.","API_KEY = os.getenv(""API_KEY"")","0","python",".py"
"deserialize_scenario_10","deserialize","CWE-502","YAML sécurisé","SafeLoader empêche l'utilisation de constructions dangereuses.","data = yaml.safe_load(user_input)","0","python",".py"
"xss_scenario_02","xss","CWE-79","HTML construit avec une f-string","Une donnée externe est directement incorporée dans du HTML.","html = f""<div>{comment}</div>""","1","python",".py"
"debug_scenario_01","debug","CWE-489","Application sans debug","L'application est démarrée sans mode debug.","app.run()","0","python",".py"
"deserialize_scenario_02","deserialize","CWE-502","Validation de schéma","Les données sont validées selon un schéma avant utilisation.","data = UserSchema.model_validate(request.json)","0","python",".py"
"pathtraver_scenario_09","pathtraver","CWE-22","Identifiant interne utilisé pour le fichier","L'utilisateur fournit un identifiant et non un chemin arbitraire.","path = storage.get_path(document_id)","0","python",".py"
"xss_scenario_02","xss","CWE-79","Donnée retournée en JSON","La donnée n'est pas interprétée comme du HTML.","return jsonify({""username"": username})","0","python",".py"
"debug_scenario_03","debug","CWE-489","Application sans debug","L'application est démarrée sans mode debug.","app.run()","0","python",".py"
"debug_scenario_02","debug","CWE-489","Mode debug forcé","Le programme force le mode debug au lieu d'utiliser une configuration sûre.","app.config[""DEBUG""] = True","1","python",".py"
"sqli_scenario_02","sqli","CWE-89","SQL construit avec format","La requête SQL utilise une valeur utilisateur sans paramétrage.","query = ""SELECT * FROM products WHERE name = '{}'"".format(product)","1","python",".py"
"debug_scenario_08","debug","CWE-489","Application sans debug","L'application est démarrée sans mode debug.","app.run()","0","python",".py"
"sqli_scenario_06","sqli","CWE-89","SQL construit avec une f-string","Une donnée contrôlée par l'utilisateur est directement incorporée dans une requête SQL.","query = f""SELECT * FROM users WHERE id = {user_id}""","1","python",".py"
"sqli_scenario_02","sqli","CWE-89","Utilisation sécurisée d'un ORM","La recherche est effectuée via une API ORM sans construction manuelle de SQL.","user = User.query.filter_by(name=username).first()","0","python",".py"
"deserialize_scenario_04","deserialize","CWE-502","YAML sécurisé","SafeLoader empêche l'utilisation de constructions dangereuses.","data = yaml.safe_load(user_input)","0","python",".py"
"debug_scenario_02","debug","CWE-489","Django DEBUG activé","Le paramètre DEBUG est activé dans une configuration de production.","DEBUG = True","1","python",".py"
"cmdi_scenario_08","cmdi","CWE-78","Commande système constante","La commande ne dépend d'aucune entrée utilisateur.","subprocess.run([""whoami""], check=True)","0","python",".py"
"debug_scenario_09","debug","CWE-489","Django DEBUG activé","Le paramètre DEBUG est activé dans une configuration de production.","DEBUG = True","1","python",".py"
"secret_scenario_01","secret","CWE-798","Clé API codée en dur","Une clé API est directement présente dans le code source.","API_KEY = ""sk_live_123456789""","1","python",".py"
"pathtraver_scenario_06","pathtraver","CWE-22","Extraction d'archive non contrôlée","Les chemins contenus dans une archive sont extraits sans validation.","archive.extractall(""/tmp/uploads"")","1","python",".py"
"pathtraver_scenario_02","pathtraver","CWE-22","Fichier sélectionné depuis une liste autorisée","Le fichier est choisi parmi des ressources connues.","path = ALLOWED_FILES[file_id]","0","python",".py"
"pathtraver_scenario_05","pathtraver","CWE-22","Chemin construit avec une entrée utilisateur","Une entrée externe influence directement le chemin d'accès.","path = os.path.join(""/uploads"", filename); open(path)","1","python",".py"
"pathtraver_scenario_03","pathtraver","CWE-22","Vérification du chemin réel","Le chemin est vérifié avant l'accès au fichier.","path = os.path.realpath(os.path.join(BASE_DIR, filename))","0","python",".py"
"xss_scenario_08","xss","CWE-79","Contenu traité avant rendu","La donnée est nettoyée avant son utilisation dans la réponse.","safe_name = escape(username)","0","python",".py"
"cmdi_scenario_06","cmdi","CWE-78","Commande système constante","La commande ne dépend d'aucune entrée utilisateur.","subprocess.run([""whoami""], check=True)","0","python",".py"
"secret_scenario_04","secret","CWE-798","Mot de passe codé en dur","Un mot de passe est stocké directement dans le code.","DB_PASSWORD = ""AdminPassword123""","1","python",".py"
"cmdi_scenario_10","cmdi","CWE-78","Commande exécutée dynamiquement","Une entrée externe est utilisée dans une opération d'exécution dynamique.","eval(user_expression)","1","python",".py"
"deserialize_scenario_07","deserialize","CWE-502","Données externes désérialisées","Des données externes sont chargées avec un mécanisme dangereux.","obj = marshal.loads(request.data)","1","python",".py"
"deserialize_scenario_05","deserialize","CWE-502","Validation de schéma","Les données sont validées selon un schéma avant utilisation.","data = UserSchema.model_validate(request.json)","0","python",".py"
"secret_scenario_03","secret","CWE-798","Mot de passe codé en dur","Un mot de passe est stocké directement dans le code.","DB_PASSWORD = ""AdminPassword123""","1","python",".py"
"xss_scenario_10","xss","CWE-79","Contenu utilisateur rendu sans échappement","Le contenu utilisateur est marqué comme HTML sûr sans échappement.","return render_template_string(""<p>{{ content|safe }}</p>"", content=comment)","1","python",".py"
"xss_scenario_01","xss","CWE-79","HTML construit avec une f-string","Une donnée externe est directement incorporée dans du HTML.","html = f""<div>{comment}</div>""","1","python",".py"
"deserialize_scenario_09","deserialize","CWE-502","Données externes désérialisées","Des données externes sont chargées avec un mécanisme dangereux.","obj = marshal.loads(request.data)","1","python",".py"
"pathtraver_scenario_08","pathtraver","CWE-22","Fichier sélectionné depuis une liste autorisée","Le fichier est choisi parmi des ressources connues.","path = ALLOWED_FILES[file_id]","0","python",".py"
"sqli_scenario_10","sqli","CWE-89","Requête SQL avec paramètres nommés","La requête utilise des paramètres nommés au lieu de concaténer les entrées.","cursor.execute(""SELECT * FROM users WHERE id = :id"", {""id"": user_id})","0","python",".py"
"xss_scenario_08","xss","CWE-79","HTML construit avec une f-string","Une donnée externe est directement incorporée dans du HTML.","html = f""<div>{comment}</div>""","1","python",".py"
"debug_scenario_05","debug","CWE-489","Configuration sécurisée","La configuration de production désactive les informations de debug.","app.config.update(DEBUG=False)","0","python",".py"
"deserialize_scenario_08","deserialize","CWE-502","YAML sécurisé","SafeLoader empêche l'utilisation de constructions dangereuses.","data = yaml.safe_load(user_input)","0","python",".py"
"deserialize_scenario_09","deserialize","CWE-502","YAML sécurisé","SafeLoader empêche l'utilisation de constructions dangereuses.","data = yaml.safe_load(user_input)","0","python",".py"
"crypto_scenario_03","crypto","CWE-327","Utilisation de SHA-1","SHA-1 est utilisé dans un contexte où une fonction moderne est nécessaire.","digest = hashlib.sha1(data).hexdigest()","1","python",".py"
"crypto_scenario_03","crypto","CWE-327","SHA-256","Une fonction de hachage moderne est utilisée.","digest = hashlib.sha256(data).hexdigest()","0","python",".py"
"xss_scenario_03","xss","CWE-79","Contenu traité avant rendu","La donnée est nettoyée avant son utilisation dans la réponse.","safe_name = escape(username)","0","python",".py"
"secret_scenario_01","secret","CWE-798","Secret dans un en-tête","Un secret d'authentification est écrit directement dans le code.","headers = {""Authorization"": ""Bearer SECRET_TOKEN""}","1","python",".py"
"xss_scenario_05","xss","CWE-79","Réponse HTML non échappée","La réponse contient directement une donnée provenant de la requête.","return ""<script>"" + value + ""</script>""","1","python",".py"
"sqli_scenario_05","sqli","CWE-89","SQL construit avec une f-string","Une donnée contrôlée par l'utilisateur est directement incorporée dans une requête SQL.","query = f""SELECT * FROM users WHERE id = {user_id}""","1","python",".py"
"deserialize_scenario_08","deserialize","CWE-502","Validation de schéma","Les données sont validées selon un schéma avant utilisation.","data = UserSchema.model_validate(request.json)","0","python",".py"
"deserialize_scenario_08","deserialize","CWE-502","Désérialisation Pickle","Des données non fiables sont désérialisées avec pickle.","obj = pickle.loads(user_data)","1","python",".py"
"xss_scenario_09","xss","CWE-79","HTML construit avec une entrée utilisateur","Une entrée utilisateur est directement insérée dans une réponse HTML.","return ""<h1>Bonjour "" + username + ""</h1>""","1","python",".py"
"debug_scenario_03","debug","CWE-489","Django DEBUG activé","Le paramètre DEBUG est activé dans une configuration de production.","DEBUG = True","1","python",".py"
"sqli_scenario_03","sqli","CWE-89","SQL avec formatage percent","Une valeur utilisateur est injectée dans une chaîne SQL.","query = ""SELECT * FROM accounts WHERE email = '%s'"" % email","1","python",".py"
"secret_scenario_08","secret","CWE-798","Secret dans un en-tête","Un secret d'authentification est écrit directement dans le code.","headers = {""Authorization"": ""Bearer SECRET_TOKEN""}","1","python",".py"
"secret_scenario_06","secret","CWE-798","Mot de passe récupéré depuis l'environnement","Le mot de passe n'est pas stocké directement dans le programme.","password = os.environ[""DB_PASSWORD""]","0","python",".py"
"pathtraver_scenario_09","pathtraver","CWE-22","Téléchargement contrôlé par utilisateur","Le chemin demandé est utilisé sans vérification de confinement.","return send_file(""/data/"" + requested_file)","1","python",".py"
"deserialize_scenario_02","deserialize","CWE-502","Données externes désérialisées","Des données externes sont chargées avec un mécanisme dangereux.","obj = marshal.loads(request.data)","1","python",".py"
"cmdi_scenario_07","cmdi","CWE-78","Commande contrôlée par liste blanche","Seules des valeurs autorisées peuvent être utilisées comme argument.","if host in ALLOWED_HOSTS: subprocess.run([""ping"", host])","0","python",".py"
"sqli_scenario_01","sqli","CWE-89","Requête SQL paramétrée","La valeur utilisateur est transmise comme paramètre séparé.","cursor.execute(""SELECT * FROM users WHERE name = ?"", (username,))","0","python",".py"
"debug_scenario_07","debug","CWE-489","Configuration production","Le mode debug est désactivé.","app.run(debug=False)","0","python",".py"
"sqli_scenario_05","sqli","CWE-89","Utilisation sécurisée d'un ORM","La recherche est effectuée via une API ORM sans construction manuelle de SQL.","user = User.query.filter_by(name=username).first()","0","python",".py"
"pathtraver_scenario_06","pathtraver","CWE-22","Fichier contrôlé par utilisateur","Un nom de fichier fourni par l'utilisateur est utilisé directement.","with open(""/var/www/files/"" + filename) as f:","1","python",".py"
"xss_scenario_02","xss","CWE-79","HTML construit avec une entrée utilisateur","Une entrée utilisateur est directement insérée dans une réponse HTML.","return ""<h1>Bonjour "" + username + ""</h1>""","1","python",".py"
"xss_scenario_06","xss","CWE-79","HTML construit avec une entrée utilisateur","Une entrée utilisateur est directement insérée dans une réponse HTML.","return ""<h1>Bonjour "" + username + ""</h1>""","1","python",".py"
"xss_scenario_01","xss","CWE-79","Échappement explicite du contenu","Le contenu utilisateur est échappé avant son insertion dans la réponse.","return ""<h1>"" + html.escape(username) + ""</h1>""","0","python",".py"
"debug_scenario_10","debug","CWE-489","Configuration production","Le mode debug est désactivé.","app.run(debug=False)","0","python",".py"
"xss_scenario_07","xss","CWE-79","Échappement explicite du contenu","Le contenu utilisateur est échappé avant son insertion dans la réponse.","return ""<h1>"" + html.escape(username) + ""</h1>""","0","python",".py"
"crypto_scenario_09","crypto","CWE-327","Utilisation de SHA-1","SHA-1 est utilisé dans un contexte où une fonction moderne est nécessaire.","digest = hashlib.sha1(data).hexdigest()","1","python",".py"
"secret_scenario_01","secret","CWE-798","Clé API récupérée depuis l'environnement","La clé est stockée hors du code source.","API_KEY = os.getenv(""API_KEY"")","0","python",".py"
"xss_scenario_04","xss","CWE-79","Contenu traité avant rendu","La donnée est nettoyée avant son utilisation dans la réponse.","safe_name = escape(username)","0","python",".py"
"sqli_scenario_07","sqli","CWE-89","Construction SQL par concaténation","Une entrée utilisateur est concaténée directement dans une requête SQL.","query = ""SELECT * FROM users WHERE name = '"" + username + ""'""","1","python",".py"
"debug_scenario_01","debug","CWE-489","Mode debug forcé","Le programme force le mode debug au lieu d'utiliser une configuration sûre.","app.config[""DEBUG""] = True","1","python",".py"
"sqli_scenario_04","sqli","CWE-89","Requête SQL avec paramètres nommés","La requête utilise des paramètres nommés au lieu de concaténer les entrées.","cursor.execute(""SELECT * FROM users WHERE id = :id"", {""id"": user_id})","0","python",".py"
"pathtraver_scenario_10","pathtraver","CWE-22","Extraction d'archive non contrôlée","Les chemins contenus dans une archive sont extraits sans validation.","archive.extractall(""/tmp/uploads"")","1","python",".py"
"crypto_scenario_10","crypto","CWE-327","SHA-256","Une fonction de hachage moderne est utilisée.","digest = hashlib.sha256(data).hexdigest()","0","python",".py"
"crypto_scenario_02","crypto","CWE-327","Mode ECB","Le mode ECB ne protège pas correctement les motifs des données.","cipher = AES.new(key, AES.MODE_ECB)","1","python",".py"
"deserialize_scenario_08","deserialize","CWE-502","Pickle depuis un fichier","Un fichier potentiellement non fiable est chargé avec pickle.","obj = pickle.load(open(filename, ""rb""))","1","python",".py"
"deserialize_scenario_05","deserialize","CWE-502","Données externes désérialisées","Des données externes sont chargées avec un mécanisme dangereux.","obj = marshal.loads(request.data)","1","python",".py"
"xss_scenario_10","xss","CWE-79","HTML construit avec une f-string","Une donnée externe est directement incorporée dans du HTML.","html = f""<div>{comment}</div>""","1","python",".py"
"cmdi_scenario_09","cmdi","CWE-78","Commande exécutée avec une liste d'arguments","Les arguments sont séparés et le shell n'est pas utilisé.","subprocess.run([""ping"", ""-c"", ""1"", host], shell=False)","0","python",".py"
"debug_scenario_01","debug","CWE-489","Configuration production","Le mode debug est désactivé.","app.run(debug=False)","0","python",".py"
"debug_scenario_08","debug","CWE-489","Debug contrôlé par environnement","Le mode debug est désactivé par défaut.","DEBUG = os.getenv(""DEBUG"", ""false"").lower() == ""true""","0","python",".py"
"debug_scenario_04","debug","CWE-489","Debug contrôlé par environnement","Le mode debug est désactivé par défaut.","DEBUG = os.getenv(""DEBUG"", ""false"").lower() == ""true""","0","python",".py"
"xss_scenario_05","xss","CWE-79","HTML construit avec une f-string","Une donnée externe est directement incorporée dans du HTML.","html = f""<div>{comment}</div>""","1","python",".py"
"pathtraver_scenario_10","pathtraver","CWE-22","Identifiant interne utilisé pour le fichier","L'utilisateur fournit un identifiant et non un chemin arbitraire.","path = storage.get_path(document_id)","0","python",".py"
"secret_scenario_10","secret","CWE-798","Mot de passe codé en dur","Un mot de passe est stocké directement dans le code.","DB_PASSWORD = ""AdminPassword123""","1","python",".py"
"pathtraver_scenario_09","pathtraver","CWE-22","Fichier sélectionné depuis une liste autorisée","Le fichier est choisi parmi des ressources connues.","path = ALLOWED_FILES[file_id]","0","python",".py"
"cmdi_scenario_07","cmdi","CWE-78","Commande exécutée avec une liste d'arguments","Les arguments sont séparés et le shell n'est pas utilisé.","subprocess.run([""ping"", ""-c"", ""1"", host], shell=False)","0","python",".py"
"pathtraver_scenario_06","pathtraver","CWE-22","Chemin construit avec une entrée utilisateur","Une entrée externe influence directement le chemin d'accès.","path = os.path.join(""/uploads"", filename); open(path)","1","python",".py"
"sqli_scenario_08","sqli","CWE-89","Requête SQL paramétrée","La valeur utilisateur est transmise comme paramètre séparé.","cursor.execute(""SELECT * FROM users WHERE name = ?"", (username,))","0","python",".py"
"xss_scenario_06","xss","CWE-79","Contenu traité avant rendu","La donnée est nettoyée avant son utilisation dans la réponse.","safe_name = escape(username)","0","python",".py"
"crypto_scenario_07","crypto","CWE-327","Fernet","Fernet fournit une primitive de chiffrement authentifié adaptée aux données.","token = Fernet(key).encrypt(data)","0","python",".py"
"xss_scenario_10","xss","CWE-79","HTML construit avec une entrée utilisateur","Une entrée utilisateur est directement insérée dans une réponse HTML.","return ""<h1>Bonjour "" + username + ""</h1>""","1","python",".py"
"pathtraver_scenario_07","pathtraver","CWE-22","Chemin construit avec une entrée utilisateur","Une entrée externe influence directement le chemin d'accès.","path = os.path.join(""/uploads"", filename); open(path)","1","python",".py"
"sqli_scenario_10","sqli","CWE-89","Requête SQL avec valeur constante","La requête ne contient aucune donnée contrôlée par l'utilisateur.","cursor.execute(""SELECT * FROM users WHERE active = 1"")","0","python",".py"
"debug_scenario_07","debug","CWE-489","Debug contrôlé par environnement","Le mode debug est désactivé par défaut.","DEBUG = os.getenv(""DEBUG"", ""false"").lower() == ""true""","0","python",".py"
"crypto_scenario_01","crypto","CWE-327","Fernet","Fernet fournit une primitive de chiffrement authentifié adaptée aux données.","token = Fernet(key).encrypt(data)","0","python",".py"
"secret_scenario_04","secret","CWE-798","Secret dans un en-tête","Un secret d'authentification est écrit directement dans le code.","headers = {""Authorization"": ""Bearer SECRET_TOKEN""}","1","python",".py"
"secret_scenario_01","secret","CWE-798","Mot de passe récupéré depuis l'environnement","Le mot de passe n'est pas stocké directement dans le programme.","password = os.environ[""DB_PASSWORD""]","0","python",".py"
"pathtraver_scenario_07","pathtraver","CWE-22","Identifiant interne utilisé pour le fichier","L'utilisateur fournit un identifiant et non un chemin arbitraire.","path = storage.get_path(document_id)","0","python",".py"
"sqli_scenario_05","sqli","CWE-89","Construction SQL par concaténation","Une entrée utilisateur est concaténée directement dans une requête SQL.","query = ""SELECT * FROM users WHERE name = '"" + username + ""'""","1","python",".py"
"secret_scenario_07","secret","CWE-798","Mot de passe récupéré depuis l'environnement","Le mot de passe n'est pas stocké directement dans le programme.","password = os.environ[""DB_PASSWORD""]","0","python",".py"
"cmdi_scenario_06","cmdi","CWE-78","Commande exécutée dynamiquement","Une entrée externe est utilisée dans une opération d'exécution dynamique.","eval(user_expression)","1","python",".py"
"sqli_scenario_05","sqli","CWE-89","SQL construit avec format","La requête SQL utilise une valeur utilisateur sans paramétrage.","query = ""SELECT * FROM products WHERE name = '{}'"".format(product)","1","python",".py"
"sqli_scenario_08","sqli","CWE-89","Utilisation sécurisée d'un ORM","La recherche est effectuée via une API ORM sans construction manuelle de SQL.","user = User.query.filter_by(name=username).first()","0","python",".py"
"debug_scenario_09","debug","CWE-489","Application sans debug","L'application est démarrée sans mode debug.","app.run()","0","python",".py"
"debug_scenario_09","debug","CWE-489","Configuration debug activée","Le mode debug est explicitement activé dans la configuration.","DEBUG = True","1","python",".py"
"debug_scenario_07","debug","CWE-489","Flask en mode debug","L'application Flask est exécutée avec le mode debug activé.","app.run(debug=True)","1","python",".py"
"deserialize_scenario_03","deserialize","CWE-502","YAML non sécurisé","yaml.load est utilisé sans chargeur sécurisé.","data = yaml.load(user_input)","1","python",".py"
"crypto_scenario_09","crypto","CWE-327","Fernet","Fernet fournit une primitive de chiffrement authentifié adaptée aux données.","token = Fernet(key).encrypt(data)","0","python",".py"
"deserialize_scenario_05","deserialize","CWE-502","Désérialisation Pickle","Des données non fiables sont désérialisées avec pickle.","obj = pickle.loads(user_data)","1","python",".py"
"pathtraver_scenario_01","pathtraver","CWE-22","Vérification du chemin réel","Le chemin est vérifié avant l'accès au fichier.","path = os.path.realpath(os.path.join(BASE_DIR, filename))","0","python",".py"
"deserialize_scenario_10","deserialize","CWE-502","Désérialisation JSON","JSON est utilisé pour traiter des données structurées sans exécution de code.","data = json.loads(request.data)","0","python",".py"
"xss_scenario_09","xss","CWE-79","Donnée retournée en JSON","La donnée n'est pas interprétée comme du HTML.","return jsonify({""username"": username})","0","python",".py"
"pathtraver_scenario_07","pathtraver","CWE-22","Vérification du chemin réel","Le chemin est vérifié avant l'accès au fichier.","path = os.path.realpath(os.path.join(BASE_DIR, filename))","0","python",".py"
"deserialize_scenario_06","deserialize","CWE-502","Pickle depuis un fichier","Un fichier potentiellement non fiable est chargé avec pickle.","obj = pickle.load(open(filename, ""rb""))","1","python",".py"
"sqli_scenario_07","sqli","CWE-89","Requête SQL paramétrée","La valeur utilisateur est transmise comme paramètre séparé.","cursor.execute(""SELECT * FROM users WHERE name = ?"", (username,))","0","python",".py"
"crypto_scenario_06","crypto","CWE-327","AES-GCM","AES-GCM est utilisé comme mode de chiffrement authentifié.","cipher = AES.new(key, AES.MODE_GCM)","0","python",".py"
"secret_scenario_01","secret","CWE-798","Mot de passe codé en dur","Un mot de passe est stocké directement dans le code.","DB_PASSWORD = ""AdminPassword123""","1","python",".py"
"debug_scenario_02","debug","CWE-489","Flask en mode debug","L'application Flask est exécutée avec le mode debug activé.","app.run(debug=True)","1","python",".py"
"secret_scenario_05","secret","CWE-798","Mot de passe récupéré depuis l'environnement","Le mot de passe n'est pas stocké directement dans le programme.","password = os.environ[""DB_PASSWORD""]","0","python",".py"
"xss_scenario_09","xss","CWE-79","Template avec échappement automatique","Le moteur de template effectue l'échappement de la variable.","return render_template(""profile.html"", username=username)","0","python",".py"
"crypto_scenario_04","crypto","CWE-327","SHA-256","Une fonction de hachage moderne est utilisée.","digest = hashlib.sha256(data).hexdigest()","0","python",".py"
"deserialize_scenario_03","deserialize","CWE-502","YAML sécurisé","SafeLoader empêche l'utilisation de constructions dangereuses.","data = yaml.safe_load(user_input)","0","python",".py"
"sqli_scenario_03","sqli","CWE-89","Construction SQL par concaténation","Une entrée utilisateur est concaténée directement dans une requête SQL.","query = ""SELECT * FROM users WHERE name = '"" + username + ""'""","1","python",".py"
"xss_scenario_08","xss","CWE-79","HTML construit avec une entrée utilisateur","Une entrée utilisateur est directement insérée dans une réponse HTML.","return ""<h1>Bonjour "" + username + ""</h1>""","1","python",".py"
"sqli_scenario_09","sqli","CWE-89","SQL construit avec format","La requête SQL utilise une valeur utilisateur sans paramétrage.","query = ""SELECT * FROM products WHERE name = '{}'"".format(product)","1","python",".py"
"pathtraver_scenario_05","pathtraver","CWE-22","Extraction d'archive non contrôlée","Les chemins contenus dans une archive sont extraits sans validation.","archive.extractall(""/tmp/uploads"")","1","python",".py"
"secret_scenario_06","secret","CWE-798","Configuration externe","Les informations sensibles sont fournies par une configuration externe.","token = config.get_secret(""TOKEN"")","0","python",".py"
"sqli_scenario_01","sqli","CWE-89","SQL construit avec une f-string","Une donnée contrôlée par l'utilisateur est directement incorporée dans une requête SQL.","query = f""SELECT * FROM users WHERE id = {user_id}""","1","python",".py"
"deserialize_scenario_09","deserialize","CWE-502","Pickle depuis un fichier","Un fichier potentiellement non fiable est chargé avec pickle.","obj = pickle.load(open(filename, ""rb""))","1","python",".py"
"xss_scenario_02","xss","CWE-79","Contenu traité avant rendu","La donnée est nettoyée avant son utilisation dans la réponse.","safe_name = escape(username)","0","python",".py"
"cmdi_scenario_04","cmdi","CWE-78","Commande exécutée dynamiquement","Une entrée externe est utilisée dans une opération d'exécution dynamique.","eval(user_expression)","1","python",".py"
"xss_scenario_05","xss","CWE-79","Contenu utilisateur rendu sans échappement","Le contenu utilisateur est marqué comme HTML sûr sans échappement.","return render_template_string(""<p>{{ content|safe }}</p>"", content=comment)","1","python",".py"
"xss_scenario_09","xss","CWE-79","Contenu utilisateur rendu sans échappement","Le contenu utilisateur est marqué comme HTML sûr sans échappement.","return render_template_string(""<p>{{ content|safe }}</p>"", content=comment)","1","python",".py"
"xss_scenario_03","xss","CWE-79","HTML construit avec une f-string","Une donnée externe est directement incorporée dans du HTML.","html = f""<div>{comment}</div>""","1","python",".py"
"deserialize_scenario_02","deserialize","CWE-502","YAML sécurisé","SafeLoader empêche l'utilisation de constructions dangereuses.","data = yaml.safe_load(user_input)","0","python",".py"
"xss_scenario_09","xss","CWE-79","Échappement explicite du contenu","Le contenu utilisateur est échappé avant son insertion dans la réponse.","return ""<h1>"" + html.escape(username) + ""</h1>""","0","python",".py"
"crypto_scenario_08","crypto","CWE-327","SHA-256","Une fonction de hachage moderne est utilisée.","digest = hashlib.sha256(data).hexdigest()","0","python",".py"
"pathtraver_scenario_04","pathtraver","CWE-22","Fichier contrôlé par utilisateur","Un nom de fichier fourni par l'utilisateur est utilisé directement.","with open(""/var/www/files/"" + filename) as f:","1","python",".py"
"deserialize_scenario_06","deserialize","CWE-502","Données externes désérialisées","Des données externes sont chargées avec un mécanisme dangereux.","obj = marshal.loads(request.data)","1","python",".py"
"pathtraver_scenario_08","pathtraver","CWE-22","Identifiant interne utilisé pour le fichier","L'utilisateur fournit un identifiant et non un chemin arbitraire.","path = storage.get_path(document_id)","0","python",".py"
"debug_scenario_05","debug","CWE-489","Flask en mode debug","L'application Flask est exécutée avec le mode debug activé.","app.run(debug=True)","1","python",".py"
"crypto_scenario_08","crypto","CWE-327","Utilisation de MD5","MD5 est utilisé pour une opération cryptographique sensible.","digest = hashlib.md5(password.encode()).hexdigest()","1","python",".py"
"debug_scenario_03","debug","CWE-489","Configuration sécurisée","La configuration de production désactive les informations de debug.","app.config.update(DEBUG=False)","0","python",".py"
"secret_scenario_08","secret","CWE-798","Clé API codée en dur","Une clé API est directement présente dans le code source.","API_KEY = ""sk_live_123456789""","1","python",".py"
"debug_scenario_08","debug","CWE-489","Configuration sécurisée","La configuration de production désactive les informations de debug.","app.config.update(DEBUG=False)","0","python",".py"
"crypto_scenario_02","crypto","CWE-327","AES-GCM","AES-GCM est utilisé comme mode de chiffrement authentifié.","cipher = AES.new(key, AES.MODE_GCM)","0","python",".py"
"xss_scenario_02","xss","CWE-79","Échappement explicite du contenu","Le contenu utilisateur est échappé avant son insertion dans la réponse.","return ""<h1>"" + html.escape(username) + ""</h1>""","0","python",".py"
"crypto_scenario_06","crypto","CWE-327","Algorithme DES obsolète","Un algorithme cryptographique ancien est utilisé.","cipher = DES.new(key, DES.MODE_ECB)","1","python",".py"
"secret_scenario_09","secret","CWE-798","Configuration externe","Les informations sensibles sont fournies par une configuration externe.","token = config.get_secret(""TOKEN"")","0","python",".py"
"pathtraver_scenario_05","pathtraver","CWE-22","Identifiant interne utilisé pour le fichier","L'utilisateur fournit un identifiant et non un chemin arbitraire.","path = storage.get_path(document_id)","0","python",".py"
"secret_scenario_08","secret","CWE-798","Secret récupéré depuis un gestionnaire","L'application utilise un gestionnaire de secrets.","password = secrets_manager.get(""database/password"")","0","python",".py"
"crypto_scenario_02","crypto","CWE-327","Utilisation de SHA-1","SHA-1 est utilisé dans un contexte où une fonction moderne est nécessaire.","digest = hashlib.sha1(data).hexdigest()","1","python",".py"
"cmdi_scenario_01","cmdi","CWE-78","Validation avant exécution","L'entrée est validée puis passée comme argument séparé.","subprocess.run([""ping"", validated_host], shell=False)","0","python",".py"
"xss_scenario_03","xss","CWE-79","Contenu utilisateur rendu sans échappement","Le contenu utilisateur est marqué comme HTML sûr sans échappement.","return render_template_string(""<p>{{ content|safe }}</p>"", content=comment)","1","python",".py"
"secret_scenario_07","secret","CWE-798","Clé API récupérée depuis l'environnement","La clé est stockée hors du code source.","API_KEY = os.getenv(""API_KEY"")","0","python",".py"
"sqli_scenario_08","sqli","CWE-89","Construction SQL par concaténation","Une entrée utilisateur est concaténée directement dans une requête SQL.","query = ""SELECT * FROM users WHERE name = '"" + username + ""'""","1","python",".py"
"xss_scenario_05","xss","CWE-79","Échappement explicite du contenu","Le contenu utilisateur est échappé avant son insertion dans la réponse.","return ""<h1>"" + html.escape(username) + ""</h1>""","0","python",".py"
"xss_scenario_07","xss","CWE-79","Contenu utilisateur rendu sans échappement","Le contenu utilisateur est marqué comme HTML sûr sans échappement.","return render_template_string(""<p>{{ content|safe }}</p>"", content=comment)","1","python",".py"
"deserialize_scenario_01","deserialize","CWE-502","Données externes désérialisées","Des données externes sont chargées avec un mécanisme dangereux.","obj = marshal.loads(request.data)","1","python",".py"
"debug_scenario_04","debug","CWE-489","Configuration production","Le mode debug est désactivé.","app.run(debug=False)","0","python",".py"
"cmdi_scenario_10","cmdi","CWE-78","Validation avant exécution","L'entrée est validée puis passée comme argument séparé.","subprocess.run([""ping"", validated_host], shell=False)","0","python",".py"
"crypto_scenario_08","crypto","CWE-327","Mode ECB","Le mode ECB ne protège pas correctement les motifs des données.","cipher = AES.new(key, AES.MODE_ECB)","1","python",".py"
"cmdi_scenario_03","cmdi","CWE-78","Validation avant exécution","L'entrée est validée puis passée comme argument séparé.","subprocess.run([""ping"", validated_host], shell=False)","0","python",".py"
"deserialize_scenario_04","deserialize","CWE-502","Désérialisation Pickle","Des données non fiables sont désérialisées avec pickle.","obj = pickle.loads(user_data)","1","python",".py"
"deserialize_scenario_10","deserialize","CWE-502","Validation de schéma","Les données sont validées selon un schéma avant utilisation.","data = UserSchema.model_validate(request.json)","0","python",".py"
"secret_scenario_08","secret","CWE-798","Configuration externe","Les informations sensibles sont fournies par une configuration externe.","token = config.get_secret(""TOKEN"")","0","python",".py"
"cmdi_scenario_08","cmdi","CWE-78","Utilisation de os.system","Une commande contenant une entrée externe est exécutée directement.","os.system(""ping "" + hostname)","1","python",".py"
"cmdi_scenario_03","cmdi","CWE-78","Commande construite dynamiquement","Une valeur utilisateur est concaténée à une commande système.","subprocess.Popen(""cat "" + filename, shell=True)","1","python",".py"
"pathtraver_scenario_04","pathtraver","CWE-22","Fichier sélectionné depuis une liste autorisée","Le fichier est choisi parmi des ressources connues.","path = ALLOWED_FILES[file_id]","0","python",".py"
"pathtraver_scenario_06","pathtraver","CWE-22","Fichier sélectionné depuis une liste autorisée","Le fichier est choisi parmi des ressources connues.","path = ALLOWED_FILES[file_id]","0","python",".py"
"pathtraver_scenario_01","pathtraver","CWE-22","Extraction d'archive non contrôlée","Les chemins contenus dans une archive sont extraits sans validation.","archive.extractall(""/tmp/uploads"")","1","python",".py"
"cmdi_scenario_04","cmdi","CWE-78","Commande système avec shell=True","Une entrée utilisateur influence une commande exécutée par le shell.","subprocess.check_output(""ping "" + host, shell=True)","1","python",".py"
"pathtraver_scenario_08","pathtraver","CWE-22","Téléchargement contrôlé par utilisateur","Le chemin demandé est utilisé sans vérification de confinement.","return send_file(""/data/"" + requested_file)","1","python",".py"
"secret_scenario_03","secret","CWE-798","Mot de passe récupéré depuis l'environnement","Le mot de passe n'est pas stocké directement dans le programme.","password = os.environ[""DB_PASSWORD""]","0","python",".py"
"debug_scenario_04","debug","CWE-489","Flask en mode debug","L'application Flask est exécutée avec le mode debug activé.","app.run(debug=True)","1","python",".py"
"debug_scenario_01","debug","CWE-489","Flask en mode debug","L'application Flask est exécutée avec le mode debug activé.","app.run(debug=True)","1","python",".py"
"secret_scenario_05","secret","CWE-798","Configuration externe","Les informations sensibles sont fournies par une configuration externe.","token = config.get_secret(""TOKEN"")","0","python",".py"
"cmdi_scenario_06","cmdi","CWE-78","Utilisation de os.system","Une commande contenant une entrée externe est exécutée directement.","os.system(""ping "" + hostname)","1","python",".py"
"xss_scenario_05","xss","CWE-79","Donnée retournée en JSON","La donnée n'est pas interprétée comme du HTML.","return jsonify({""username"": username})","0","python",".py"
"xss_scenario_09","xss","CWE-79","Contenu traité avant rendu","La donnée est nettoyée avant son utilisation dans la réponse.","safe_name = escape(username)","0","python",".py"
"sqli_scenario_06","sqli","CWE-89","SQL construit avec format","La requête SQL utilise une valeur utilisateur sans paramétrage.","query = ""SELECT * FROM products WHERE name = '{}'"".format(product)","1","python",".py"
"sqli_scenario_02","sqli","CWE-89","SQL avec formatage percent","Une valeur utilisateur est injectée dans une chaîne SQL.","query = ""SELECT * FROM accounts WHERE email = '%s'"" % email","1","python",".py"
"crypto_scenario_01","crypto","CWE-327","Bcrypt pour mot de passe","Bcrypt est utilisé pour le stockage sécurisé des mots de passe.","password_hash = bcrypt.hashpw(password, bcrypt.gensalt())","0","python",".py"
"debug_scenario_10","debug","CWE-489","Configuration debug activée","Le mode debug est explicitement activé dans la configuration.","DEBUG = True","1","python",".py"
"pathtraver_scenario_02","pathtraver","CWE-22","Identifiant interne utilisé pour le fichier","L'utilisateur fournit un identifiant et non un chemin arbitraire.","path = storage.get_path(document_id)","0","python",".py"
"secret_scenario_06","secret","CWE-798","Secret dans un en-tête","Un secret d'authentification est écrit directement dans le code.","headers = {""Authorization"": ""Bearer SECRET_TOKEN""}","1","python",".py"
"secret_scenario_02","secret","CWE-798","Token codé en dur","Un token d'accès est présent dans le programme.","TOKEN = ""ghp_123456789abcdef""","1","python",".py"
"pathtraver_scenario_01","pathtraver","CWE-22","Téléchargement contrôlé par utilisateur","Le chemin demandé est utilisé sans vérification de confinement.","return send_file(""/data/"" + requested_file)","1","python",".py"
"secret_scenario_05","secret","CWE-798","Clé API codée en dur","Une clé API est directement présente dans le code source.","API_KEY = ""sk_live_123456789""","1","python",".py"
"crypto_scenario_07","crypto","CWE-327","AES-GCM","AES-GCM est utilisé comme mode de chiffrement authentifié.","cipher = AES.new(key, AES.MODE_GCM)","0","python",".py"
"deserialize_scenario_01","deserialize","CWE-502","YAML non sécurisé","yaml.load est utilisé sans chargeur sécurisé.","data = yaml.load(user_input)","1","python",".py"
"crypto_scenario_08","crypto","CWE-327","Fernet","Fernet fournit une primitive de chiffrement authentifié adaptée aux données.","token = Fernet(key).encrypt(data)","0","python",".py"
"pathtraver_scenario_02","pathtraver","CWE-22","Fichier contrôlé par utilisateur","Un nom de fichier fourni par l'utilisateur est utilisé directement.","with open(""/var/www/files/"" + filename) as f:","1","python",".py"
"cmdi_scenario_07","cmdi","CWE-78","Utilisation de os.system","Une commande contenant une entrée externe est exécutée directement.","os.system(""ping "" + hostname)","1","python",".py"
"secret_scenario_07","secret","CWE-798","Mot de passe codé en dur","Un mot de passe est stocké directement dans le code.","DB_PASSWORD = ""AdminPassword123""","1","python",".py"
"debug_scenario_06","debug","CWE-489","Configuration production","Le mode debug est désactivé.","app.run(debug=False)","0","python",".py"
"sqli_scenario_06","sqli","CWE-89","Requête SQL paramétrée","La valeur utilisateur est transmise comme paramètre séparé.","cursor.execute(""SELECT * FROM users WHERE name = ?"", (username,))","0","python",".py"
"xss_scenario_03","xss","CWE-79","Réponse HTML non échappée","La réponse contient directement une donnée provenant de la requête.","return ""<script>"" + value + ""</script>""","1","python",".py"
"pathtraver_scenario_04","pathtraver","CWE-22","Téléchargement contrôlé par utilisateur","Le chemin demandé est utilisé sans vérification de confinement.","return send_file(""/data/"" + requested_file)","1","python",".py"
"sqli_scenario_01","sqli","CWE-89","Requête SQL avec paramètres nommés","La requête utilise des paramètres nommés au lieu de concaténer les entrées.","cursor.execute(""SELECT * FROM users WHERE id = :id"", {""id"": user_id})","0","python",".py"
"deserialize_scenario_01","deserialize","CWE-502","Pickle depuis un fichier","Un fichier potentiellement non fiable est chargé avec pickle.","obj = pickle.load(open(filename, ""rb""))","1","python",".py"
"deserialize_scenario_09","deserialize","CWE-502","YAML non sécurisé","yaml.load est utilisé sans chargeur sécurisé.","data = yaml.load(user_input)","1","python",".py"
"crypto_scenario_08","crypto","CWE-327","Algorithme DES obsolète","Un algorithme cryptographique ancien est utilisé.","cipher = DES.new(key, DES.MODE_ECB)","1","python",".py"
"secret_scenario_05","secret","CWE-798","Mot de passe codé en dur","Un mot de passe est stocké directement dans le code.","DB_PASSWORD = ""AdminPassword123""","1","python",".py"
"deserialize_scenario_06","deserialize","CWE-502","YAML non sécurisé","yaml.load est utilisé sans chargeur sécurisé.","data = yaml.load(user_input)","1","python",".py"
"deserialize_scenario_10","deserialize","CWE-502","Données primitives","L'application utilise uniquement des données primitives validées.","value = int(request.args[""id""])","0","python",".py"
"xss_scenario_08","xss","CWE-79","Contenu utilisateur rendu sans échappement","Le contenu utilisateur est marqué comme HTML sûr sans échappement.","return render_template_string(""<p>{{ content|safe }}</p>"", content=comment)","1","python",".py"
"cmdi_scenario_02","cmdi","CWE-78","Commande exécutée dynamiquement","Une entrée externe est utilisée dans une opération d'exécution dynamique.","eval(user_expression)","1","python",".py"
"xss_scenario_07","xss","CWE-79","Réponse HTML non échappée","La réponse contient directement une donnée provenant de la requête.","return ""<script>"" + value + ""</script>""","1","python",".py"
"crypto_scenario_02","crypto","CWE-327","Utilisation de MD5","MD5 est utilisé pour une opération cryptographique sensible.","digest = hashlib.md5(password.encode()).hexdigest()","1","python",".py"
"cmdi_scenario_03","cmdi","CWE-78","Commande système constante","La commande ne dépend d'aucune entrée utilisateur.","subprocess.run([""whoami""], check=True)","0","python",".py"
"debug_scenario_05","debug","CWE-489","Mode debug forcé","Le programme force le mode debug au lieu d'utiliser une configuration sûre.","app.config[""DEBUG""] = True","1","python",".py"
"pathtraver_scenario_02","pathtraver","CWE-22","Utilisation du nom de base","Le chemin fourni est réduit à un nom de fichier simple.","filename = os.path.basename(user_filename)","0","python",".py"
"xss_scenario_02","xss","CWE-79","Template avec échappement automatique","Le moteur de template effectue l'échappement de la variable.","return render_template(""profile.html"", username=username)","0","python",".py"
"cmdi_scenario_01","cmdi","CWE-78","Commande contrôlée par liste blanche","Seules des valeurs autorisées peuvent être utilisées comme argument.","if host in ALLOWED_HOSTS: subprocess.run([""ping"", host])","0","python",".py"
"crypto_scenario_05","crypto","CWE-327","AES-GCM","AES-GCM est utilisé comme mode de chiffrement authentifié.","cipher = AES.new(key, AES.MODE_GCM)","0","python",".py"
"deserialize_scenario_07","deserialize","CWE-502","YAML sécurisé","SafeLoader empêche l'utilisation de constructions dangereuses.","data = yaml.safe_load(user_input)","0","python",".py"
"sqli_scenario_02","sqli","CWE-89","Requête SQL avec paramètres nommés","La requête utilise des paramètres nommés au lieu de concaténer les entrées.","cursor.execute(""SELECT * FROM users WHERE id = :id"", {""id"": user_id})","0","python",".py"
"cmdi_scenario_02","cmdi","CWE-78","Validation avant exécution","L'entrée est validée puis passée comme argument séparé.","subprocess.run([""ping"", validated_host], shell=False)","0","python",".py"
"cmdi_scenario_05","cmdi","CWE-78","Commande exécutée dynamiquement","Une entrée externe est utilisée dans une opération d'exécution dynamique.","eval(user_expression)","1","python",".py"
"secret_scenario_03","secret","CWE-798","Clé API récupérée depuis l'environnement","La clé est stockée hors du code source.","API_KEY = os.getenv(""API_KEY"")","0","python",".py"
"pathtraver_scenario_10","pathtraver","CWE-22","Fichier contrôlé par utilisateur","Un nom de fichier fourni par l'utilisateur est utilisé directement.","with open(""/var/www/files/"" + filename) as f:","1","python",".py"
"pathtraver_scenario_07","pathtraver","CWE-22","Utilisation du nom de base","Le chemin fourni est réduit à un nom de fichier simple.","filename = os.path.basename(user_filename)","0","python",".py"
"cmdi_scenario_10","cmdi","CWE-78","Commande contrôlée par liste blanche","Seules des valeurs autorisées peuvent être utilisées comme argument.","if host in ALLOWED_HOSTS: subprocess.run([""ping"", host])","0","python",".py"
"deserialize_scenario_10","deserialize","CWE-502","YAML non sécurisé","yaml.load est utilisé sans chargeur sécurisé.","data = yaml.load(user_input)","1","python",".py"
"xss_scenario_06","xss","CWE-79","HTML construit avec une f-string","Une donnée externe est directement incorporée dans du HTML.","html = f""<div>{comment}</div>""","1","python",".py"
"cmdi_scenario_09","cmdi","CWE-78","Validation avant exécution","L'entrée est validée puis passée comme argument séparé.","subprocess.run([""ping"", validated_host], shell=False)","0","python",".py"
"crypto_scenario_07","crypto","CWE-327","Bcrypt pour mot de passe","Bcrypt est utilisé pour le stockage sécurisé des mots de passe.","password_hash = bcrypt.hashpw(password, bcrypt.gensalt())","0","python",".py"
"xss_scenario_08","xss","CWE-79","Échappement explicite du contenu","Le contenu utilisateur est échappé avant son insertion dans la réponse.","return ""<h1>"" + html.escape(username) + ""</h1>""","0","python",".py"
"sqli_scenario_06","sqli","CWE-89","Construction SQL par concaténation","Une entrée utilisateur est concaténée directement dans une requête SQL.","query = ""SELECT * FROM users WHERE name = '"" + username + ""'""","1","python",".py"
"deserialize_scenario_04","deserialize","CWE-502","Données externes désérialisées","Des données externes sont chargées avec un mécanisme dangereux.","obj = marshal.loads(request.data)","1","python",".py"
"deserialize_scenario_07","deserialize","CWE-502","Validation de schéma","Les données sont validées selon un schéma avant utilisation.","data = UserSchema.model_validate(request.json)","0","python",".py"
"xss_scenario_06","xss","CWE-79","Réponse HTML non échappée","La réponse contient directement une donnée provenant de la requête.","return ""<script>"" + value + ""</script>""","1","python",".py"
"crypto_scenario_05","crypto","CWE-327","Bcrypt pour mot de passe","Bcrypt est utilisé pour le stockage sécurisé des mots de passe.","password_hash = bcrypt.hashpw(password, bcrypt.gensalt())","0","python",".py"
"cmdi_scenario_01","cmdi","CWE-78","Commande système constante","La commande ne dépend d'aucune entrée utilisateur.","subprocess.run([""whoami""], check=True)","0","python",".py"
"xss_scenario_08","xss","CWE-79","Donnée retournée en JSON","La donnée n'est pas interprétée comme du HTML.","return jsonify({""username"": username})","0","python",".py"
"pathtraver_scenario_08","pathtraver","CWE-22","Chemin construit avec une entrée utilisateur","Une entrée externe influence directement le chemin d'accès.","path = os.path.join(""/uploads"", filename); open(path)","1","python",".py"
"secret_scenario_07","secret","CWE-798","Token codé en dur","Un token d'accès est présent dans le programme.","TOKEN = ""ghp_123456789abcdef""","1","python",".py"
"crypto_scenario_03","crypto","CWE-327","Fernet","Fernet fournit une primitive de chiffrement authentifié adaptée aux données.","token = Fernet(key).encrypt(data)","0","python",".py"
"debug_scenario_09","debug","CWE-489","Configuration production","Le mode debug est désactivé.","app.run(debug=False)","0","python",".py"
"cmdi_scenario_10","cmdi","CWE-78","Commande système avec shell=True","Une entrée utilisateur influence une commande exécutée par le shell.","subprocess.check_output(""ping "" + host, shell=True)","1","python",".py"
"pathtraver_scenario_01","pathtraver","CWE-22","Utilisation du nom de base","Le chemin fourni est réduit à un nom de fichier simple.","filename = os.path.basename(user_filename)","0","python",".py"
"secret_scenario_10","secret","CWE-798","Token codé en dur","Un token d'accès est présent dans le programme.","TOKEN = ""ghp_123456789abcdef""","1","python",".py"
"pathtraver_scenario_05","pathtraver","CWE-22","Vérification du chemin réel","Le chemin est vérifié avant l'accès au fichier.","path = os.path.realpath(os.path.join(BASE_DIR, filename))","0","python",".py"
"debug_scenario_05","debug","CWE-489","Configuration debug activée","Le mode debug est explicitement activé dans la configuration.","DEBUG = True","1","python",".py"
"crypto_scenario_02","crypto","CWE-327","Algorithme DES obsolète","Un algorithme cryptographique ancien est utilisé.","cipher = DES.new(key, DES.MODE_ECB)","1","python",".py"
"pathtraver_scenario_10","pathtraver","CWE-22","Utilisation du nom de base","Le chemin fourni est réduit à un nom de fichier simple.","filename = os.path.basename(user_filename)","0","python",".py"
"deserialize_scenario_03","deserialize","CWE-502","Désérialisation JSON","JSON est utilisé pour traiter des données structurées sans exécution de code.","data = json.loads(request.data)","0","python",".py"
"secret_scenario_02","secret","CWE-798","Secret récupéré depuis un gestionnaire","L'application utilise un gestionnaire de secrets.","password = secrets_manager.get(""database/password"")","0","python",".py"
"debug_scenario_02","debug","CWE-489","Debug contrôlé par environnement","Le mode debug est désactivé par défaut.","DEBUG = os.getenv(""DEBUG"", ""false"").lower() == ""true""","0","python",".py"
"pathtraver_scenario_04","pathtraver","CWE-22","Vérification du chemin réel","Le chemin est vérifié avant l'accès au fichier.","path = os.path.realpath(os.path.join(BASE_DIR, filename))","0","python",".py"
"secret_scenario_07","secret","CWE-798","Configuration externe","Les informations sensibles sont fournies par une configuration externe.","token = config.get_secret(""TOKEN"")","0","python",".py"
"xss_scenario_02","xss","CWE-79","Réponse HTML non échappée","La réponse contient directement une donnée provenant de la requête.","return ""<script>"" + value + ""</script>""","1","python",".py"
"cmdi_scenario_08","cmdi","CWE-78","Commande exécutée dynamiquement","Une entrée externe est utilisée dans une opération d'exécution dynamique.","eval(user_expression)","1","python",".py"
"debug_scenario_09","debug","CWE-489","Mode debug forcé","Le programme force le mode debug au lieu d'utiliser une configuration sûre.","app.config[""DEBUG""] = True","1","python",".py"
"crypto_scenario_09","crypto","CWE-327","Mode ECB","Le mode ECB ne protège pas correctement les motifs des données.","cipher = AES.new(key, AES.MODE_ECB)","1","python",".py"
"secret_scenario_07","secret","CWE-798","Secret récupéré depuis un gestionnaire","L'application utilise un gestionnaire de secrets.","password = secrets_manager.get(""database/password"")","0","python",".py"
"crypto_scenario_06","crypto","CWE-327","Utilisation de SHA-1","SHA-1 est utilisé dans un contexte où une fonction moderne est nécessaire.","digest = hashlib.sha1(data).hexdigest()","1","python",".py"
"xss_scenario_04","xss","CWE-79","Contenu utilisateur rendu sans échappement","Le contenu utilisateur est marqué comme HTML sûr sans échappement.","return render_template_string(""<p>{{ content|safe }}</p>"", content=comment)","1","python",".py"
"debug_scenario_03","debug","CWE-489","Debug contrôlé par environnement","Le mode debug est désactivé par défaut.","DEBUG = os.getenv(""DEBUG"", ""false"").lower() == ""true""","0","python",".py"
"deserialize_scenario_07","deserialize","CWE-502","Désérialisation JSON","JSON est utilisé pour traiter des données structurées sans exécution de code.","data = json.loads(request.data)","0","python",".py"
"sqli_scenario_02","sqli","CWE-89","Requête SQL paramétrée","La valeur utilisateur est transmise comme paramètre séparé.","cursor.execute(""SELECT * FROM users WHERE name = ?"", (username,))","0","python",".py"
"secret_scenario_04","secret","CWE-798","Clé API codée en dur","Une clé API est directement présente dans le code source.","API_KEY = ""sk_live_123456789""","1","python",".py"
"debug_scenario_05","debug","CWE-489","Django DEBUG activé","Le paramètre DEBUG est activé dans une configuration de production.","DEBUG = True","1","python",".py"
"deserialize_scenario_08","deserialize","CWE-502","YAML non sécurisé","yaml.load est utilisé sans chargeur sécurisé.","data = yaml.load(user_input)","1","python",".py"
"secret_scenario_08","secret","CWE-798","Token codé en dur","Un token d'accès est présent dans le programme.","TOKEN = ""ghp_123456789abcdef""","1","python",".py"
"deserialize_scenario_03","deserialize","CWE-502","Désérialisation Pickle","Des données non fiables sont désérialisées avec pickle.","obj = pickle.loads(user_data)","1","python",".py"
"secret_scenario_05","secret","CWE-798","Token codé en dur","Un token d'accès est présent dans le programme.","TOKEN = ""ghp_123456789abcdef""","1","python",".py"
"sqli_scenario_06","sqli","CWE-89","Utilisation sécurisée d'un ORM","La recherche est effectuée via une API ORM sans construction manuelle de SQL.","user = User.query.filter_by(name=username).first()","0","python",".py"
"xss_scenario_06","xss","CWE-79","Contenu utilisateur rendu sans échappement","Le contenu utilisateur est marqué comme HTML sûr sans échappement.","return render_template_string(""<p>{{ content|safe }}</p>"", content=comment)","1","python",".py"
"pathtraver_scenario_09","pathtraver","CWE-22","Fichier contrôlé par utilisateur","Un nom de fichier fourni par l'utilisateur est utilisé directement.","with open(""/var/www/files/"" + filename) as f:","1","python",".py"
"xss_scenario_04","xss","CWE-79","Échappement explicite du contenu","Le contenu utilisateur est échappé avant son insertion dans la réponse.","return ""<h1>"" + html.escape(username) + ""</h1>""","0","python",".py"
"pathtraver_scenario_02","pathtraver","CWE-22","Téléchargement contrôlé par utilisateur","Le chemin demandé est utilisé sans vérification de confinement.","return send_file(""/data/"" + requested_file)","1","python",".py"
"sqli_scenario_10","sqli","CWE-89","Construction SQL par concaténation","Une entrée utilisateur est concaténée directement dans une requête SQL.","query = ""SELECT * FROM users WHERE name = '"" + username + ""'""","1","python",".py"
"cmdi_scenario_06","cmdi","CWE-78","Validation avant exécution","L'entrée est validée puis passée comme argument séparé.","subprocess.run([""ping"", validated_host], shell=False)","0","python",".py"
"crypto_scenario_01","crypto","CWE-327","Utilisation de MD5","MD5 est utilisé pour une opération cryptographique sensible.","digest = hashlib.md5(password.encode()).hexdigest()","1","python",".py"
"secret_scenario_09","secret","CWE-798","Clé API codée en dur","Une clé API est directement présente dans le code source.","API_KEY = ""sk_live_123456789""","1","python",".py"
"pathtraver_scenario_10","pathtraver","CWE-22","Fichier sélectionné depuis une liste autorisée","Le fichier est choisi parmi des ressources connues.","path = ALLOWED_FILES[file_id]","0","python",".py"
"sqli_scenario_04","sqli","CWE-89","Construction SQL par concaténation","Une entrée utilisateur est concaténée directement dans une requête SQL.","query = ""SELECT * FROM users WHERE name = '"" + username + ""'""","1","python",".py"
"xss_scenario_04","xss","CWE-79","HTML construit avec une f-string","Une donnée externe est directement incorporée dans du HTML.","html = f""<div>{comment}</div>""","1","python",".py"
"pathtraver_scenario_10","pathtraver","CWE-22","Téléchargement contrôlé par utilisateur","Le chemin demandé est utilisé sans vérification de confinement.","return send_file(""/data/"" + requested_file)","1","python",".py"
"cmdi_scenario_01","cmdi","CWE-78","Commande exécutée avec une liste d'arguments","Les arguments sont séparés et le shell n'est pas utilisé.","subprocess.run([""ping"", ""-c"", ""1"", host], shell=False)","0","python",".py"
"debug_scenario_09","debug","CWE-489","Debug contrôlé par environnement","Le mode debug est désactivé par défaut.","DEBUG = os.getenv(""DEBUG"", ""false"").lower() == ""true""","0","python",".py"
"cmdi_scenario_02","cmdi","CWE-78","Utilisation de os.system","Une commande contenant une entrée externe est exécutée directement.","os.system(""ping "" + hostname)","1","python",".py"
"secret_scenario_08","secret","CWE-798","Mot de passe récupéré depuis l'environnement","Le mot de passe n'est pas stocké directement dans le programme.","password = os.environ[""DB_PASSWORD""]","0","python",".py"
"pathtraver_scenario_03","pathtraver","CWE-22","Chemin construit avec une entrée utilisateur","Une entrée externe influence directement le chemin d'accès.","path = os.path.join(""/uploads"", filename); open(path)","1","python",".py"
"crypto_scenario_10","crypto","CWE-327","Utilisation de MD5","MD5 est utilisé pour une opération cryptographique sensible.","digest = hashlib.md5(password.encode()).hexdigest()","1","python",".py"
"cmdi_scenario_08","cmdi","CWE-78","Commande exécutée avec une liste d'arguments","Les arguments sont séparés et le shell n'est pas utilisé.","subprocess.run([""ping"", ""-c"", ""1"", host], shell=False)","0","python",".py"
"xss_scenario_05","xss","CWE-79","Template avec échappement automatique","Le moteur de template effectue l'échappement de la variable.","return render_template(""profile.html"", username=username)","0","python",".py"
"debug_scenario_01","debug","CWE-489","Django DEBUG activé","Le paramètre DEBUG est activé dans une configuration de production.","DEBUG = True","1","python",".py"
"xss_scenario_07","xss","CWE-79","HTML construit avec une entrée utilisateur","Une entrée utilisateur est directement insérée dans une réponse HTML.","return ""<h1>Bonjour "" + username + ""</h1>""","1","python",".py"
"deserialize_scenario_10","deserialize","CWE-502","Données externes désérialisées","Des données externes sont chargées avec un mécanisme dangereux.","obj = marshal.loads(request.data)","1","python",".py"
"deserialize_scenario_08","deserialize","CWE-502","Désérialisation JSON","JSON est utilisé pour traiter des données structurées sans exécution de code.","data = json.loads(request.data)","0","python",".py"
"deserialize_scenario_07","deserialize","CWE-502","Désérialisation Pickle","Des données non fiables sont désérialisées avec pickle.","obj = pickle.loads(user_data)","1","python",".py"
"cmdi_scenario_06","cmdi","CWE-78","Commande système avec shell=True","Une entrée utilisateur influence une commande exécutée par le shell.","subprocess.check_output(""ping "" + host, shell=True)","1","python",".py"
"pathtraver_scenario_02","pathtraver","CWE-22","Chemin construit avec une entrée utilisateur","Une entrée externe influence directement le chemin d'accès.","path = os.path.join(""/uploads"", filename); open(path)","1","python",".py"
"sqli_scenario_04","sqli","CWE-89","SQL avec formatage percent","Une valeur utilisateur est injectée dans une chaîne SQL.","query = ""SELECT * FROM accounts WHERE email = '%s'"" % email","1","python",".py"
"sqli_scenario_06","sqli","CWE-89","SQL avec formatage percent","Une valeur utilisateur est injectée dans une chaîne SQL.","query = ""SELECT * FROM accounts WHERE email = '%s'"" % email","1","python",".py"
"sqli_scenario_09","sqli","CWE-89","Requête SQL avec paramètres nommés","La requête utilise des paramètres nommés au lieu de concaténer les entrées.","cursor.execute(""SELECT * FROM users WHERE id = :id"", {""id"": user_id})","0","python",".py"
"cmdi_scenario_09","cmdi","CWE-78","Commande contrôlée par liste blanche","Seules des valeurs autorisées peuvent être utilisées comme argument.","if host in ALLOWED_HOSTS: subprocess.run([""ping"", host])","0","python",".py"
"secret_scenario_05","secret","CWE-798","Secret dans un en-tête","Un secret d'authentification est écrit directement dans le code.","headers = {""Authorization"": ""Bearer SECRET_TOKEN""}","1","python",".py"
"sqli_scenario_07","sqli","CWE-89","SQL construit avec format","La requête SQL utilise une valeur utilisateur sans paramétrage.","query = ""SELECT * FROM products WHERE name = '{}'"".format(product)","1","python",".py"
"debug_scenario_10","debug","CWE-489","Mode debug forcé","Le programme force le mode debug au lieu d'utiliser une configuration sûre.","app.config[""DEBUG""] = True","1","python",".py"
"sqli_scenario_03","sqli","CWE-89","Requête SQL paramétrée","La valeur utilisateur est transmise comme paramètre séparé.","cursor.execute(""SELECT * FROM users WHERE name = ?"", (username,))","0","python",".py"
"debug_scenario_01","debug","CWE-489","Debug contrôlé par environnement","Le mode debug est désactivé par défaut.","DEBUG = os.getenv(""DEBUG"", ""false"").lower() == ""true""","0","python",".py"
"xss_scenario_01","xss","CWE-79","Template avec échappement automatique","Le moteur de template effectue l'échappement de la variable.","return render_template(""profile.html"", username=username)","0","python",".py"
"pathtraver_scenario_03","pathtraver","CWE-22","Identifiant interne utilisé pour le fichier","L'utilisateur fournit un identifiant et non un chemin arbitraire.","path = storage.get_path(document_id)","0","python",".py"
"crypto_scenario_04","crypto","CWE-327","Utilisation de MD5","MD5 est utilisé pour une opération cryptographique sensible.","digest = hashlib.md5(password.encode()).hexdigest()","1","python",".py"
"pathtraver_scenario_06","pathtraver","CWE-22","Identifiant interne utilisé pour le fichier","L'utilisateur fournit un identifiant et non un chemin arbitraire.","path = storage.get_path(document_id)","0","python",".py"
"deserialize_scenario_02","deserialize","CWE-502","Désérialisation JSON","JSON est utilisé pour traiter des données structurées sans exécution de code.","data = json.loads(request.data)","0","python",".py"
"secret_scenario_04","secret","CWE-798","Mot de passe récupéré depuis l'environnement","Le mot de passe n'est pas stocké directement dans le programme.","password = os.environ[""DB_PASSWORD""]","0","python",".py"
"secret_scenario_02","secret","CWE-798","Clé API codée en dur","Une clé API est directement présente dans le code source.","API_KEY = ""sk_live_123456789""","1","python",".py"
"crypto_scenario_09","crypto","CWE-327","Bcrypt pour mot de passe","Bcrypt est utilisé pour le stockage sécurisé des mots de passe.","password_hash = bcrypt.hashpw(password, bcrypt.gensalt())","0","python",".py"
"cmdi_scenario_08","cmdi","CWE-78","Commande système avec shell=True","Une entrée utilisateur influence une commande exécutée par le shell.","subprocess.check_output(""ping "" + host, shell=True)","1","python",".py"
"secret_scenario_02","secret","CWE-798","Mot de passe récupéré depuis l'environnement","Le mot de passe n'est pas stocké directement dans le programme.","password = os.environ[""DB_PASSWORD""]","0","python",".py"
"secret_scenario_09","secret","CWE-798","Mot de passe récupéré depuis l'environnement","Le mot de passe n'est pas stocké directement dans le programme.","password = os.environ[""DB_PASSWORD""]","0","python",".py"
"pathtraver_scenario_04","pathtraver","CWE-22","Identifiant interne utilisé pour le fichier","L'utilisateur fournit un identifiant et non un chemin arbitraire.","path = storage.get_path(document_id)","0","python",".py"
"sqli_scenario_07","sqli","CWE-89","Requête SQL avec valeur constante","La requête ne contient aucune donnée contrôlée par l'utilisateur.","cursor.execute(""SELECT * FROM users WHERE active = 1"")","0","python",".py"
"cmdi_scenario_04","cmdi","CWE-78","Utilisation de os.system","Une commande contenant une entrée externe est exécutée directement.","os.system(""ping "" + hostname)","1","python",".py"
"crypto_scenario_10","crypto","CWE-327","Algorithme DES obsolète","Un algorithme cryptographique ancien est utilisé.","cipher = DES.new(key, DES.MODE_ECB)","1","python",".py"
"xss_scenario_08","xss","CWE-79","Template avec échappement automatique","Le moteur de template effectue l'échappement de la variable.","return render_template(""profile.html"", username=username)","0","python",".py"
"crypto_scenario_05","crypto","CWE-327","SHA-256","Une fonction de hachage moderne est utilisée.","digest = hashlib.sha256(data).hexdigest()","0","python",".py"
"xss_scenario_01","xss","CWE-79","Contenu traité avant rendu","La donnée est nettoyée avant son utilisation dans la réponse.","safe_name = escape(username)","0","python",".py"
"deserialize_scenario_03","deserialize","CWE-502","Pickle depuis un fichier","Un fichier potentiellement non fiable est chargé avec pickle.","obj = pickle.load(open(filename, ""rb""))","1","python",".py"
"deserialize_scenario_03","deserialize","CWE-502","Données externes désérialisées","Des données externes sont chargées avec un mécanisme dangereux.","obj = marshal.loads(request.data)","1","python",".py"
"crypto_scenario_01","crypto","CWE-327","AES-GCM","AES-GCM est utilisé comme mode de chiffrement authentifié.","cipher = AES.new(key, AES.MODE_GCM)","0","python",".py"
"sqli_scenario_04","sqli","CWE-89","Requête SQL avec valeur constante","La requête ne contient aucune donnée contrôlée par l'utilisateur.","cursor.execute(""SELECT * FROM users WHERE active = 1"")","0","python",".py"
"debug_scenario_09","debug","CWE-489","Flask en mode debug","L'application Flask est exécutée avec le mode debug activé.","app.run(debug=True)","1","python",".py"
"xss_scenario_07","xss","CWE-79","HTML construit avec une f-string","Une donnée externe est directement incorporée dans du HTML.","html = f""<div>{comment}</div>""","1","python",".py"
"crypto_scenario_10","crypto","CWE-327","Utilisation de SHA-1","SHA-1 est utilisé dans un contexte où une fonction moderne est nécessaire.","digest = hashlib.sha1(data).hexdigest()","1","python",".py"
"cmdi_scenario_02","cmdi","CWE-78","Commande système constante","La commande ne dépend d'aucune entrée utilisateur.","subprocess.run([""whoami""], check=True)","0","python",".py"
"crypto_scenario_02","crypto","CWE-327","Bcrypt pour mot de passe","Bcrypt est utilisé pour le stockage sécurisé des mots de passe.","password_hash = bcrypt.hashpw(password, bcrypt.gensalt())","0","python",".py"
"secret_scenario_04","secret","CWE-798","Secret récupéré depuis un gestionnaire","L'application utilise un gestionnaire de secrets.","password = secrets_manager.get(""database/password"")","0","python",".py"
"deserialize_scenario_07","deserialize","CWE-502","YAML non sécurisé","yaml.load est utilisé sans chargeur sécurisé.","data = yaml.load(user_input)","1","python",".py"
"sqli_scenario_04","sqli","CWE-89","Utilisation sécurisée d'un ORM","La recherche est effectuée via une API ORM sans construction manuelle de SQL.","user = User.query.filter_by(name=username).first()","0","python",".py"
"debug_scenario_03","debug","CWE-489","Configuration debug activée","Le mode debug est explicitement activé dans la configuration.","DEBUG = True","1","python",".py"
"crypto_scenario_06","crypto","CWE-327","Fernet","Fernet fournit une primitive de chiffrement authentifié adaptée aux données.","token = Fernet(key).encrypt(data)","0","python",".py"
"pathtraver_scenario_05","pathtraver","CWE-22","Utilisation du nom de base","Le chemin fourni est réduit à un nom de fichier simple.","filename = os.path.basename(user_filename)","0","python",".py"
"cmdi_scenario_09","cmdi","CWE-78","Commande système constante","La commande ne dépend d'aucune entrée utilisateur.","subprocess.run([""whoami""], check=True)","0","python",".py"
"debug_scenario_03","debug","CWE-489","Mode debug forcé","Le programme force le mode debug au lieu d'utiliser une configuration sûre.","app.config[""DEBUG""] = True","1","python",".py"
"cmdi_scenario_09","cmdi","CWE-78","Commande exécutée dynamiquement","Une entrée externe est utilisée dans une opération d'exécution dynamique.","eval(user_expression)","1","python",".py"
"debug_scenario_10","debug","CWE-489","Configuration sécurisée","La configuration de production désactive les informations de debug.","app.config.update(DEBUG=False)","0","python",".py"
"debug_scenario_09","debug","CWE-489","Configuration sécurisée","La configuration de production désactive les informations de debug.","app.config.update(DEBUG=False)","0","python",".py"
"crypto_scenario_04","crypto","CWE-327","Utilisation de SHA-1","SHA-1 est utilisé dans un contexte où une fonction moderne est nécessaire.","digest = hashlib.sha1(data).hexdigest()","1","python",".py"
"secret_scenario_10","secret","CWE-798","Clé API codée en dur","Une clé API est directement présente dans le code source.","API_KEY = ""sk_live_123456789""","1","python",".py"
"pathtraver_scenario_09","pathtraver","CWE-22","Vérification du chemin réel","Le chemin est vérifié avant l'accès au fichier.","path = os.path.realpath(os.path.join(BASE_DIR, filename))","0","python",".py"
"secret_scenario_06","secret","CWE-798","Clé API codée en dur","Une clé API est directement présente dans le code source.","API_KEY = ""sk_live_123456789""","1","python",".py"
"sqli_scenario_01","sqli","CWE-89","Construction SQL par concaténation","Une entrée utilisateur est concaténée directement dans une requête SQL.","query = ""SELECT * FROM users WHERE name = '"" + username + ""'""","1","python",".py"
"debug_scenario_02","debug","CWE-489","Configuration production","Le mode debug est désactivé.","app.run(debug=False)","0","python",".py"
"secret_scenario_09","secret","CWE-798","Token codé en dur","Un token d'accès est présent dans le programme.","TOKEN = ""ghp_123456789abcdef""","1","python",".py"
"deserialize_scenario_04","deserialize","CWE-502","Validation de schéma","Les données sont validées selon un schéma avant utilisation.","data = UserSchema.model_validate(request.json)","0","python",".py"
"sqli_scenario_03","sqli","CWE-89","SQL construit avec une f-string","Une donnée contrôlée par l'utilisateur est directement incorporée dans une requête SQL.","query = f""SELECT * FROM users WHERE id = {user_id}""","1","python",".py"
"deserialize_scenario_05","deserialize","CWE-502","Désérialisation JSON","JSON est utilisé pour traiter des données structurées sans exécution de code.","data = json.loads(request.data)","0","python",".py"
"secret_scenario_10","secret","CWE-798","Mot de passe récupéré depuis l'environnement","Le mot de passe n'est pas stocké directement dans le programme.","password = os.environ[""DB_PASSWORD""]","0","python",".py"
"crypto_scenario_04","crypto","CWE-327","Algorithme DES obsolète","Un algorithme cryptographique ancien est utilisé.","cipher = DES.new(key, DES.MODE_ECB)","1","python",".py"
"cmdi_scenario_07","cmdi","CWE-78","Commande exécutée dynamiquement","Une entrée externe est utilisée dans une opération d'exécution dynamique.","eval(user_expression)","1","python",".py"
"sqli_scenario_08","sqli","CWE-89","SQL construit avec une f-string","Une donnée contrôlée par l'utilisateur est directement incorporée dans une requête SQL.","query = f""SELECT * FROM users WHERE id = {user_id}""","1","python",".py"
"crypto_scenario_04","crypto","CWE-327","Mode ECB","Le mode ECB ne protège pas correctement les motifs des données.","cipher = AES.new(key, AES.MODE_ECB)","1","python",".py"
"crypto_scenario_10","crypto","CWE-327","Bcrypt pour mot de passe","Bcrypt est utilisé pour le stockage sécurisé des mots de passe.","password_hash = bcrypt.hashpw(password, bcrypt.gensalt())","0","python",".py"
"debug_scenario_10","debug","CWE-489","Django DEBUG activé","Le paramètre DEBUG est activé dans une configuration de production.","DEBUG = True","1","python",".py"
"secret_scenario_03","secret","CWE-798","Token codé en dur","Un token d'accès est présent dans le programme.","TOKEN = ""ghp_123456789abcdef""","1","python",".py"
"crypto_scenario_03","crypto","CWE-327","AES-GCM","AES-GCM est utilisé comme mode de chiffrement authentifié.","cipher = AES.new(key, AES.MODE_GCM)","0","python",".py"
"crypto_scenario_04","crypto","CWE-327","AES-GCM","AES-GCM est utilisé comme mode de chiffrement authentifié.","cipher = AES.new(key, AES.MODE_GCM)","0","python",".py"
"sqli_scenario_09","sqli","CWE-89","Requête SQL paramétrée","La valeur utilisateur est transmise comme paramètre séparé.","cursor.execute(""SELECT * FROM users WHERE name = ?"", (username,))","0","python",".py"
"cmdi_scenario_08","cmdi","CWE-78","Commande contrôlée par liste blanche","Seules des valeurs autorisées peuvent être utilisées comme argument.","if host in ALLOWED_HOSTS: subprocess.run([""ping"", host])","0","python",".py"
"xss_scenario_10","xss","CWE-79","Contenu traité avant rendu","La donnée est nettoyée avant son utilisation dans la réponse.","safe_name = escape(username)","0","python",".py"
"secret_scenario_10","secret","CWE-798","Secret récupéré depuis un gestionnaire","L'application utilise un gestionnaire de secrets.","password = secrets_manager.get(""database/password"")","0","python",".py"
"cmdi_scenario_10","cmdi","CWE-78","Commande système constante","La commande ne dépend d'aucune entrée utilisateur.","subprocess.run([""whoami""], check=True)","0","python",".py"
"xss_scenario_10","xss","CWE-79","Template avec échappement automatique","Le moteur de template effectue l'échappement de la variable.","return render_template(""profile.html"", username=username)","0","python",".py"
"xss_scenario_08","xss","CWE-79","Réponse HTML non échappée","La réponse contient directement une donnée provenant de la requête.","return ""<script>"" + value + ""</script>""","1","python",".py"
"xss_scenario_01","xss","CWE-79","Réponse HTML non échappée","La réponse contient directement une donnée provenant de la requête.","return ""<script>"" + value + ""</script>""","1","python",".py"
"debug_scenario_10","debug","CWE-489","Flask en mode debug","L'application Flask est exécutée avec le mode debug activé.","app.run(debug=True)","1","python",".py"
"secret_scenario_01","secret","CWE-798","Token codé en dur","Un token d'accès est présent dans le programme.","TOKEN = ""ghp_123456789abcdef""","1","python",".py"
"secret_scenario_03","secret","CWE-798","Clé API codée en dur","Une clé API est directement présente dans le code source.","API_KEY = ""sk_live_123456789""","1","python",".py"
"pathtraver_scenario_05","pathtraver","CWE-22","Fichier sélectionné depuis une liste autorisée","Le fichier est choisi parmi des ressources connues.","path = ALLOWED_FILES[file_id]","0","python",".py"
"pathtraver_scenario_01","pathtraver","CWE-22","Fichier sélectionné depuis une liste autorisée","Le fichier est choisi parmi des ressources connues.","path = ALLOWED_FILES[file_id]","0","python",".py"
"pathtraver_scenario_07","pathtraver","CWE-22","Fichier contrôlé par utilisateur","Un nom de fichier fourni par l'utilisateur est utilisé directement.","with open(""/var/www/files/"" + filename) as f:","1","python",".py"
"sqli_scenario_10","sqli","CWE-89","SQL avec formatage percent","Une valeur utilisateur est injectée dans une chaîne SQL.","query = ""SELECT * FROM accounts WHERE email = '%s'"" % email","1","python",".py"
"crypto_scenario_07","crypto","CWE-327","SHA-256","Une fonction de hachage moderne est utilisée.","digest = hashlib.sha256(data).hexdigest()","0","python",".py"
"pathtraver_scenario_06","pathtraver","CWE-22","Vérification du chemin réel","Le chemin est vérifié avant l'accès au fichier.","path = os.path.realpath(os.path.join(BASE_DIR, filename))","0","python",".py"
"pathtraver_scenario_01","pathtraver","CWE-22","Chemin construit avec une entrée utilisateur","Une entrée externe influence directement le chemin d'accès.","path = os.path.join(""/uploads"", filename); open(path)","1","python",".py"
"debug_scenario_03","debug","CWE-489","Flask en mode debug","L'application Flask est exécutée avec le mode debug activé.","app.run(debug=True)","1","python",".py"
"debug_scenario_07","debug","CWE-489","Configuration sécurisée","La configuration de production désactive les informations de debug.","app.config.update(DEBUG=False)","0","python",".py"
