test_name,vuln_type,cwe,line,real_vulnerability
BenchmarkTest01304,sqli,CWE-89,52,1
BenchmarkTest02628,sqli,CWE-89,68,1
BenchmarkTest02534,sqli,CWE-89,55,1
BenchmarkTest01389,sqli,CWE-89,55,0
BenchmarkTest00100,sqli,CWE-89,76,1
BenchmarkTest01464,sqli,CWE-89,66,1
BenchmarkTest01390,sqli,CWE-89,56,1
BenchmarkTest01388,sqli,CWE-89,56,1
BenchmarkTest02637,sqli,CWE-89,66,0
BenchmarkTest01391,sqli,CWE-89,57,1
BenchmarkTest01625,sqli,CWE-89,54,1
BenchmarkTest01392,sqli,CWE-89,57,0
BenchmarkTest01462,sqli,CWE-89,68,1
BenchmarkTest02181,sqli,CWE-89,50,1
BenchmarkTest01461,sqli,CWE-89,68,0
BenchmarkTest01463,sqli,CWE-89,68,1
BenchmarkTest01466,sqli,CWE-89,64,1
BenchmarkTest00101,sqli,CWE-89,81,1
BenchmarkTest01387,sqli,CWE-89,56,0
BenchmarkTest01382,sqli,CWE-89,57,1
BenchmarkTest00337,sqli,CWE-89,69,1
BenchmarkTest01470,sqli,CWE-89,64,1
BenchmarkTest01383,sqli,CWE-89,57,1
BenchmarkTest01384,sqli,CWE-89,57,1
BenchmarkTest00103,sqli,CWE-89,75,1
BenchmarkTest01469,sqli,CWE-89,64,0
BenchmarkTest01385,sqli,CWE-89,57,0
BenchmarkTest00338,sqli,CWE-89,65,0
BenchmarkTest01468,sqli,CWE-89,64,0
BenchmarkTest01386,sqli,CWE-89,56,0
BenchmarkTest00102,sqli,CWE-89,70,1
BenchmarkTest02653,sqli,CWE-89,66,1
BenchmarkTest02182,sqli,CWE-89,50,1
BenchmarkTest01467,sqli,CWE-89,64,0
BenchmarkTest01623,sqli,CWE-89,57,1
BenchmarkTest00589,sqli,CWE-89,80,0
BenchmarkTest00190,sqli,CWE-89,71,0
BenchmarkTest01622,sqli,CWE-89,57,0
BenchmarkTest01808,sqli,CWE-89,51,0
BenchmarkTest00838,sqli,CWE-89,87,0
BenchmarkTest02179,sqli,CWE-89,51,1
BenchmarkTest00197,sqli,CWE-89,67,0
BenchmarkTest01084,sqli,CWE-89,57,1
BenchmarkTest01805,sqli,CWE-89,52,0
BenchmarkTest01809,sqli,CWE-89,50,0
BenchmarkTest01804,sqli,CWE-89,52,0
BenchmarkTest00839,sqli,CWE-89,74,1
BenchmarkTest00198,sqli,CWE-89,59,1
BenchmarkTest02538,sqli,CWE-89,53,0
BenchmarkTest02353,sqli,CWE-89,66,0
BenchmarkTest00199,sqli,CWE-89,64,1
BenchmarkTest01087,sqli,CWE-89,56,1
BenchmarkTest01803,sqli,CWE-89,53,0
BenchmarkTest01083,sqli,CWE-89,57,1
BenchmarkTest01810,sqli,CWE-89,50,0
BenchmarkTest01556,sqli,CWE-89,52,0
BenchmarkTest01460,sqli,CWE-89,68,1
BenchmarkTest00191,sqli,CWE-89,80,0
BenchmarkTest00344,sqli,CWE-89,67,0
BenchmarkTest00192,sqli,CWE-89,78,1
BenchmarkTest01459,sqli,CWE-89,67,0
BenchmarkTest01621,sqli,CWE-89,57,1
BenchmarkTest00193,sqli,CWE-89,65,1
BenchmarkTest01620,sqli,CWE-89,56,1
BenchmarkTest01552,sqli,CWE-89,53,1
BenchmarkTest01554,sqli,CWE-89,51,1
BenchmarkTest01555,sqli,CWE-89,52,0
BenchmarkTest01813,sqli,CWE-89,50,0
BenchmarkTest01812,sqli,CWE-89,50,0
BenchmarkTest00837,sqli,CWE-89,76,0
BenchmarkTest01811,sqli,CWE-89,50,0
BenchmarkTest02535,sqli,CWE-89,55,1
BenchmarkTest02636,sqli,CWE-89,66,0
BenchmarkTest02533,sqli,CWE-89,55,1
BenchmarkTest00590,sqli,CWE-89,76,1
BenchmarkTest02531,sqli,CWE-89,55,1
BenchmarkTest00673,sqli,CWE-89,61,1
BenchmarkTest00674,sqli,CWE-89,69,0
BenchmarkTest00675,sqli,CWE-89,61,0
BenchmarkTest00676,sqli,CWE-89,61,0
BenchmarkTest00328,sqli,CWE-89,68,1
BenchmarkTest00672,sqli,CWE-89,62,0
BenchmarkTest00677,sqli,CWE-89,57,1
BenchmarkTest00678,sqli,CWE-89,60,1
BenchmarkTest00679,sqli,CWE-89,54,1
BenchmarkTest00329,sqli,CWE-89,68,0
BenchmarkTest00681,sqli,CWE-89,55,1
BenchmarkTest00604,sqli,CWE-89,72,1
BenchmarkTest00038,sqli,CWE-89,65,1
BenchmarkTest02634,sqli,CWE-89,66,0
BenchmarkTest00039,sqli,CWE-89,65,1
BenchmarkTest01208,sqli,CWE-89,61,1
BenchmarkTest01209,sqli,CWE-89,59,1
BenchmarkTest02631,sqli,CWE-89,66,0
BenchmarkTest02632,sqli,CWE-89,66,1
BenchmarkTest01219,sqli,CWE-89,59,0
BenchmarkTest02528,sqli,CWE-89,56,1
BenchmarkTest00052,sqli,CWE-89,55,0
BenchmarkTest02529,sqli,CWE-89,56,0
BenchmarkTest01215,sqli,CWE-89,58,0
BenchmarkTest02633,sqli,CWE-89,66,0
BenchmarkTest02530,sqli,CWE-89,57,1
BenchmarkTest01213,sqli,CWE-89,59,0
BenchmarkTest02630,sqli,CWE-89,68,1
BenchmarkTest02188,sqli,CWE-89,52,0
BenchmarkTest01212,sqli,CWE-89,59,0
BenchmarkTest01211,sqli,CWE-89,59,1
BenchmarkTest01210,sqli,CWE-89,59,1
BenchmarkTest00330,sqli,CWE-89,76,0
BenchmarkTest00331,sqli,CWE-89,67,0
BenchmarkTest02629,sqli,CWE-89,68,0
BenchmarkTest00996,sqli,CWE-89,70,1
BenchmarkTest02532,sqli,CWE-89,55,1
BenchmarkTest00596,sqli,CWE-89,76,1
BenchmarkTest00334,sqli,CWE-89,75,0
BenchmarkTest00595,sqli,CWE-89,74,1
BenchmarkTest00594,sqli,CWE-89,73,1
BenchmarkTest00335,sqli,CWE-89,67,1
BenchmarkTest01378,sqli,CWE-89,59,0
BenchmarkTest00593,sqli,CWE-89,87,1
BenchmarkTest01379,sqli,CWE-89,59,1
BenchmarkTest02183,sqli,CWE-89,50,0
BenchmarkTest00592,sqli,CWE-89,82,0
BenchmarkTest01380,sqli,CWE-89,59,0
BenchmarkTest00591,sqli,CWE-89,69,1
BenchmarkTest00336,sqli,CWE-89,66,0
BenchmarkTest01381,sqli,CWE-89,57,1
BenchmarkTest00597,sqli,CWE-89,67,1
BenchmarkTest02354,sqli,CWE-89,66,1
BenchmarkTest02635,sqli,CWE-89,66,1
BenchmarkTest00333,sqli,CWE-89,67,0
BenchmarkTest02727,sqli,CWE-89,52,0
BenchmarkTest02728,sqli,CWE-89,52,0
BenchmarkTest02729,sqli,CWE-89,52,0
BenchmarkTest02730,sqli,CWE-89,52,0
BenchmarkTest02449,sqli,CWE-89,55,1
BenchmarkTest02450,sqli,CWE-89,53,0
BenchmarkTest02732,sqli,CWE-89,50,0
BenchmarkTest02733,sqli,CWE-89,50,0
BenchmarkTest02734,sqli,CWE-89,51,0
BenchmarkTest02735,sqli,CWE-89,51,0
BenchmarkTest02736,sqli,CWE-89,50,0
BenchmarkTest00332,sqli,CWE-89,75,0
BenchmarkTest02452,sqli,CWE-89,51,0
BenchmarkTest00037,sqli,CWE-89,67,1
BenchmarkTest02453,sqli,CWE-89,51,1
BenchmarkTest00598,sqli,CWE-89,70,1
BenchmarkTest02178,sqli,CWE-89,50,1
BenchmarkTest02180,sqli,CWE-89,51,0
BenchmarkTest02098,sqli,CWE-89,59,0
BenchmarkTest02170,sqli,CWE-89,54,1
BenchmarkTest01004,sqli,CWE-89,69,1
BenchmarkTest02361,sqli,CWE-89,64,0
BenchmarkTest01961,sqli,CWE-89,57,0
BenchmarkTest00762,sqli,CWE-89,65,1
BenchmarkTest01879,sqli,CWE-89,69,0
BenchmarkTest02641,sqli,CWE-89,64,1
BenchmarkTest00428,sqli,CWE-89,64,1
BenchmarkTest01309,sqli,CWE-89,50,0
BenchmarkTest00761,sqli,CWE-89,77,1
BenchmarkTest01722,sqli,CWE-89,64,0
BenchmarkTest01880,sqli,CWE-89,69,0
BenchmarkTest01962,sqli,CWE-89,57,1
BenchmarkTest01088,sqli,CWE-89,56,1
BenchmarkTest01003,sqli,CWE-89,69,1
BenchmarkTest02171,sqli,CWE-89,52,1
BenchmarkTest01732,sqli,CWE-89,66,0
BenchmarkTest01723,sqli,CWE-89,65,1
BenchmarkTest01007,sqli,CWE-89,67,1
BenchmarkTest02097,sqli,CWE-89,59,0
BenchmarkTest00766,sqli,CWE-89,62,0
BenchmarkTest01877,sqli,CWE-89,71,0
BenchmarkTest01305,sqli,CWE-89,52,0
BenchmarkTest01718,sqli,CWE-89,66,1
BenchmarkTest00763,sqli,CWE-89,76,0
BenchmarkTest01006,sqli,CWE-89,68,1
BenchmarkTest01724,sqli,CWE-89,64,1
BenchmarkTest02357,sqli,CWE-89,64,1
BenchmarkTest01878,sqli,CWE-89,69,0
BenchmarkTest00764,sqli,CWE-89,56,1
BenchmarkTest00997,sqli,CWE-89,71,1
BenchmarkTest00850,sqli,CWE-89,78,1
BenchmarkTest00765,sqli,CWE-89,57,1
BenchmarkTest01301,sqli,CWE-89,54,0
BenchmarkTest01002,sqli,CWE-89,69,1
BenchmarkTest00429,sqli,CWE-89,60,1
BenchmarkTest00431,sqli,CWE-89,58,1
BenchmarkTest01713,sqli,CWE-89,67,0
BenchmarkTest02643,sqli,CWE-89,64,1
BenchmarkTest00432,sqli,CWE-89,62,0
BenchmarkTest01714,sqli,CWE-89,68,0
BenchmarkTest01967,sqli,CWE-89,55,0
BenchmarkTest01712,sqli,CWE-89,67,1
BenchmarkTest00998,sqli,CWE-89,71,1
BenchmarkTest01715,sqli,CWE-89,66,1
BenchmarkTest02359,sqli,CWE-89,65,1
BenchmarkTest01716,sqli,CWE-89,66,1
BenchmarkTest00439,sqli,CWE-89,54,1
BenchmarkTest01717,sqli,CWE-89,66,0
BenchmarkTest02626,sqli,CWE-89,67,0
BenchmarkTest01719,sqli,CWE-89,66,0
BenchmarkTest01882,sqli,CWE-89,67,1
BenchmarkTest00999,sqli,CWE-89,71,0
BenchmarkTest01307,sqli,CWE-89,52,0
BenchmarkTest00760,sqli,CWE-89,63,1
BenchmarkTest00008,sqli,CWE-89,59,1
BenchmarkTest01306,sqli,CWE-89,52,1
BenchmarkTest02358,sqli,CWE-89,64,1
BenchmarkTest01964,sqli,CWE-89,55,1
BenchmarkTest01001,sqli,CWE-89,69,0
BenchmarkTest02642,sqli,CWE-89,64,1
BenchmarkTest01308,sqli,CWE-89,51,1
BenchmarkTest02625,sqli,CWE-89,67,1
BenchmarkTest01965,sqli,CWE-89,56,0
BenchmarkTest00430,sqli,CWE-89,60,0
BenchmarkTest01721,sqli,CWE-89,64,1
BenchmarkTest02172,sqli,CWE-89,52,0
BenchmarkTest01000,sqli,CWE-89,71,1
BenchmarkTest01966,sqli,CWE-89,55,0
BenchmarkTest02264,sqli,CWE-89,58,1
BenchmarkTest01302,sqli,CWE-89,54,1
BenchmarkTest02173,sqli,CWE-89,52,0
BenchmarkTest00924,sqli,CWE-89,66,0
BenchmarkTest00433,sqli,CWE-89,58,1
BenchmarkTest00768,sqli,CWE-89,56,1
BenchmarkTest02274,sqli,CWE-89,55,0
BenchmarkTest00932,sqli,CWE-89,71,0
BenchmarkTest02265,sqli,CWE-89,59,0
BenchmarkTest01303,sqli,CWE-89,52,0
BenchmarkTest02276,sqli,CWE-89,56,0
BenchmarkTest00933,sqli,CWE-89,53,0
BenchmarkTest00844,sqli,CWE-89,76,0
BenchmarkTest00934,sqli,CWE-89,72,0
BenchmarkTest02277,sqli,CWE-89,55,1
BenchmarkTest00025,sqli,CWE-89,52,1
BenchmarkTest00929,sqli,CWE-89,73,0
BenchmarkTest02278,sqli,CWE-89,56,0
BenchmarkTest02279,sqli,CWE-89,56,0
BenchmarkTest00843,sqli,CWE-89,72,1
BenchmarkTest02280,sqli,CWE-89,56,0
BenchmarkTest02360,sqli,CWE-89,65,1
BenchmarkTest02281,sqli,CWE-89,55,1
BenchmarkTest02177,sqli,CWE-89,50,1
BenchmarkTest00842,sqli,CWE-89,77,1
BenchmarkTest00510,sqli,CWE-89,80,1
BenchmarkTest01089,sqli,CWE-89,55,0
BenchmarkTest00509,sqli,CWE-89,67,0
BenchmarkTest02627,sqli,CWE-89,68,1
BenchmarkTest02355,sqli,CWE-89,66,1
BenchmarkTest00935,sqli,CWE-89,71,0
BenchmarkTest00024,sqli,CWE-89,53,1
BenchmarkTest02275,sqli,CWE-89,56,1
BenchmarkTest00926,sqli,CWE-89,64,0
BenchmarkTest02091,sqli,CWE-89,57,1
BenchmarkTest02267,sqli,CWE-89,57,0
BenchmarkTest00767,sqli,CWE-89,75,1
BenchmarkTest01725,sqli,CWE-89,64,1
BenchmarkTest02089,sqli,CWE-89,59,0
BenchmarkTest00927,sqli,CWE-89,64,0
BenchmarkTest02268,sqli,CWE-89,57,0
BenchmarkTest02088,sqli,CWE-89,59,1
BenchmarkTest02087,sqli,CWE-89,59,1
BenchmarkTest02169,sqli,CWE-89,54,1
BenchmarkTest00925,sqli,CWE-89,55,0
BenchmarkTest02270,sqli,CWE-89,57,1
BenchmarkTest00928,sqli,CWE-89,60,0
BenchmarkTest02266,sqli,CWE-89,59,0
BenchmarkTest02271,sqli,CWE-89,57,0
BenchmarkTest02269,sqli,CWE-89,57,1
BenchmarkTest00979,cmdi,CWE-78,41,1
BenchmarkTest00976,weakrand,CWE-330,97,1
BenchmarkTest02186,sqli,CWE-89,43,1
BenchmarkTest00983,cmdi,CWE-78,71,1
BenchmarkTest00980,cmdi,CWE-78,51,0
BenchmarkTest00976,weakrand,CWE-330,51,1
BenchmarkTest00976,weakrand,CWE-330,65,1
BenchmarkTest00984,weakrand,CWE-330,40,0
BenchmarkTest00980,cmdi,CWE-78,41,0
BenchmarkTest00983,cmdi,CWE-78,51,1
BenchmarkTest00979,cmdi,CWE-78,51,1
BenchmarkTest00979,cmdi,CWE-78,88,1
BenchmarkTest00976,weakrand,CWE-330,41,1
BenchmarkTest00976,weakrand,CWE-330,40,1
BenchmarkTest00975,weakrand,CWE-330,107,1
BenchmarkTest00975,weakrand,CWE-330,96,1
BenchmarkTest00980,cmdi,CWE-78,40,0
BenchmarkTest00976,weakrand,CWE-330,76,1
BenchmarkTest00981,cmdi,CWE-78,40,1
BenchmarkTest00980,cmdi,CWE-78,72,0
BenchmarkTest00996,sqli,CWE-89,40,1
BenchmarkTest00995,trustbound,CWE-501,51,1
BenchmarkTest00981,cmdi,CWE-78,41,1
BenchmarkTest00996,sqli,CWE-89,41,1
BenchmarkTest00981,cmdi,CWE-78,51,1
BenchmarkTest00978,cmdi,CWE-78,51,0
BenchmarkTest00978,cmdi,CWE-78,41,0
BenchmarkTest02188,sqli,CWE-89,43,0
BenchmarkTest00978,cmdi,CWE-78,40,0
BenchmarkTest00977,securecookie,CWE-614,84,1
BenchmarkTest00977,securecookie,CWE-614,51,1
BenchmarkTest00976,weakrand,CWE-330,108,1
BenchmarkTest00982,cmdi,CWE-78,40,0
BenchmarkTest00982,cmdi,CWE-78,41,0
BenchmarkTest00982,cmdi,CWE-78,51,0
BenchmarkTest00978,cmdi,CWE-78,86,0
BenchmarkTest02189,xpathi,CWE-643,43,1
BenchmarkTest02187,sqli,CWE-89,43,1
BenchmarkTest00979,cmdi,CWE-78,40,1
BenchmarkTest00983,cmdi,CWE-78,40,1
BenchmarkTest00983,cmdi,CWE-78,41,1
BenchmarkTest00977,securecookie,CWE-614,40,1
BenchmarkTest02190,crypto,CWE-327,43,0
BenchmarkTest00977,securecookie,CWE-614,41,1
BenchmarkTest00989,weakrand,CWE-330,77,0
BenchmarkTest00985,weakrand,CWE-330,79,0
BenchmarkTest00984,weakrand,CWE-330,41,0
BenchmarkTest00991,trustbound,CWE-501,41,1
BenchmarkTest00986,weakrand,CWE-330,119,0
BenchmarkTest02182,sqli,CWE-89,43,1
BenchmarkTest00987,weakrand,CWE-330,40,0
BenchmarkTest00987,weakrand,CWE-330,41,0
BenchmarkTest00991,trustbound,CWE-501,40,1
BenchmarkTest00987,weakrand,CWE-330,51,0
BenchmarkTest00987,weakrand,CWE-330,77,0
BenchmarkTest02181,sqli,CWE-89,43,1
BenchmarkTest00987,weakrand,CWE-330,97,0
BenchmarkTest00990,weakrand,CWE-330,97,0
BenchmarkTest00975,weakrand,CWE-330,76,1
BenchmarkTest00988,weakrand,CWE-330,40,0
BenchmarkTest00988,weakrand,CWE-330,41,0
BenchmarkTest00988,weakrand,CWE-330,51,0
BenchmarkTest00990,weakrand,CWE-330,77,0
BenchmarkTest02180,sqli,CWE-89,43,0
BenchmarkTest00988,weakrand,CWE-330,77,0
BenchmarkTest00988,weakrand,CWE-330,97,0
BenchmarkTest02177,sqli,CWE-89,43,1
BenchmarkTest00990,weakrand,CWE-330,51,0
BenchmarkTest00990,weakrand,CWE-330,41,0
BenchmarkTest02179,sqli,CWE-89,43,1
BenchmarkTest00990,weakrand,CWE-330,40,0
BenchmarkTest02178,sqli,CWE-89,43,1
BenchmarkTest00989,weakrand,CWE-330,97,0
BenchmarkTest00989,weakrand,CWE-330,40,0
BenchmarkTest00989,weakrand,CWE-330,41,0
BenchmarkTest00989,weakrand,CWE-330,51,0
BenchmarkTest00986,weakrand,CWE-330,99,0
BenchmarkTest00995,trustbound,CWE-501,41,1
BenchmarkTest00986,weakrand,CWE-330,79,0
BenchmarkTest02176,sqli,CWE-89,43,0
BenchmarkTest00984,weakrand,CWE-330,51,0
BenchmarkTest00995,trustbound,CWE-501,40,1
BenchmarkTest00984,weakrand,CWE-330,66,0
BenchmarkTest00984,weakrand,CWE-330,79,0
BenchmarkTest02185,sqli,CWE-89,43,0
BenchmarkTest00994,trustbound,CWE-501,51,1
BenchmarkTest00994,trustbound,CWE-501,41,1
BenchmarkTest00994,trustbound,CWE-501,40,1
BenchmarkTest00984,weakrand,CWE-330,99,0
BenchmarkTest00984,weakrand,CWE-330,119,0
BenchmarkTest02184,sqli,CWE-89,43,0
BenchmarkTest00985,weakrand,CWE-330,40,0
BenchmarkTest02175,sqli,CWE-89,43,0
BenchmarkTest00985,weakrand,CWE-330,41,0
BenchmarkTest00985,weakrand,CWE-330,51,0
BenchmarkTest00985,weakrand,CWE-330,66,0
BenchmarkTest00985,weakrand,CWE-330,99,0
BenchmarkTest00993,trustbound,CWE-501,51,0
BenchmarkTest00985,weakrand,CWE-330,119,0
BenchmarkTest00993,trustbound,CWE-501,41,0
BenchmarkTest02183,sqli,CWE-89,43,0
BenchmarkTest00993,trustbound,CWE-501,40,0
BenchmarkTest00986,weakrand,CWE-330,40,0
BenchmarkTest00992,trustbound,CWE-501,51,0
BenchmarkTest00992,trustbound,CWE-501,41,0
BenchmarkTest00986,weakrand,CWE-330,41,0
BenchmarkTest00986,weakrand,CWE-330,51,0
BenchmarkTest00992,trustbound,CWE-501,40,0
BenchmarkTest00986,weakrand,CWE-330,66,0
BenchmarkTest00991,trustbound,CWE-501,51,1
BenchmarkTest02191,crypto,CWE-327,43,0
BenchmarkTest00961,hash,CWE-328,40,1
BenchmarkTest00975,weakrand,CWE-330,51,1
BenchmarkTest02205,pathtraver,CWE-22,43,1
BenchmarkTest02206,pathtraver,CWE-22,43,0
BenchmarkTest02207,pathtraver,CWE-22,43,0
BenchmarkTest02208,ldapi,CWE-90,43,1
BenchmarkTest02209,weakrand,CWE-330,43,1
BenchmarkTest02209,weakrand,CWE-330,64,1
BenchmarkTest02209,weakrand,CWE-330,85,1
BenchmarkTest02209,weakrand,CWE-330,86,1
BenchmarkTest02210,hash,CWE-328,43,0
BenchmarkTest00921,weakrand,CWE-330,88,0
BenchmarkTest00942,crypto,CWE-327,40,0
BenchmarkTest00921,weakrand,CWE-330,68,0
BenchmarkTest00920,weakrand,CWE-330,82,0
BenchmarkTest00920,weakrand,CWE-330,62,0
BenchmarkTest00919,weakrand,CWE-330,82,0
BenchmarkTest00919,weakrand,CWE-330,62,0
BenchmarkTest02212,hash,CWE-328,43,1
BenchmarkTest00918,weakrand,CWE-330,93,0
BenchmarkTest00918,weakrand,CWE-330,73,0
BenchmarkTest00917,weakrand,CWE-330,93,0
BenchmarkTest00917,weakrand,CWE-330,73,0
BenchmarkTest00916,weakrand,CWE-330,88,0
BenchmarkTest02211,hash,CWE-328,43,1
BenchmarkTest00942,crypto,CWE-327,41,0
BenchmarkTest00942,crypto,CWE-327,51,0
BenchmarkTest00943,crypto,CWE-327,40,0
BenchmarkTest00949,pathtraver,CWE-22,51,1
BenchmarkTest00949,pathtraver,CWE-22,41,1
BenchmarkTest00949,pathtraver,CWE-22,40,1
BenchmarkTest02202,pathtraver,CWE-22,43,0
BenchmarkTest00948,ldapi,CWE-90,51,0
BenchmarkTest00948,ldapi,CWE-90,41,0
BenchmarkTest00948,ldapi,CWE-90,40,0
BenchmarkTest00947,ldapi,CWE-90,51,1
BenchmarkTest00947,ldapi,CWE-90,41,1
BenchmarkTest00947,ldapi,CWE-90,40,1
BenchmarkTest00946,crypto,CWE-327,51,1
BenchmarkTest00946,crypto,CWE-327,41,1
BenchmarkTest00946,crypto,CWE-327,40,1
BenchmarkTest02203,pathtraver,CWE-22,43,0
BenchmarkTest00945,crypto,CWE-327,51,1
BenchmarkTest00945,crypto,CWE-327,41,1
BenchmarkTest00945,crypto,CWE-327,40,1
BenchmarkTest00944,crypto,CWE-327,51,0
BenchmarkTest00944,crypto,CWE-327,41,0
BenchmarkTest00944,crypto,CWE-327,40,0
BenchmarkTest02204,pathtraver,CWE-22,43,0
BenchmarkTest00943,crypto,CWE-327,51,0
BenchmarkTest00943,crypto,CWE-327,41,0
BenchmarkTest02213,hash,CWE-328,43,1
BenchmarkTest00916,weakrand,CWE-330,66,0
BenchmarkTest00915,weakrand,CWE-330,86,0
BenchmarkTest00915,weakrand,CWE-330,64,0
BenchmarkTest00901,weakrand,CWE-330,80,1
BenchmarkTest00901,weakrand,CWE-330,69,1
BenchmarkTest00900,weakrand,CWE-330,111,1
BenchmarkTest00900,weakrand,CWE-330,100,1
BenchmarkTest00900,weakrand,CWE-330,80,1
BenchmarkTest00900,weakrand,CWE-330,69,1
BenchmarkTest00899,weakrand,CWE-330,112,1
BenchmarkTest00899,weakrand,CWE-330,101,1
BenchmarkTest00899,weakrand,CWE-330,100,1
BenchmarkTest00899,weakrand,CWE-330,80,1
BenchmarkTest02219,hash,CWE-328,43,1
BenchmarkTest00899,weakrand,CWE-330,69,1
BenchmarkTest00898,weakrand,CWE-330,98,1
BenchmarkTest00898,weakrand,CWE-330,87,1
BenchmarkTest00898,weakrand,CWE-330,86,1
BenchmarkTest00898,weakrand,CWE-330,66,1
BenchmarkTest00898,weakrand,CWE-330,55,1
BenchmarkTest02220,hash,CWE-328,43,0
BenchmarkTest02221,xss,CWE-79,43,1
BenchmarkTest02222,xss,CWE-79,43,0
BenchmarkTest02223,xss,CWE-79,43,1
BenchmarkTest02224,xss,CWE-79,43,1
BenchmarkTest02225,xss,CWE-79,43,1
BenchmarkTest02218,hash,CWE-328,43,0
BenchmarkTest00950,pathtraver,CWE-22,40,1
BenchmarkTest00901,weakrand,CWE-330,100,1
BenchmarkTest00902,weakrand,CWE-330,55,1
BenchmarkTest00914,weakrand,CWE-330,107,0
BenchmarkTest00914,weakrand,CWE-330,87,0
BenchmarkTest02214,hash,CWE-328,43,0
BenchmarkTest00914,weakrand,CWE-330,67,0
BenchmarkTest00914,weakrand,CWE-330,51,0
BenchmarkTest00913,weakrand,CWE-330,106,0
BenchmarkTest00913,weakrand,CWE-330,86,0
BenchmarkTest00912,weakrand,CWE-330,93,0
BenchmarkTest00912,weakrand,CWE-330,73,0
BenchmarkTest02215,hash,CWE-328,43,0
BenchmarkTest00911,weakrand,CWE-330,88,0
BenchmarkTest00911,weakrand,CWE-330,68,0
BenchmarkTest02216,hash,CWE-328,43,0
BenchmarkTest00908,cmdi,CWE-78,76,0
BenchmarkTest00907,cmdi,CWE-78,77,0
BenchmarkTest00906,cmdi,CWE-78,75,0
BenchmarkTest00905,cmdi,CWE-78,71,0
BenchmarkTest02217,hash,CWE-328,43,1
BenchmarkTest00904,securecookie,CWE-614,76,0
BenchmarkTest00903,securecookie,CWE-614,88,1
BenchmarkTest00902,weakrand,CWE-330,97,1
BenchmarkTest00902,weakrand,CWE-330,86,1
BenchmarkTest00902,weakrand,CWE-330,66,1
BenchmarkTest00901,weakrand,CWE-330,111,1
BenchmarkTest00975,weakrand,CWE-330,65,1
BenchmarkTest00950,pathtraver,CWE-22,41,1
BenchmarkTest00951,pathtraver,CWE-22,40,0
BenchmarkTest00971,weakrand,CWE-330,96,1
BenchmarkTest00971,weakrand,CWE-330,76,1
BenchmarkTest00971,weakrand,CWE-330,65,1
BenchmarkTest00971,weakrand,CWE-330,51,1
BenchmarkTest00971,weakrand,CWE-330,41,1
BenchmarkTest00971,weakrand,CWE-330,40,1
BenchmarkTest00970,cmdi,CWE-78,51,0
BenchmarkTest00970,cmdi,CWE-78,41,0
BenchmarkTest00970,cmdi,CWE-78,40,0
BenchmarkTest02193,crypto,CWE-327,43,1
BenchmarkTest00971,weakrand,CWE-330,97,1
BenchmarkTest00969,cmdi,CWE-78,51,0
BenchmarkTest00969,cmdi,CWE-78,40,0
BenchmarkTest00968,cmdi,CWE-78,51,1
BenchmarkTest00968,cmdi,CWE-78,41,1
BenchmarkTest00968,cmdi,CWE-78,40,1
BenchmarkTest00967,hash,CWE-328,51,0
BenchmarkTest00967,hash,CWE-328,41,0
BenchmarkTest00967,hash,CWE-328,40,0
BenchmarkTest02194,crypto,CWE-327,43,1
BenchmarkTest00966,hash,CWE-328,51,0
BenchmarkTest00966,hash,CWE-328,41,0
BenchmarkTest00969,cmdi,CWE-78,41,0
BenchmarkTest00971,weakrand,CWE-330,108,1
BenchmarkTest00972,weakrand,CWE-330,40,1
BenchmarkTest00972,weakrand,CWE-330,41,1
BenchmarkTest00975,weakrand,CWE-330,41,1
BenchmarkTest00975,weakrand,CWE-330,40,1
BenchmarkTest00974,weakrand,CWE-330,107,1
BenchmarkTest00974,weakrand,CWE-330,96,1
BenchmarkTest00974,weakrand,CWE-330,76,1
BenchmarkTest00974,weakrand,CWE-330,65,1
BenchmarkTest00974,weakrand,CWE-330,51,1
BenchmarkTest00974,weakrand,CWE-330,41,1
BenchmarkTest00974,weakrand,CWE-330,40,1
BenchmarkTest00973,weakrand,CWE-330,107,1
BenchmarkTest00973,weakrand,CWE-330,96,1
BenchmarkTest00973,weakrand,CWE-330,76,1
BenchmarkTest00973,weakrand,CWE-330,65,1
BenchmarkTest00973,weakrand,CWE-330,51,1
BenchmarkTest00973,weakrand,CWE-330,41,1
BenchmarkTest00973,weakrand,CWE-330,40,1
BenchmarkTest00972,weakrand,CWE-330,108,1
BenchmarkTest00972,weakrand,CWE-330,97,1
BenchmarkTest00972,weakrand,CWE-330,96,1
BenchmarkTest02192,crypto,CWE-327,43,1
BenchmarkTest00972,weakrand,CWE-330,76,1
BenchmarkTest00972,weakrand,CWE-330,65,1
BenchmarkTest00972,weakrand,CWE-330,51,1
BenchmarkTest00966,hash,CWE-328,40,0
BenchmarkTest00965,hash,CWE-328,51,0
BenchmarkTest00965,hash,CWE-328,41,0
BenchmarkTest00965,hash,CWE-328,40,0
BenchmarkTest00958,pathtraver,CWE-22,40,0
BenchmarkTest00957,pathtraver,CWE-22,51,0
BenchmarkTest00957,pathtraver,CWE-22,41,0
BenchmarkTest00957,pathtraver,CWE-22,40,0
BenchmarkTest02200,pathtraver,CWE-22,43,0
BenchmarkTest00956,pathtraver,CWE-22,51,1
BenchmarkTest00956,pathtraver,CWE-22,41,1
BenchmarkTest00956,pathtraver,CWE-22,40,1
BenchmarkTest02201,pathtraver,CWE-22,43,0
BenchmarkTest00955,pathtraver,CWE-22,51,0
BenchmarkTest00955,pathtraver,CWE-22,41,0
BenchmarkTest00955,pathtraver,CWE-22,40,0
BenchmarkTest00954,pathtraver,CWE-22,51,0
BenchmarkTest00954,pathtraver,CWE-22,41,0
BenchmarkTest00954,pathtraver,CWE-22,40,0
BenchmarkTest00953,pathtraver,CWE-22,51,1
BenchmarkTest00953,pathtraver,CWE-22,41,1
BenchmarkTest00953,pathtraver,CWE-22,40,1
BenchmarkTest00952,pathtraver,CWE-22,51,1
BenchmarkTest00952,pathtraver,CWE-22,41,1
BenchmarkTest00952,pathtraver,CWE-22,40,1
BenchmarkTest00951,pathtraver,CWE-22,51,0
BenchmarkTest00951,pathtraver,CWE-22,41,0
BenchmarkTest00958,pathtraver,CWE-22,41,0
BenchmarkTest00950,pathtraver,CWE-22,51,1
BenchmarkTest00958,pathtraver,CWE-22,51,0
BenchmarkTest00959,ldapi,CWE-90,40,1
BenchmarkTest00964,hash,CWE-328,51,0
BenchmarkTest00964,hash,CWE-328,41,0
BenchmarkTest00964,hash,CWE-328,40,0
BenchmarkTest02195,crypto,CWE-327,43,1
BenchmarkTest00963,hash,CWE-328,51,1
BenchmarkTest00963,hash,CWE-328,41,1
BenchmarkTest00963,hash,CWE-328,40,1
BenchmarkTest00962,hash,CWE-328,51,0
BenchmarkTest00962,hash,CWE-328,41,0
BenchmarkTest00962,hash,CWE-328,40,0
BenchmarkTest00961,hash,CWE-328,51,1
BenchmarkTest00961,hash,CWE-328,41,1
BenchmarkTest02196,ldapi,CWE-90,43,1
BenchmarkTest00960,weakrand,CWE-330,98,1
BenchmarkTest00960,weakrand,CWE-330,97,1
BenchmarkTest02197,pathtraver,CWE-22,43,1
BenchmarkTest00960,weakrand,CWE-330,76,1
BenchmarkTest00960,weakrand,CWE-330,51,1
BenchmarkTest00960,weakrand,CWE-330,41,1
BenchmarkTest00960,weakrand,CWE-330,40,1
BenchmarkTest02198,pathtraver,CWE-22,43,1
BenchmarkTest00959,ldapi,CWE-90,51,1
BenchmarkTest00959,ldapi,CWE-90,41,1
BenchmarkTest02199,pathtraver,CWE-22,43,1
BenchmarkTest01369,weakrand,CWE-330,70,0
BenchmarkTest01007,sqli,CWE-89,40,1
BenchmarkTest02174,sqli,CWE-89,43,0
BenchmarkTest01079,weakrand,CWE-330,65,0
BenchmarkTest02135,xss,CWE-79,43,0
BenchmarkTest01079,weakrand,CWE-330,45,0
BenchmarkTest01079,weakrand,CWE-330,44,0
BenchmarkTest01078,weakrand,CWE-330,85,0
BenchmarkTest01078,weakrand,CWE-330,65,0
BenchmarkTest01078,weakrand,CWE-330,45,0
BenchmarkTest01078,weakrand,CWE-330,44,0
BenchmarkTest02136,xss,CWE-79,43,1
BenchmarkTest01077,weakrand,CWE-330,85,0
BenchmarkTest01077,weakrand,CWE-330,65,0
BenchmarkTest02137,cmdi,CWE-78,43,1
BenchmarkTest01077,weakrand,CWE-330,45,0
BenchmarkTest01077,weakrand,CWE-330,44,0
BenchmarkTest01076,weakrand,CWE-330,85,0
BenchmarkTest01076,weakrand,CWE-330,65,0
BenchmarkTest02138,weakrand,CWE-330,43,1
BenchmarkTest01076,weakrand,CWE-330,45,0
BenchmarkTest01076,weakrand,CWE-330,44,0
BenchmarkTest02138,weakrand,CWE-330,49,1
BenchmarkTest01075,weakrand,CWE-330,85,0
BenchmarkTest01075,weakrand,CWE-330,65,0
BenchmarkTest02138,weakrand,CWE-330,60,1
BenchmarkTest01075,weakrand,CWE-330,45,0
BenchmarkTest01075,weakrand,CWE-330,44,0
BenchmarkTest01079,weakrand,CWE-330,85,0
BenchmarkTest01074,weakrand,CWE-330,85,0
BenchmarkTest01080,trustbound,CWE-501,44,0
BenchmarkTest02134,xss,CWE-79,43,1
BenchmarkTest01090,sqli,CWE-89,45,1
BenchmarkTest01090,sqli,CWE-89,44,1
BenchmarkTest02129,xss,CWE-79,43,1
BenchmarkTest01089,sqli,CWE-89,45,0
BenchmarkTest01089,sqli,CWE-89,44,0
BenchmarkTest02130,xss,CWE-79,43,1
BenchmarkTest01088,sqli,CWE-89,45,1
BenchmarkTest01088,sqli,CWE-89,44,1
BenchmarkTest02131,xss,CWE-79,43,1
BenchmarkTest01087,sqli,CWE-89,45,1
BenchmarkTest01087,sqli,CWE-89,44,1
BenchmarkTest01086,sqli,CWE-89,45,0
BenchmarkTest01086,sqli,CWE-89,44,0
BenchmarkTest02132,xss,CWE-79,43,1
BenchmarkTest01085,sqli,CWE-89,45,0
BenchmarkTest01085,sqli,CWE-89,44,0
BenchmarkTest01084,sqli,CWE-89,45,1
BenchmarkTest01084,sqli,CWE-89,44,1
BenchmarkTest01083,sqli,CWE-89,45,1
BenchmarkTest01083,sqli,CWE-89,44,1
BenchmarkTest02133,xss,CWE-79,43,1
BenchmarkTest01082,trustbound,CWE-501,45,1
BenchmarkTest01082,trustbound,CWE-501,44,1
BenchmarkTest01081,trustbound,CWE-501,45,1
BenchmarkTest01081,trustbound,CWE-501,44,1
BenchmarkTest01080,trustbound,CWE-501,45,0
BenchmarkTest01091,sqli,CWE-89,44,1
BenchmarkTest02138,weakrand,CWE-330,80,1
BenchmarkTest02138,weakrand,CWE-330,81,1
BenchmarkTest01070,weakrand,CWE-330,70,0
BenchmarkTest01070,weakrand,CWE-330,54,0
BenchmarkTest01070,weakrand,CWE-330,45,0
BenchmarkTest01070,weakrand,CWE-330,44,0
BenchmarkTest02140,weakrand,CWE-330,59,1
BenchmarkTest01069,weakrand,CWE-330,90,0
BenchmarkTest01069,weakrand,CWE-330,70,0
BenchmarkTest02140,weakrand,CWE-330,79,1
BenchmarkTest01069,weakrand,CWE-330,45,0
BenchmarkTest01069,weakrand,CWE-330,44,0
BenchmarkTest02140,weakrand,CWE-330,90,1
BenchmarkTest02141,weakrand,CWE-330,43,1
BenchmarkTest01068,cmdi,CWE-78,45,0
BenchmarkTest01068,cmdi,CWE-78,44,0
BenchmarkTest02141,weakrand,CWE-330,48,1
BenchmarkTest01067,cmdi,CWE-78,59,0
BenchmarkTest01067,cmdi,CWE-78,45,0
BenchmarkTest01067,cmdi,CWE-78,44,0
BenchmarkTest01066,cmdi,CWE-78,60,1
BenchmarkTest01066,cmdi,CWE-78,45,1
BenchmarkTest01066,cmdi,CWE-78,44,1
BenchmarkTest02141,weakrand,CWE-330,59,1
BenchmarkTest01065,cmdi,CWE-78,74,0
BenchmarkTest01065,cmdi,CWE-78,45,0
BenchmarkTest01065,cmdi,CWE-78,44,0
BenchmarkTest02140,weakrand,CWE-330,48,1
BenchmarkTest01074,weakrand,CWE-330,65,0
BenchmarkTest01070,weakrand,CWE-330,90,0
BenchmarkTest02140,weakrand,CWE-330,43,1
BenchmarkTest01074,weakrand,CWE-330,45,0
BenchmarkTest01074,weakrand,CWE-330,44,0
BenchmarkTest02138,weakrand,CWE-330,92,1
BenchmarkTest01073,weakrand,CWE-330,90,0
BenchmarkTest01073,weakrand,CWE-330,70,0
BenchmarkTest01073,weakrand,CWE-330,45,0
BenchmarkTest01073,weakrand,CWE-330,44,0
BenchmarkTest02139,weakrand,CWE-330,43,1
BenchmarkTest01072,weakrand,CWE-330,107,0
BenchmarkTest01072,weakrand,CWE-330,87,0
BenchmarkTest02139,weakrand,CWE-330,48,1
BenchmarkTest01072,weakrand,CWE-330,67,0
BenchmarkTest01072,weakrand,CWE-330,54,0
BenchmarkTest01072,weakrand,CWE-330,45,0
BenchmarkTest01072,weakrand,CWE-330,44,0
BenchmarkTest02139,weakrand,CWE-330,59,1
BenchmarkTest01071,weakrand,CWE-330,110,0
BenchmarkTest01071,weakrand,CWE-330,90,0
BenchmarkTest02139,weakrand,CWE-330,79,1
BenchmarkTest01071,weakrand,CWE-330,70,0
BenchmarkTest02139,weakrand,CWE-330,80,1
BenchmarkTest01071,weakrand,CWE-330,54,0
BenchmarkTest01071,weakrand,CWE-330,45,0
BenchmarkTest01071,weakrand,CWE-330,44,0
BenchmarkTest02139,weakrand,CWE-330,92,1
BenchmarkTest01070,weakrand,CWE-330,110,0
BenchmarkTest01091,sqli,CWE-89,45,1
BenchmarkTest01092,sqli,CWE-89,44,0
BenchmarkTest01092,sqli,CWE-89,45,0
BenchmarkTest01123,hash,CWE-328,44,1
BenchmarkTest02112,pathtraver,CWE-22,43,1
BenchmarkTest01122,hash,CWE-328,52,0
BenchmarkTest01122,hash,CWE-328,44,0
BenchmarkTest01121,hash,CWE-328,52,0
BenchmarkTest01121,hash,CWE-328,44,0
BenchmarkTest02113,pathtraver,CWE-22,43,1
BenchmarkTest02114,ldapi,CWE-90,43,0
BenchmarkTest01120,hash,CWE-328,52,0
BenchmarkTest01120,hash,CWE-328,44,0
BenchmarkTest02115,ldapi,CWE-90,43,0
BenchmarkTest01119,weakrand,CWE-330,95,1
BenchmarkTest01119,weakrand,CWE-330,94,1
BenchmarkTest01119,weakrand,CWE-330,73,1
BenchmarkTest02116,ldapi,CWE-90,43,0
BenchmarkTest01119,weakrand,CWE-330,52,1
BenchmarkTest01119,weakrand,CWE-330,44,1
BenchmarkTest01118,pathtraver,CWE-22,52,0
BenchmarkTest01118,pathtraver,CWE-22,44,0
BenchmarkTest02117,weakrand,CWE-330,43,1
BenchmarkTest01117,pathtraver,CWE-22,52,1
BenchmarkTest01117,pathtraver,CWE-22,44,1
BenchmarkTest01116,pathtraver,CWE-22,52,1
BenchmarkTest01116,pathtraver,CWE-22,44,1
BenchmarkTest02117,weakrand,CWE-330,59,1
BenchmarkTest01123,hash,CWE-328,52,1
BenchmarkTest02117,weakrand,CWE-330,80,1
BenchmarkTest01124,hash,CWE-328,44,1
BenchmarkTest01125,hash,CWE-328,44,0
BenchmarkTest01129,weakrand,CWE-330,104,1
BenchmarkTest01129,weakrand,CWE-330,93,1
BenchmarkTest01129,weakrand,CWE-330,73,1
BenchmarkTest01129,weakrand,CWE-330,62,1
BenchmarkTest01129,weakrand,CWE-330,52,1
BenchmarkTest01129,weakrand,CWE-330,44,1
BenchmarkTest02109,pathtraver,CWE-22,43,1
BenchmarkTest01128,weakrand,CWE-330,104,1
BenchmarkTest01128,weakrand,CWE-330,93,1
BenchmarkTest01128,weakrand,CWE-330,73,1
BenchmarkTest01128,weakrand,CWE-330,62,1
BenchmarkTest01128,weakrand,CWE-330,52,1
BenchmarkTest01128,weakrand,CWE-330,44,1
BenchmarkTest01127,weakrand,CWE-330,105,1
BenchmarkTest01127,weakrand,CWE-330,94,1
BenchmarkTest01127,weakrand,CWE-330,93,1
BenchmarkTest01127,weakrand,CWE-330,73,1
BenchmarkTest02110,pathtraver,CWE-22,43,0
BenchmarkTest01127,weakrand,CWE-330,62,1
BenchmarkTest01127,weakrand,CWE-330,52,1
BenchmarkTest01127,weakrand,CWE-330,44,1
BenchmarkTest01126,hash,CWE-328,52,0
BenchmarkTest01126,hash,CWE-328,44,0
BenchmarkTest02111,pathtraver,CWE-22,43,0
BenchmarkTest01125,hash,CWE-328,52,0
BenchmarkTest01124,hash,CWE-328,52,1
BenchmarkTest01115,pathtraver,CWE-22,52,0
BenchmarkTest01115,pathtraver,CWE-22,44,0
BenchmarkTest02117,weakrand,CWE-330,81,1
BenchmarkTest01101,crypto,CWE-327,52,0
BenchmarkTest01101,crypto,CWE-327,44,0
BenchmarkTest02122,xss,CWE-79,43,0
BenchmarkTest02123,xss,CWE-79,43,1
BenchmarkTest01100,crypto,CWE-327,52,0
BenchmarkTest01100,crypto,CWE-327,44,0
BenchmarkTest02124,xss,CWE-79,43,1
BenchmarkTest01099,crypto,CWE-327,52,1
BenchmarkTest01099,crypto,CWE-327,44,1
BenchmarkTest02125,xss,CWE-79,43,0
BenchmarkTest01098,sqli,CWE-89,45,0
BenchmarkTest01098,sqli,CWE-89,44,0
BenchmarkTest02126,xss,CWE-79,43,1
BenchmarkTest01097,sqli,CWE-89,45,1
BenchmarkTest01097,sqli,CWE-89,44,1
BenchmarkTest01096,sqli,CWE-89,45,0
BenchmarkTest01096,sqli,CWE-89,44,0
BenchmarkTest01095,sqli,CWE-89,45,0
BenchmarkTest01095,sqli,CWE-89,44,0
BenchmarkTest02127,xss,CWE-79,43,1
BenchmarkTest01094,sqli,CWE-89,45,1
BenchmarkTest01094,sqli,CWE-89,44,1
BenchmarkTest01093,sqli,CWE-89,45,1
BenchmarkTest01093,sqli,CWE-89,44,1
BenchmarkTest02128,xss,CWE-79,43,1
BenchmarkTest01102,crypto,CWE-327,44,1
BenchmarkTest01102,crypto,CWE-327,52,1
BenchmarkTest01103,crypto,CWE-327,44,1
BenchmarkTest01103,crypto,CWE-327,52,1
BenchmarkTest02118,hash,CWE-328,43,1
BenchmarkTest01114,pathtraver,CWE-22,52,0
BenchmarkTest01114,pathtraver,CWE-22,44,0
BenchmarkTest01113,pathtraver,CWE-22,52,0
BenchmarkTest01113,pathtraver,CWE-22,44,0
BenchmarkTest01112,pathtraver,CWE-22,52,1
BenchmarkTest01112,pathtraver,CWE-22,44,1
BenchmarkTest01111,pathtraver,CWE-22,52,1
BenchmarkTest01111,pathtraver,CWE-22,44,1
BenchmarkTest01110,pathtraver,CWE-22,52,0
BenchmarkTest01110,pathtraver,CWE-22,44,0
BenchmarkTest01109,pathtraver,CWE-22,52,0
BenchmarkTest02141,weakrand,CWE-330,80,1
BenchmarkTest01109,pathtraver,CWE-22,44,0
BenchmarkTest01108,crypto,CWE-327,52,0
BenchmarkTest01108,crypto,CWE-327,44,0
BenchmarkTest01107,crypto,CWE-327,52,1
BenchmarkTest01107,crypto,CWE-327,44,1
BenchmarkTest02120,hash,CWE-328,43,0
BenchmarkTest01106,crypto,CWE-327,52,1
BenchmarkTest01106,crypto,CWE-327,44,1
BenchmarkTest01105,crypto,CWE-327,52,1
BenchmarkTest01105,crypto,CWE-327,44,1
BenchmarkTest01104,crypto,CWE-327,52,0
BenchmarkTest01104,crypto,CWE-327,44,0
BenchmarkTest02121,hash,CWE-328,43,1
BenchmarkTest02119,hash,CWE-328,43,0
BenchmarkTest02141,weakrand,CWE-330,91,1
BenchmarkTest01064,cmdi,CWE-78,62,1
BenchmarkTest01064,cmdi,CWE-78,45,1
BenchmarkTest01020,crypto,CWE-327,45,1
BenchmarkTest01020,crypto,CWE-327,44,1
BenchmarkTest02162,weakrand,CWE-330,43,0
BenchmarkTest02162,weakrand,CWE-330,60,0
BenchmarkTest01019,crypto,CWE-327,45,0
BenchmarkTest01019,crypto,CWE-327,44,0
BenchmarkTest02162,weakrand,CWE-330,80,0
BenchmarkTest01018,crypto,CWE-327,45,1
BenchmarkTest01018,crypto,CWE-327,44,1
BenchmarkTest02163,weakrand,CWE-330,43,0
BenchmarkTest02163,weakrand,CWE-330,60,0
BenchmarkTest02163,weakrand,CWE-330,80,0
BenchmarkTest01017,crypto,CWE-327,45,1
BenchmarkTest01017,crypto,CWE-327,44,1
BenchmarkTest02164,weakrand,CWE-330,43,0
BenchmarkTest01016,crypto,CWE-327,45,1
BenchmarkTest01016,crypto,CWE-327,44,1
BenchmarkTest02164,weakrand,CWE-330,60,0
BenchmarkTest02164,weakrand,CWE-330,80,0
BenchmarkTest01015,crypto,CWE-327,45,1
BenchmarkTest01015,crypto,CWE-327,44,1
BenchmarkTest02165,trustbound,CWE-501,43,1
BenchmarkTest01014,xpathi,CWE-643,51,0
BenchmarkTest01014,xpathi,CWE-643,41,0
BenchmarkTest01014,xpathi,CWE-643,40,0
BenchmarkTest02161,weakrand,CWE-330,80,0
BenchmarkTest02166,trustbound,CWE-501,43,0
BenchmarkTest02161,weakrand,CWE-330,60,0
BenchmarkTest01021,crypto,CWE-327,45,0
BenchmarkTest01029,pathtraver,CWE-22,45,1
BenchmarkTest01029,pathtraver,CWE-22,44,1
BenchmarkTest02159,weakrand,CWE-330,43,0
BenchmarkTest01028,pathtraver,CWE-22,45,0
BenchmarkTest01028,pathtraver,CWE-22,44,0
BenchmarkTest02159,weakrand,CWE-330,61,0
BenchmarkTest01027,pathtraver,CWE-22,45,0
BenchmarkTest01027,pathtraver,CWE-22,44,0
BenchmarkTest02159,weakrand,CWE-330,83,0
BenchmarkTest01026,pathtraver,CWE-22,45,0
BenchmarkTest01026,pathtraver,CWE-22,44,0
BenchmarkTest01025,pathtraver,CWE-22,45,1
BenchmarkTest01025,pathtraver,CWE-22,44,1
BenchmarkTest02160,weakrand,CWE-330,43,0
BenchmarkTest01024,ldapi,CWE-90,45,0
BenchmarkTest01024,ldapi,CWE-90,44,0
BenchmarkTest02160,weakrand,CWE-330,49,0
BenchmarkTest01023,ldapi,CWE-90,45,1
BenchmarkTest01023,ldapi,CWE-90,44,1
BenchmarkTest02160,weakrand,CWE-330,62,0
BenchmarkTest02160,weakrand,CWE-330,82,0
BenchmarkTest02160,weakrand,CWE-330,102,0
BenchmarkTest01022,crypto,CWE-327,45,0
BenchmarkTest01022,crypto,CWE-327,44,0
BenchmarkTest02161,weakrand,CWE-330,43,0
BenchmarkTest01021,crypto,CWE-327,44,0
BenchmarkTest01013,xpathi,CWE-643,51,0
BenchmarkTest01013,xpathi,CWE-643,41,0
BenchmarkTest01013,xpathi,CWE-643,40,0
BenchmarkTest01004,sqli,CWE-89,40,1
BenchmarkTest01003,sqli,CWE-89,51,1
BenchmarkTest01003,sqli,CWE-89,41,1
BenchmarkTest01003,sqli,CWE-89,40,1
BenchmarkTest02171,sqli,CWE-89,43,1
BenchmarkTest01002,sqli,CWE-89,51,1
BenchmarkTest01002,sqli,CWE-89,41,1
BenchmarkTest01002,sqli,CWE-89,40,1
BenchmarkTest02172,sqli,CWE-89,43,0
BenchmarkTest01001,sqli,CWE-89,51,0
BenchmarkTest01001,sqli,CWE-89,41,0
BenchmarkTest01001,sqli,CWE-89,40,0
BenchmarkTest01000,sqli,CWE-89,51,1
BenchmarkTest01000,sqli,CWE-89,41,1
BenchmarkTest01000,sqli,CWE-89,40,1
BenchmarkTest00999,sqli,CWE-89,51,0
BenchmarkTest00999,sqli,CWE-89,41,0
BenchmarkTest00999,sqli,CWE-89,40,0
BenchmarkTest02173,sqli,CWE-89,43,0
BenchmarkTest00998,sqli,CWE-89,51,1
BenchmarkTest00998,sqli,CWE-89,41,1
BenchmarkTest00998,sqli,CWE-89,40,1
BenchmarkTest00997,sqli,CWE-89,51,1
BenchmarkTest00997,sqli,CWE-89,41,1
BenchmarkTest00997,sqli,CWE-89,40,1
BenchmarkTest01004,sqli,CWE-89,41,1
BenchmarkTest01004,sqli,CWE-89,51,1
BenchmarkTest01005,sqli,CWE-89,40,1
BenchmarkTest01005,sqli,CWE-89,41,1
BenchmarkTest02167,trustbound,CWE-501,43,1
BenchmarkTest01012,sqli,CWE-89,51,0
BenchmarkTest01012,sqli,CWE-89,41,0
BenchmarkTest01012,sqli,CWE-89,40,0
BenchmarkTest02168,trustbound,CWE-501,43,0
BenchmarkTest01011,sqli,CWE-89,51,1
BenchmarkTest01011,sqli,CWE-89,41,1
BenchmarkTest01011,sqli,CWE-89,40,1
BenchmarkTest01010,sqli,CWE-89,51,0
BenchmarkTest01010,sqli,CWE-89,41,0
BenchmarkTest01010,sqli,CWE-89,40,0
BenchmarkTest02169,sqli,CWE-89,43,1
BenchmarkTest01030,pathtraver,CWE-22,44,0
BenchmarkTest01009,sqli,CWE-89,51,1
BenchmarkTest01009,sqli,CWE-89,40,1
BenchmarkTest01008,sqli,CWE-89,51,1
BenchmarkTest01008,sqli,CWE-89,41,1
BenchmarkTest01008,sqli,CWE-89,40,1
BenchmarkTest01007,sqli,CWE-89,51,1
BenchmarkTest01007,sqli,CWE-89,41,1
BenchmarkTest02226,xss,CWE-79,43,0
BenchmarkTest01006,sqli,CWE-89,51,1
BenchmarkTest01006,sqli,CWE-89,41,1
BenchmarkTest01006,sqli,CWE-89,40,1
BenchmarkTest02170,sqli,CWE-89,43,1
BenchmarkTest01005,sqli,CWE-89,51,1
BenchmarkTest01009,sqli,CWE-89,41,1
BenchmarkTest00996,sqli,CWE-89,51,1
BenchmarkTest01030,pathtraver,CWE-22,45,0
BenchmarkTest01031,pathtraver,CWE-22,44,0
BenchmarkTest01059,weakrand,CWE-330,44,1
BenchmarkTest01058,weakrand,CWE-330,97,1
BenchmarkTest01058,weakrand,CWE-330,86,1
BenchmarkTest01058,weakrand,CWE-330,85,1
BenchmarkTest01058,weakrand,CWE-330,65,1
BenchmarkTest02146,cmdi,CWE-78,43,1
BenchmarkTest01058,weakrand,CWE-330,54,1
BenchmarkTest01058,weakrand,CWE-330,45,1
BenchmarkTest01058,weakrand,CWE-330,44,1
BenchmarkTest02146,cmdi,CWE-78,57,1
BenchmarkTest01057,xss,CWE-79,45,1
BenchmarkTest01057,xss,CWE-79,44,1
BenchmarkTest02147,cmdi,CWE-78,43,1
BenchmarkTest01056,xss,CWE-79,45,1
BenchmarkTest01056,xss,CWE-79,44,1
BenchmarkTest02147,cmdi,CWE-78,57,1
BenchmarkTest01055,xss,CWE-79,45,1
BenchmarkTest01055,xss,CWE-79,44,1
BenchmarkTest01054,xss,CWE-79,45,0
BenchmarkTest01054,xss,CWE-79,44,0
BenchmarkTest02148,cmdi,CWE-78,43,0
BenchmarkTest01053,xss,CWE-79,45,0
BenchmarkTest01053,xss,CWE-79,44,0
BenchmarkTest02148,cmdi,CWE-78,71,0
BenchmarkTest01052,xss,CWE-79,45,0
BenchmarkTest01059,weakrand,CWE-330,45,1
BenchmarkTest01052,xss,CWE-79,44,0
BenchmarkTest01059,weakrand,CWE-330,53,1
BenchmarkTest02145,xss,CWE-79,43,1
BenchmarkTest01064,cmdi,CWE-78,44,1
BenchmarkTest02142,securecookie,CWE-614,43,1
BenchmarkTest01063,xss,CWE-79,45,1
BenchmarkTest01063,xss,CWE-79,44,1
BenchmarkTest02142,securecookie,CWE-614,67,1
BenchmarkTest01062,securecookie,CWE-614,75,0
BenchmarkTest01062,securecookie,CWE-614,45,0
BenchmarkTest01062,securecookie,CWE-614,44,0
BenchmarkTest02143,securecookie,CWE-614,43,0
BenchmarkTest01061,securecookie,CWE-614,72,1
BenchmarkTest02143,securecookie,CWE-614,70,0
BenchmarkTest01061,securecookie,CWE-614,45,1
BenchmarkTest01061,securecookie,CWE-614,44,1
BenchmarkTest01060,weakrand,CWE-330,97,1
BenchmarkTest01060,weakrand,CWE-330,85,1
BenchmarkTest01060,weakrand,CWE-330,84,1
BenchmarkTest02144,securecookie,CWE-614,43,0
BenchmarkTest01060,weakrand,CWE-330,64,1
BenchmarkTest01060,weakrand,CWE-330,53,1
BenchmarkTest01060,weakrand,CWE-330,45,1
BenchmarkTest01060,weakrand,CWE-330,44,1
BenchmarkTest02144,securecookie,CWE-614,70,0
BenchmarkTest01059,weakrand,CWE-330,96,1
BenchmarkTest01059,weakrand,CWE-330,85,1
BenchmarkTest01059,weakrand,CWE-330,84,1
BenchmarkTest01059,weakrand,CWE-330,64,1
BenchmarkTest01051,xss,CWE-79,45,0
BenchmarkTest01051,xss,CWE-79,44,0
BenchmarkTest01050,xss,CWE-79,45,1
BenchmarkTest02156,cmdi,CWE-78,43,0
BenchmarkTest01039,hash,CWE-328,45,0
BenchmarkTest01039,hash,CWE-328,44,0
BenchmarkTest02157,weakrand,CWE-330,43,0
BenchmarkTest01038,hash,CWE-328,45,1
BenchmarkTest01038,hash,CWE-328,44,1
BenchmarkTest02157,weakrand,CWE-330,49,0
BenchmarkTest02157,weakrand,CWE-330,65,0
BenchmarkTest01037,hash,CWE-328,45,0
BenchmarkTest01037,hash,CWE-328,44,0
BenchmarkTest01036,pathtraver,CWE-22,45,0
BenchmarkTest01036,pathtraver,CWE-22,44,0
BenchmarkTest02157,weakrand,CWE-330,85,0
BenchmarkTest02157,weakrand,CWE-330,105,0
BenchmarkTest01035,pathtraver,CWE-22,45,0
BenchmarkTest01035,pathtraver,CWE-22,44,0
BenchmarkTest01034,pathtraver,CWE-22,45,1
BenchmarkTest01034,pathtraver,CWE-22,44,1
BenchmarkTest02158,weakrand,CWE-330,43,0
BenchmarkTest01033,pathtraver,CWE-22,45,1
BenchmarkTest01033,pathtraver,CWE-22,44,1
BenchmarkTest02158,weakrand,CWE-330,61,0
BenchmarkTest01032,pathtraver,CWE-22,45,1
BenchmarkTest01032,pathtraver,CWE-22,44,1
BenchmarkTest01031,pathtraver,CWE-22,45,0
BenchmarkTest01040,hash,CWE-328,44,0
BenchmarkTest01040,hash,CWE-328,45,0
BenchmarkTest02155,cmdi,CWE-78,43,1
BenchmarkTest01041,hash,CWE-328,44,1
BenchmarkTest01050,xss,CWE-79,44,1
BenchmarkTest02149,cmdi,CWE-78,43,0
BenchmarkTest01049,xss,CWE-79,45,1
BenchmarkTest01049,xss,CWE-79,44,1
BenchmarkTest02149,cmdi,CWE-78,71,0
BenchmarkTest01048,xss,CWE-79,45,0
BenchmarkTest01048,xss,CWE-79,44,0
BenchmarkTest01047,xss,CWE-79,45,1
BenchmarkTest01047,xss,CWE-79,44,1
BenchmarkTest02150,cmdi,CWE-78,43,1
BenchmarkTest01046,xss,CWE-79,45,1
BenchmarkTest01046,xss,CWE-79,44,1
BenchmarkTest02158,weakrand,CWE-330,83,0
BenchmarkTest02150,cmdi,CWE-78,71,1
BenchmarkTest01045,hash,CWE-328,45,0
BenchmarkTest01045,hash,CWE-328,44,0
BenchmarkTest02152,cmdi,CWE-78,43,1
BenchmarkTest01044,hash,CWE-328,45,1
BenchmarkTest01044,hash,CWE-328,44,1
BenchmarkTest02153,cmdi,CWE-78,43,0
BenchmarkTest01043,hash,CWE-328,45,1
BenchmarkTest01043,hash,CWE-328,44,1
BenchmarkTest01042,hash,CWE-328,45,1
BenchmarkTest01042,hash,CWE-328,44,1
BenchmarkTest02154,cmdi,CWE-78,43,1
BenchmarkTest01041,hash,CWE-328,45,1
BenchmarkTest02151,cmdi,CWE-78,43,1
BenchmarkTest02227,xss,CWE-79,43,1
BenchmarkTest02263,trustbound,CWE-501,43,1
BenchmarkTest02229,xss,CWE-79,43,0
BenchmarkTest02422,weakrand,CWE-330,80,1
BenchmarkTest02422,weakrand,CWE-330,91,1
BenchmarkTest02423,weakrand,CWE-330,49,1
BenchmarkTest02423,weakrand,CWE-330,60,1
BenchmarkTest02423,weakrand,CWE-330,80,1
BenchmarkTest02423,weakrand,CWE-330,91,1
BenchmarkTest02424,weakrand,CWE-330,49,1
BenchmarkTest02424,weakrand,CWE-330,60,1
BenchmarkTest02424,weakrand,CWE-330,80,1
BenchmarkTest02424,weakrand,CWE-330,91,1
BenchmarkTest02425,weakrand,CWE-330,49,1
BenchmarkTest02422,weakrand,CWE-330,60,1
BenchmarkTest02425,weakrand,CWE-330,60,1
BenchmarkTest02425,weakrand,CWE-330,91,1
BenchmarkTest02426,weakrand,CWE-330,49,1
BenchmarkTest02426,weakrand,CWE-330,60,1
BenchmarkTest02426,weakrand,CWE-330,81,1
BenchmarkTest02426,weakrand,CWE-330,92,1
BenchmarkTest02427,securecookie,CWE-614,68,1
BenchmarkTest02428,cmdi,CWE-78,58,0
BenchmarkTest02429,cmdi,CWE-78,70,1
BenchmarkTest02430,cmdi,CWE-78,72,1
BenchmarkTest02431,cmdi,CWE-78,56,1
BenchmarkTest02434,weakrand,CWE-330,50,0
BenchmarkTest02425,weakrand,CWE-330,80,1
BenchmarkTest02434,weakrand,CWE-330,66,0
BenchmarkTest02422,weakrand,CWE-330,49,1
BenchmarkTest02421,weakrand,CWE-330,80,1
BenchmarkTest02418,weakrand,CWE-330,80,1
BenchmarkTest00654,weakrand,CWE-330,61,1
BenchmarkTest02418,weakrand,CWE-330,81,1
BenchmarkTest00653,weakrand,CWE-330,99,1
BenchmarkTest00653,weakrand,CWE-330,88,1
BenchmarkTest02418,weakrand,CWE-330,92,1
BenchmarkTest00653,weakrand,CWE-330,68,1
BenchmarkTest02419,weakrand,CWE-330,49,1
BenchmarkTest00653,weakrand,CWE-330,57,1
BenchmarkTest02419,weakrand,CWE-330,60,1
BenchmarkTest00652,weakrand,CWE-330,96,1
BenchmarkTest02421,weakrand,CWE-330,91,1
BenchmarkTest00652,weakrand,CWE-330,85,1
BenchmarkTest00652,weakrand,CWE-330,64,1
BenchmarkTest02419,weakrand,CWE-330,80,1
BenchmarkTest00652,weakrand,CWE-330,53,1
BenchmarkTest02419,weakrand,CWE-330,81,1
BenchmarkTest02419,weakrand,CWE-330,93,1
BenchmarkTest02420,weakrand,CWE-330,49,1
BenchmarkTest02420,weakrand,CWE-330,60,1
BenchmarkTest02420,weakrand,CWE-330,80,1
BenchmarkTest02420,weakrand,CWE-330,91,1
BenchmarkTest02421,weakrand,CWE-330,49,1
BenchmarkTest02421,weakrand,CWE-330,60,1
BenchmarkTest00652,weakrand,CWE-330,84,1
BenchmarkTest02434,weakrand,CWE-330,86,0
BenchmarkTest02434,weakrand,CWE-330,106,0
BenchmarkTest02435,weakrand,CWE-330,50,0
BenchmarkTest00604,sqli,CWE-89,45,1
BenchmarkTest02445,weakrand,CWE-330,81,0
BenchmarkTest00603,sqli,CWE-89,48,1
BenchmarkTest00603,sqli,CWE-89,45,1
BenchmarkTest00602,sqli,CWE-89,48,0
BenchmarkTest00602,sqli,CWE-89,45,0
BenchmarkTest00601,sqli,CWE-89,48,0
BenchmarkTest00601,sqli,CWE-89,45,0
BenchmarkTest00600,sqli,CWE-89,48,1
BenchmarkTest00600,sqli,CWE-89,45,1
BenchmarkTest00599,sqli,CWE-89,48,0
BenchmarkTest00604,sqli,CWE-89,48,1
BenchmarkTest00599,sqli,CWE-89,45,0
BenchmarkTest00598,sqli,CWE-89,45,1
BenchmarkTest00597,sqli,CWE-89,48,1
BenchmarkTest00597,sqli,CWE-89,45,1
BenchmarkTest02458,crypto,CWE-327,43,1
BenchmarkTest00596,sqli,CWE-89,48,1
BenchmarkTest00596,sqli,CWE-89,45,1
BenchmarkTest00595,sqli,CWE-89,48,1
BenchmarkTest00595,sqli,CWE-89,45,1
BenchmarkTest00594,sqli,CWE-89,48,1
BenchmarkTest00594,sqli,CWE-89,45,1
BenchmarkTest00593,sqli,CWE-89,48,1
BenchmarkTest00598,sqli,CWE-89,48,1
BenchmarkTest02445,weakrand,CWE-330,61,0
BenchmarkTest00605,sqli,CWE-89,45,0
BenchmarkTest00605,sqli,CWE-89,48,0
BenchmarkTest02435,weakrand,CWE-330,66,0
BenchmarkTest02435,weakrand,CWE-330,86,0
BenchmarkTest02435,weakrand,CWE-330,106,0
BenchmarkTest02436,weakrand,CWE-330,62,0
BenchmarkTest02436,weakrand,CWE-330,84,0
BenchmarkTest02437,weakrand,CWE-330,62,0
BenchmarkTest02437,weakrand,CWE-330,84,0
BenchmarkTest02438,weakrand,CWE-330,62,0
BenchmarkTest02438,weakrand,CWE-330,84,0
BenchmarkTest02439,weakrand,CWE-330,66,0
BenchmarkTest02439,weakrand,CWE-330,86,0
BenchmarkTest02440,weakrand,CWE-330,61,0
BenchmarkTest02440,weakrand,CWE-330,81,0
BenchmarkTest02441,weakrand,CWE-330,61,0
BenchmarkTest02441,weakrand,CWE-330,81,0
BenchmarkTest02442,weakrand,CWE-330,61,0
BenchmarkTest02442,weakrand,CWE-330,81,0
BenchmarkTest02443,weakrand,CWE-330,61,0
BenchmarkTest02443,weakrand,CWE-330,81,0
BenchmarkTest00607,xpathi,CWE-643,48,1
BenchmarkTest00607,xpathi,CWE-643,45,1
BenchmarkTest02444,weakrand,CWE-330,61,0
BenchmarkTest00606,sqli,CWE-89,48,1
BenchmarkTest00606,sqli,CWE-89,45,1
BenchmarkTest02444,weakrand,CWE-330,81,0
BenchmarkTest00654,weakrand,CWE-330,72,1
BenchmarkTest00654,weakrand,CWE-330,93,1
BenchmarkTest00654,weakrand,CWE-330,104,1
BenchmarkTest02418,weakrand,CWE-330,60,1
BenchmarkTest00724,xss,CWE-79,43,1
BenchmarkTest00723,xss,CWE-79,43,0
BenchmarkTest00722,xss,CWE-79,43,0
BenchmarkTest00721,xss,CWE-79,43,1
BenchmarkTest00720,xss,CWE-79,43,1
BenchmarkTest00719,xss,CWE-79,43,1
BenchmarkTest00718,xss,CWE-79,43,0
BenchmarkTest00717,xss,CWE-79,43,0
BenchmarkTest00716,xss,CWE-79,43,0
BenchmarkTest00715,xss,CWE-79,43,1
BenchmarkTest00714,xss,CWE-79,43,0
BenchmarkTest00725,xss,CWE-79,43,1
BenchmarkTest00713,xss,CWE-79,43,0
BenchmarkTest00711,xss,CWE-79,43,1
BenchmarkTest00710,hash,CWE-328,43,1
BenchmarkTest00709,hash,CWE-328,43,0
BenchmarkTest00708,hash,CWE-328,43,1
BenchmarkTest00707,hash,CWE-328,43,0
BenchmarkTest00706,hash,CWE-328,43,0
BenchmarkTest00705,hash,CWE-328,43,1
BenchmarkTest00704,hash,CWE-328,43,1
BenchmarkTest00703,hash,CWE-328,43,1
BenchmarkTest00702,weakrand,CWE-330,90,1
BenchmarkTest00702,weakrand,CWE-330,89,1
BenchmarkTest00712,xss,CWE-79,43,0
BenchmarkTest00726,xss,CWE-79,43,0
BenchmarkTest00727,xss,CWE-79,43,1
BenchmarkTest02370,xpathi,CWE-643,48,0
BenchmarkTest00735,weakrand,CWE-330,95,1
BenchmarkTest02368,sqli,CWE-89,45,0
BenchmarkTest00735,weakrand,CWE-330,74,1
BenchmarkTest00735,weakrand,CWE-330,63,1
BenchmarkTest00735,weakrand,CWE-330,43,1
BenchmarkTest02368,sqli,CWE-89,48,0
BenchmarkTest00734,weakrand,CWE-330,114,1
BenchmarkTest00734,weakrand,CWE-330,103,1
BenchmarkTest00734,weakrand,CWE-330,83,1
BenchmarkTest00734,weakrand,CWE-330,72,1
BenchmarkTest00734,weakrand,CWE-330,43,1
BenchmarkTest00733,weakrand,CWE-330,97,1
BenchmarkTest00733,weakrand,CWE-330,86,1
BenchmarkTest00733,weakrand,CWE-330,85,1
BenchmarkTest02369,sqli,CWE-89,45,1
BenchmarkTest00733,weakrand,CWE-330,65,1
BenchmarkTest00733,weakrand,CWE-330,54,1
BenchmarkTest00733,weakrand,CWE-330,43,1
BenchmarkTest02369,sqli,CWE-89,48,1
BenchmarkTest00732,cmdi,CWE-78,43,0
BenchmarkTest00731,cmdi,CWE-78,43,1
BenchmarkTest00730,xss,CWE-79,43,0
BenchmarkTest00729,xss,CWE-79,43,1
BenchmarkTest02370,xpathi,CWE-643,45,0
BenchmarkTest00728,xss,CWE-79,43,1
BenchmarkTest00702,weakrand,CWE-330,68,1
BenchmarkTest00593,sqli,CWE-89,45,1
BenchmarkTest00702,weakrand,CWE-330,43,1
BenchmarkTest00700,pathtraver,CWE-22,43,1
BenchmarkTest00662,weakrand,CWE-330,90,0
BenchmarkTest02415,weakrand,CWE-330,82,1
BenchmarkTest00662,weakrand,CWE-330,68,0
BenchmarkTest02415,weakrand,CWE-330,93,1
BenchmarkTest02416,weakrand,CWE-330,49,1
BenchmarkTest00661,weakrand,CWE-330,88,0
BenchmarkTest00661,weakrand,CWE-330,68,0
BenchmarkTest02416,weakrand,CWE-330,60,1
BenchmarkTest00660,weakrand,CWE-330,105,0
BenchmarkTest00660,weakrand,CWE-330,85,0
BenchmarkTest02416,weakrand,CWE-330,80,1
BenchmarkTest02415,weakrand,CWE-330,81,1
BenchmarkTest00660,weakrand,CWE-330,65,0
BenchmarkTest00660,weakrand,CWE-330,52,0
BenchmarkTest02416,weakrand,CWE-330,92,1
BenchmarkTest02417,weakrand,CWE-330,49,1
BenchmarkTest02417,weakrand,CWE-330,60,1
BenchmarkTest00658,cmdi,CWE-78,66,0
BenchmarkTest02417,weakrand,CWE-330,80,1
BenchmarkTest02417,weakrand,CWE-330,81,1
BenchmarkTest00657,cmdi,CWE-78,66,0
BenchmarkTest02417,weakrand,CWE-330,92,1
BenchmarkTest02418,weakrand,CWE-330,49,1
BenchmarkTest00655,securecookie,CWE-614,77,0
BenchmarkTest02416,weakrand,CWE-330,81,1
BenchmarkTest00663,weakrand,CWE-330,69,0
BenchmarkTest02415,weakrand,CWE-330,61,1
BenchmarkTest00663,weakrand,CWE-330,91,0
BenchmarkTest00699,pathtraver,CWE-22,43,0
BenchmarkTest00698,pathtraver,CWE-22,43,1
BenchmarkTest00697,pathtraver,CWE-22,43,1
BenchmarkTest00696,pathtraver,CWE-22,43,1
BenchmarkTest00695,ldapi,CWE-90,43,1
BenchmarkTest00694,ldapi,CWE-90,43,1
BenchmarkTest00693,crypto,CWE-327,43,1
BenchmarkTest00692,crypto,CWE-327,43,1
BenchmarkTest00691,crypto,CWE-327,43,1
BenchmarkTest00690,crypto,CWE-327,43,0
BenchmarkTest00689,crypto,CWE-327,43,0
BenchmarkTest00688,crypto,CWE-327,43,1
BenchmarkTest00687,crypto,CWE-327,43,0
BenchmarkTest00686,crypto,CWE-327,43,0
BenchmarkTest00685,crypto,CWE-327,43,1
BenchmarkTest00684,crypto,CWE-327,43,1
BenchmarkTest00667,weakrand,CWE-330,89,0
BenchmarkTest00667,weakrand,CWE-330,69,0
BenchmarkTest00666,weakrand,CWE-330,87,0
BenchmarkTest00666,weakrand,CWE-330,67,0
BenchmarkTest00665,weakrand,CWE-330,89,0
BenchmarkTest00665,weakrand,CWE-330,69,0
BenchmarkTest00664,weakrand,CWE-330,97,0
BenchmarkTest00664,weakrand,CWE-330,77,0
BenchmarkTest02415,weakrand,CWE-330,50,1
BenchmarkTest00701,ldapi,CWE-90,43,0
BenchmarkTest02459,crypto,CWE-327,43,0
BenchmarkTest00592,sqli,CWE-89,48,0
BenchmarkTest00592,sqli,CWE-89,45,0
BenchmarkTest02477,hash,CWE-328,43,0
BenchmarkTest00557,xss,CWE-79,48,1
BenchmarkTest00557,xss,CWE-79,45,1
BenchmarkTest00556,xss,CWE-79,48,0
BenchmarkTest00556,xss,CWE-79,45,0
BenchmarkTest00555,xss,CWE-79,48,1
BenchmarkTest00555,xss,CWE-79,45,1
BenchmarkTest00554,xss,CWE-79,48,1
BenchmarkTest00554,xss,CWE-79,45,1
BenchmarkTest02478,hash,CWE-328,43,1
BenchmarkTest00553,xss,CWE-79,48,0
BenchmarkTest00558,cmdi,CWE-78,45,0
BenchmarkTest00553,xss,CWE-79,45,0
BenchmarkTest00552,xss,CWE-79,45,1
BenchmarkTest00551,xss,CWE-79,48,1
BenchmarkTest00551,xss,CWE-79,45,1
BenchmarkTest00550,xss,CWE-79,48,0
BenchmarkTest00550,xss,CWE-79,45,0
BenchmarkTest02479,hash,CWE-328,43,0
BenchmarkTest00549,xss,CWE-79,48,1
BenchmarkTest00549,xss,CWE-79,45,1
BenchmarkTest00548,xss,CWE-79,48,0
BenchmarkTest00548,xss,CWE-79,45,0
BenchmarkTest00547,xss,CWE-79,48,1
BenchmarkTest00552,xss,CWE-79,48,1
BenchmarkTest00558,cmdi,CWE-78,48,0
BenchmarkTest00559,cmdi,CWE-78,45,0
BenchmarkTest00559,cmdi,CWE-78,48,0
BenchmarkTest00563,weakrand,CWE-330,48,1
BenchmarkTest00563,weakrand,CWE-330,45,1
BenchmarkTest00562,weakrand,CWE-330,127,1
BenchmarkTest00562,weakrand,CWE-330,115,1
BenchmarkTest00562,weakrand,CWE-330,114,1
BenchmarkTest00562,weakrand,CWE-330,94,1
BenchmarkTest00562,weakrand,CWE-330,83,1
BenchmarkTest00562,weakrand,CWE-330,48,1
BenchmarkTest00562,weakrand,CWE-330,45,1
BenchmarkTest02475,hash,CWE-328,43,1
BenchmarkTest00561,weakrand,CWE-330,118,1
BenchmarkTest00561,weakrand,CWE-330,106,1
BenchmarkTest00561,weakrand,CWE-330,105,1
BenchmarkTest00561,weakrand,CWE-330,85,1
BenchmarkTest00561,weakrand,CWE-330,74,1
BenchmarkTest00561,weakrand,CWE-330,48,1
BenchmarkTest00561,weakrand,CWE-330,45,1
BenchmarkTest00560,weakrand,CWE-330,113,1
BenchmarkTest00560,weakrand,CWE-330,102,1
BenchmarkTest00560,weakrand,CWE-330,101,1
BenchmarkTest00560,weakrand,CWE-330,81,1
BenchmarkTest00560,weakrand,CWE-330,70,1
BenchmarkTest02476,hash,CWE-328,43,1
BenchmarkTest00560,weakrand,CWE-330,48,1
BenchmarkTest00560,weakrand,CWE-330,45,1
BenchmarkTest00547,xss,CWE-79,45,1
BenchmarkTest00563,weakrand,CWE-330,64,1
BenchmarkTest00546,xss,CWE-79,48,0
BenchmarkTest02480,xss,CWE-79,43,1
BenchmarkTest00537,hash,CWE-328,45,1
BenchmarkTest02493,xss,CWE-79,43,1
BenchmarkTest02494,xss,CWE-79,43,1
BenchmarkTest00536,hash,CWE-328,48,1
BenchmarkTest00536,hash,CWE-328,45,1
BenchmarkTest02495,xss,CWE-79,43,0
BenchmarkTest02496,cmdi,CWE-78,43,1
BenchmarkTest00535,hash,CWE-328,48,0
BenchmarkTest00535,hash,CWE-328,45,0
BenchmarkTest02497,weakrand,CWE-330,43,1
BenchmarkTest02497,weakrand,CWE-330,51,1
BenchmarkTest00537,hash,CWE-328,48,1
BenchmarkTest00534,hash,CWE-328,48,1
BenchmarkTest02497,weakrand,CWE-330,62,1
BenchmarkTest02497,weakrand,CWE-330,82,1
BenchmarkTest00533,hash,CWE-328,48,1
BenchmarkTest00533,hash,CWE-328,45,1
BenchmarkTest02497,weakrand,CWE-330,83,1
BenchmarkTest02497,weakrand,CWE-330,94,1
BenchmarkTest02498,weakrand,CWE-330,43,1
BenchmarkTest00532,hash,CWE-328,48,1
BenchmarkTest00532,hash,CWE-328,45,1
BenchmarkTest02498,weakrand,CWE-330,51,1
BenchmarkTest02498,weakrand,CWE-330,62,1
BenchmarkTest00534,hash,CWE-328,45,1
BenchmarkTest02492,xss,CWE-79,43,0
BenchmarkTest00538,hash,CWE-328,45,0
BenchmarkTest00538,hash,CWE-328,48,0
BenchmarkTest02481,xss,CWE-79,43,0
BenchmarkTest00545,xss,CWE-79,48,0
BenchmarkTest00545,xss,CWE-79,45,0
BenchmarkTest02482,xss,CWE-79,43,0
BenchmarkTest00544,xss,CWE-79,48,0
BenchmarkTest00544,xss,CWE-79,45,0
BenchmarkTest02483,xss,CWE-79,43,1
BenchmarkTest00543,xss,CWE-79,48,1
BenchmarkTest00543,xss,CWE-79,45,1
BenchmarkTest02484,xss,CWE-79,43,0
BenchmarkTest00542,xss,CWE-79,48,1
BenchmarkTest00542,xss,CWE-79,45,1
BenchmarkTest02485,xss,CWE-79,43,0
BenchmarkTest00541,xss,CWE-79,48,1
BenchmarkTest00541,xss,CWE-79,45,1
BenchmarkTest02486,xss,CWE-79,43,1
BenchmarkTest02487,xss,CWE-79,43,1
BenchmarkTest00540,hash,CWE-328,48,0
BenchmarkTest00540,hash,CWE-328,45,0
BenchmarkTest02488,xss,CWE-79,43,0
BenchmarkTest02489,xss,CWE-79,43,1
BenchmarkTest00539,hash,CWE-328,48,0
BenchmarkTest00539,hash,CWE-328,45,0
BenchmarkTest02490,xss,CWE-79,43,0
BenchmarkTest02491,xss,CWE-79,43,0
BenchmarkTest00546,xss,CWE-79,45,0
BenchmarkTest00735,weakrand,CWE-330,106,1
BenchmarkTest00563,weakrand,CWE-330,75,1
BenchmarkTest00563,weakrand,CWE-330,106,1
BenchmarkTest00582,weakrand,CWE-330,104,0
BenchmarkTest02464,pathtraver,CWE-22,43,0
BenchmarkTest00582,weakrand,CWE-330,84,0
BenchmarkTest00582,weakrand,CWE-330,71,0
BenchmarkTest02465,pathtraver,CWE-22,43,1
BenchmarkTest00582,weakrand,CWE-330,48,0
BenchmarkTest00582,weakrand,CWE-330,45,0
BenchmarkTest00581,weakrand,CWE-330,99,0
BenchmarkTest00581,weakrand,CWE-330,77,0
BenchmarkTest00581,weakrand,CWE-330,48,0
BenchmarkTest00581,weakrand,CWE-330,45,0
BenchmarkTest00582,weakrand,CWE-330,124,0
BenchmarkTest00580,weakrand,CWE-330,103,0
BenchmarkTest00580,weakrand,CWE-330,48,0
BenchmarkTest00580,weakrand,CWE-330,45,0
BenchmarkTest00579,weakrand,CWE-330,127,0
BenchmarkTest00579,weakrand,CWE-330,107,0
BenchmarkTest02466,pathtraver,CWE-22,43,1
BenchmarkTest00579,weakrand,CWE-330,87,0
BenchmarkTest00579,weakrand,CWE-330,71,0
BenchmarkTest00579,weakrand,CWE-330,48,0
BenchmarkTest00579,weakrand,CWE-330,45,0
BenchmarkTest00578,weakrand,CWE-330,122,0
BenchmarkTest00578,weakrand,CWE-330,102,0
BenchmarkTest00580,weakrand,CWE-330,81,0
BenchmarkTest00583,weakrand,CWE-330,45,0
BenchmarkTest00583,weakrand,CWE-330,48,0
BenchmarkTest00583,weakrand,CWE-330,81,0
BenchmarkTest00591,sqli,CWE-89,48,1
BenchmarkTest00591,sqli,CWE-89,45,1
BenchmarkTest02460,crypto,CWE-327,43,0
BenchmarkTest00590,sqli,CWE-89,48,1
BenchmarkTest00590,sqli,CWE-89,45,1
BenchmarkTest00589,sqli,CWE-89,48,0
BenchmarkTest00589,sqli,CWE-89,45,0
BenchmarkTest00588,trustbound,CWE-501,48,1
BenchmarkTest00588,trustbound,CWE-501,45,1
BenchmarkTest00587,trustbound,CWE-501,48,1
BenchmarkTest00587,trustbound,CWE-501,45,1
BenchmarkTest02461,crypto,CWE-327,43,0
BenchmarkTest00586,trustbound,CWE-501,48,0
BenchmarkTest00586,trustbound,CWE-501,45,0
BenchmarkTest00585,weakrand,CWE-330,97,0
BenchmarkTest00585,weakrand,CWE-330,77,0
BenchmarkTest00585,weakrand,CWE-330,48,0
BenchmarkTest00585,weakrand,CWE-330,45,0
BenchmarkTest00584,weakrand,CWE-330,105,0
BenchmarkTest00584,weakrand,CWE-330,83,0
BenchmarkTest02462,pathtraver,CWE-22,43,0
BenchmarkTest00584,weakrand,CWE-330,48,0
BenchmarkTest00584,weakrand,CWE-330,45,0
BenchmarkTest00583,weakrand,CWE-330,101,0
BenchmarkTest02463,pathtraver,CWE-22,43,1
BenchmarkTest00578,weakrand,CWE-330,82,0
BenchmarkTest00563,weakrand,CWE-330,95,1
BenchmarkTest00578,weakrand,CWE-330,66,0
BenchmarkTest00578,weakrand,CWE-330,45,0
BenchmarkTest00568,cmdi,CWE-78,48,1
BenchmarkTest00568,cmdi,CWE-78,45,1
BenchmarkTest02471,pathtraver,CWE-22,43,0
BenchmarkTest00567,cmdi,CWE-78,77,1
BenchmarkTest00567,cmdi,CWE-78,48,1
BenchmarkTest00567,cmdi,CWE-78,45,1
BenchmarkTest00566,securecookie,CWE-614,84,1
BenchmarkTest02472,ldapi,CWE-90,43,1
BenchmarkTest00566,securecookie,CWE-614,48,1
BenchmarkTest00566,securecookie,CWE-614,45,1
BenchmarkTest02473,weakrand,CWE-330,43,1
BenchmarkTest00568,cmdi,CWE-78,88,1
BenchmarkTest00565,securecookie,CWE-614,83,1
BenchmarkTest00565,securecookie,CWE-614,48,1
BenchmarkTest00565,securecookie,CWE-614,45,1
BenchmarkTest00564,weakrand,CWE-330,108,1
BenchmarkTest00564,weakrand,CWE-330,97,1
BenchmarkTest02473,weakrand,CWE-330,83,1
BenchmarkTest00564,weakrand,CWE-330,76,1
BenchmarkTest02473,weakrand,CWE-330,84,1
BenchmarkTest00564,weakrand,CWE-330,65,1
BenchmarkTest00564,weakrand,CWE-330,48,1
BenchmarkTest00564,weakrand,CWE-330,45,1
BenchmarkTest02474,hash,CWE-328,43,1
BenchmarkTest02473,weakrand,CWE-330,62,1
BenchmarkTest00569,cmdi,CWE-78,45,0
BenchmarkTest00569,cmdi,CWE-78,48,0
BenchmarkTest00569,cmdi,CWE-78,101,0
BenchmarkTest00577,weakrand,CWE-330,107,0
BenchmarkTest02467,pathtraver,CWE-22,43,0
BenchmarkTest00577,weakrand,CWE-330,87,0
BenchmarkTest00577,weakrand,CWE-330,48,0
BenchmarkTest00577,weakrand,CWE-330,45,0
BenchmarkTest00576,cmdi,CWE-78,48,1
BenchmarkTest00576,cmdi,CWE-78,45,1
BenchmarkTest02468,pathtraver,CWE-22,43,0
BenchmarkTest00575,cmdi,CWE-78,48,1
BenchmarkTest00575,cmdi,CWE-78,45,1
BenchmarkTest00574,cmdi,CWE-78,76,1
BenchmarkTest00574,cmdi,CWE-78,48,1
BenchmarkTest00574,cmdi,CWE-78,45,1
BenchmarkTest00573,cmdi,CWE-78,70,1
BenchmarkTest00573,cmdi,CWE-78,48,1
BenchmarkTest00573,cmdi,CWE-78,45,1
BenchmarkTest00572,cmdi,CWE-78,80,0
BenchmarkTest02469,pathtraver,CWE-22,43,1
BenchmarkTest00572,cmdi,CWE-78,48,0
BenchmarkTest00572,cmdi,CWE-78,45,0
BenchmarkTest00571,cmdi,CWE-78,48,0
BenchmarkTest00571,cmdi,CWE-78,45,0
BenchmarkTest00570,cmdi,CWE-78,48,0
BenchmarkTest00570,cmdi,CWE-78,45,0
BenchmarkTest02470,pathtraver,CWE-22,43,0
BenchmarkTest00578,weakrand,CWE-330,48,0
BenchmarkTest02228,xss,CWE-79,43,1
BenchmarkTest00736,securecookie,CWE-614,43,1
BenchmarkTest00737,xss,CWE-79,43,1
BenchmarkTest02297,crypto,CWE-327,48,0
BenchmarkTest00828,weakrand,CWE-330,68,0
BenchmarkTest00828,weakrand,CWE-330,43,0
BenchmarkTest02298,crypto,CWE-327,45,0
BenchmarkTest02298,crypto,CWE-327,48,0
BenchmarkTest00827,cmdi,CWE-78,43,0
BenchmarkTest02299,ldapi,CWE-90,45,1
BenchmarkTest00826,cmdi,CWE-78,43,0
BenchmarkTest02299,ldapi,CWE-90,48,1
BenchmarkTest02300,pathtraver,CWE-22,45,0
BenchmarkTest02300,pathtraver,CWE-22,48,0
BenchmarkTest00828,weakrand,CWE-330,84,0
BenchmarkTest00825,cmdi,CWE-78,43,1
BenchmarkTest00824,cmdi,CWE-78,43,1
BenchmarkTest02301,pathtraver,CWE-22,48,0
BenchmarkTest00823,cmdi,CWE-78,81,1
BenchmarkTest02302,pathtraver,CWE-22,45,1
BenchmarkTest02302,pathtraver,CWE-22,48,1
BenchmarkTest00823,cmdi,CWE-78,43,1
BenchmarkTest02303,pathtraver,CWE-22,45,1
BenchmarkTest02303,pathtraver,CWE-22,48,1
BenchmarkTest00822,xss,CWE-79,43,1
BenchmarkTest00821,securecookie,CWE-614,84,1
BenchmarkTest02304,pathtraver,CWE-22,45,1
BenchmarkTest02301,pathtraver,CWE-22,45,0
BenchmarkTest00821,securecookie,CWE-614,43,1
BenchmarkTest00828,weakrand,CWE-330,104,0
BenchmarkTest02297,crypto,CWE-327,45,0
BenchmarkTest00836,trustbound,CWE-501,43,1
BenchmarkTest00835,trustbound,CWE-501,43,0
BenchmarkTest02293,crypto,CWE-327,45,1
BenchmarkTest02293,crypto,CWE-327,48,1
BenchmarkTest00834,trustbound,CWE-501,43,1
BenchmarkTest00833,trustbound,CWE-501,43,1
BenchmarkTest00832,weakrand,CWE-330,96,0
BenchmarkTest02294,crypto,CWE-327,45,1
BenchmarkTest00832,weakrand,CWE-330,76,0
BenchmarkTest02294,crypto,CWE-327,48,1
BenchmarkTest00832,weakrand,CWE-330,43,0
BenchmarkTest00828,weakrand,CWE-330,124,0
BenchmarkTest00831,weakrand,CWE-330,110,0
BenchmarkTest02295,crypto,CWE-327,45,1
BenchmarkTest02295,crypto,CWE-327,48,1
BenchmarkTest00831,weakrand,CWE-330,43,0
BenchmarkTest00830,weakrand,CWE-330,102,0
BenchmarkTest00830,weakrand,CWE-330,82,0
BenchmarkTest02296,crypto,CWE-327,45,0
BenchmarkTest02296,crypto,CWE-327,48,0
BenchmarkTest00830,weakrand,CWE-330,43,0
BenchmarkTest00829,weakrand,CWE-330,120,0
BenchmarkTest00829,weakrand,CWE-330,100,0
BenchmarkTest00829,weakrand,CWE-330,43,0
BenchmarkTest00831,weakrand,CWE-330,90,0
BenchmarkTest00820,securecookie,CWE-614,83,1
BenchmarkTest02304,pathtraver,CWE-22,48,1
BenchmarkTest00820,securecookie,CWE-614,43,1
BenchmarkTest02310,hash,CWE-328,45,0
BenchmarkTest02310,hash,CWE-328,48,0
BenchmarkTest00814,cmdi,CWE-78,43,0
BenchmarkTest02311,hash,CWE-328,45,1
BenchmarkTest02311,hash,CWE-328,48,1
BenchmarkTest00813,xss,CWE-79,43,0
BenchmarkTest02312,hash,CWE-328,45,0
BenchmarkTest00812,xss,CWE-79,43,0
BenchmarkTest02312,hash,CWE-328,48,0
BenchmarkTest00811,xss,CWE-79,43,1
BenchmarkTest02313,xss,CWE-79,45,0
BenchmarkTest00815,cmdi,CWE-78,43,1
BenchmarkTest02313,xss,CWE-79,48,0
BenchmarkTest02314,xss,CWE-79,45,1
BenchmarkTest02314,xss,CWE-79,48,1
BenchmarkTest00809,xss,CWE-79,43,1
BenchmarkTest02315,xss,CWE-79,45,1
BenchmarkTest02315,xss,CWE-79,48,1
BenchmarkTest02316,xss,CWE-79,45,1
BenchmarkTest00808,xss,CWE-79,43,0
BenchmarkTest02316,xss,CWE-79,48,1
BenchmarkTest02317,xss,CWE-79,45,1
BenchmarkTest02317,xss,CWE-79,48,1
BenchmarkTest00807,xss,CWE-79,43,1
BenchmarkTest00810,xss,CWE-79,43,1
BenchmarkTest00816,cmdi,CWE-78,43,1
BenchmarkTest02309,hash,CWE-328,48,0
BenchmarkTest02309,hash,CWE-328,45,0
BenchmarkTest00819,weakrand,CWE-330,113,1
BenchmarkTest00819,weakrand,CWE-330,102,1
BenchmarkTest02305,ldapi,CWE-90,45,1
BenchmarkTest00819,weakrand,CWE-330,81,1
BenchmarkTest00819,weakrand,CWE-330,70,1
BenchmarkTest02305,ldapi,CWE-90,48,1
BenchmarkTest02306,ldapi,CWE-90,45,1
BenchmarkTest02306,ldapi,CWE-90,48,1
BenchmarkTest00819,weakrand,CWE-330,43,1
BenchmarkTest00818,weakrand,CWE-330,111,1
BenchmarkTest00818,weakrand,CWE-330,99,1
BenchmarkTest00818,weakrand,CWE-330,98,1
BenchmarkTest02307,hash,CWE-328,45,1
BenchmarkTest00818,weakrand,CWE-330,78,1
BenchmarkTest00818,weakrand,CWE-330,67,1
BenchmarkTest02307,hash,CWE-328,48,1
BenchmarkTest00818,weakrand,CWE-330,43,1
BenchmarkTest00817,weakrand,CWE-330,120,1
BenchmarkTest00817,weakrand,CWE-330,109,1
BenchmarkTest00817,weakrand,CWE-330,108,1
BenchmarkTest00817,weakrand,CWE-330,88,1
BenchmarkTest02308,hash,CWE-328,45,1
BenchmarkTest00817,weakrand,CWE-330,77,1
BenchmarkTest02308,hash,CWE-328,48,1
BenchmarkTest00817,weakrand,CWE-330,43,1
BenchmarkTest02292,crypto,CWE-327,48,1
BenchmarkTest02292,crypto,CWE-327,45,1
BenchmarkTest00837,sqli,CWE-89,43,0
BenchmarkTest00838,sqli,CWE-89,43,0
BenchmarkTest02249,cmdi,CWE-78,43,1
BenchmarkTest02249,cmdi,CWE-78,62,1
BenchmarkTest02250,cmdi,CWE-78,43,1
BenchmarkTest02250,cmdi,CWE-78,62,1
BenchmarkTest02251,cmdi,CWE-78,43,1
BenchmarkTest02251,cmdi,CWE-78,74,1
BenchmarkTest02252,cmdi,CWE-78,43,0
BenchmarkTest02253,cmdi,CWE-78,43,0
BenchmarkTest02254,weakrand,CWE-330,43,0
BenchmarkTest02254,weakrand,CWE-330,54,0
BenchmarkTest02254,weakrand,CWE-330,70,0
BenchmarkTest02248,securecookie,CWE-614,75,0
BenchmarkTest02254,weakrand,CWE-330,90,0
BenchmarkTest02255,weakrand,CWE-330,43,0
BenchmarkTest02255,weakrand,CWE-330,66,0
BenchmarkTest02255,weakrand,CWE-330,88,0
BenchmarkTest02256,weakrand,CWE-330,43,0
BenchmarkTest02256,weakrand,CWE-330,66,0
BenchmarkTest02256,weakrand,CWE-330,88,0
BenchmarkTest02257,weakrand,CWE-330,43,0
BenchmarkTest02257,weakrand,CWE-330,66,0
BenchmarkTest02257,weakrand,CWE-330,88,0
BenchmarkTest00852,xpathi,CWE-643,43,0
BenchmarkTest02258,weakrand,CWE-330,43,0
BenchmarkTest02254,weakrand,CWE-330,110,0
BenchmarkTest02248,securecookie,CWE-614,43,0
BenchmarkTest02247,securecookie,CWE-614,75,0
BenchmarkTest02247,securecookie,CWE-614,43,0
BenchmarkTest02230,xss,CWE-79,43,1
BenchmarkTest02231,xss,CWE-79,43,0
BenchmarkTest02232,xss,CWE-79,43,1
BenchmarkTest02233,xss,CWE-79,43,0
BenchmarkTest02234,xss,CWE-79,43,1
BenchmarkTest02235,xss,CWE-79,43,0
BenchmarkTest02236,xss,CWE-79,43,0
BenchmarkTest02237,xss,CWE-79,43,0
BenchmarkTest02238,xss,CWE-79,43,0
BenchmarkTest02239,xss,CWE-79,43,0
BenchmarkTest02240,xss,CWE-79,43,0
BenchmarkTest02241,xss,CWE-79,43,1
BenchmarkTest02242,cmdi,CWE-78,43,0
BenchmarkTest02243,cmdi,CWE-78,43,1
BenchmarkTest02244,cmdi,CWE-78,43,1
BenchmarkTest02245,weakrand,CWE-330,43,1
BenchmarkTest02245,weakrand,CWE-330,53,1
BenchmarkTest02245,weakrand,CWE-330,64,1
BenchmarkTest02245,weakrand,CWE-330,84,1
BenchmarkTest02245,weakrand,CWE-330,95,1
BenchmarkTest02246,weakrand,CWE-330,43,1
BenchmarkTest02246,weakrand,CWE-330,53,1
BenchmarkTest02246,weakrand,CWE-330,64,1
BenchmarkTest02246,weakrand,CWE-330,84,1
BenchmarkTest02246,weakrand,CWE-330,95,1
BenchmarkTest02258,weakrand,CWE-330,54,0
BenchmarkTest02318,xss,CWE-79,45,0
BenchmarkTest02258,weakrand,CWE-330,67,0
BenchmarkTest02258,weakrand,CWE-330,107,0
BenchmarkTest02277,sqli,CWE-89,43,1
BenchmarkTest02278,sqli,CWE-89,43,0
BenchmarkTest02279,sqli,CWE-89,43,0
BenchmarkTest00844,sqli,CWE-89,43,0
BenchmarkTest02280,sqli,CWE-89,43,0
BenchmarkTest02281,sqli,CWE-89,43,1
BenchmarkTest02282,sqli,CWE-89,43,0
BenchmarkTest00843,sqli,CWE-89,43,1
BenchmarkTest02283,sqli,CWE-89,43,0
BenchmarkTest02284,sqli,CWE-89,43,1
BenchmarkTest02285,sqli,CWE-89,43,0
BenchmarkTest00845,sqli,CWE-89,43,1
BenchmarkTest02286,sqli,CWE-89,43,1
BenchmarkTest00842,sqli,CWE-89,43,1
BenchmarkTest02288,sqli,CWE-89,43,1
BenchmarkTest02289,crypto,CWE-327,45,0
BenchmarkTest02289,crypto,CWE-327,48,0
BenchmarkTest00841,sqli,CWE-89,43,1
BenchmarkTest00840,sqli,CWE-89,43,1
BenchmarkTest02290,crypto,CWE-327,45,1
BenchmarkTest02290,crypto,CWE-327,48,1
BenchmarkTest00839,sqli,CWE-89,43,1
BenchmarkTest02291,crypto,CWE-327,45,1
BenchmarkTest02291,crypto,CWE-327,48,1
BenchmarkTest02287,sqli,CWE-89,43,1
BenchmarkTest02276,sqli,CWE-89,43,0
BenchmarkTest02275,sqli,CWE-89,43,1
BenchmarkTest02274,sqli,CWE-89,43,0
BenchmarkTest02259,weakrand,CWE-330,43,0
BenchmarkTest00851,sqli,CWE-89,43,0
BenchmarkTest02259,weakrand,CWE-330,66,0
BenchmarkTest02259,weakrand,CWE-330,88,0
BenchmarkTest02260,weakrand,CWE-330,43,0
BenchmarkTest00850,sqli,CWE-89,43,1
BenchmarkTest02260,weakrand,CWE-330,65,0
BenchmarkTest02260,weakrand,CWE-330,85,0
BenchmarkTest02261,trustbound,CWE-501,43,1
BenchmarkTest02262,trustbound,CWE-501,43,1
BenchmarkTest01130,weakrand,CWE-330,44,1
BenchmarkTest00849,sqli,CWE-89,43,1
BenchmarkTest02264,sqli,CWE-89,43,1
BenchmarkTest02265,sqli,CWE-89,43,0
BenchmarkTest02266,sqli,CWE-89,43,0
BenchmarkTest00848,sqli,CWE-89,43,1
BenchmarkTest02267,sqli,CWE-89,43,0
BenchmarkTest02268,sqli,CWE-89,43,0
BenchmarkTest02269,sqli,CWE-89,43,1
BenchmarkTest00847,sqli,CWE-89,43,1
BenchmarkTest02270,sqli,CWE-89,43,1
BenchmarkTest02271,sqli,CWE-89,43,0
BenchmarkTest02272,sqli,CWE-89,43,1
BenchmarkTest00846,sqli,CWE-89,43,1
BenchmarkTest02273,sqli,CWE-89,43,1
BenchmarkTest02258,weakrand,CWE-330,87,0
BenchmarkTest02318,xss,CWE-79,48,0
BenchmarkTest00806,xss,CWE-79,43,1
BenchmarkTest02319,xss,CWE-79,45,0
BenchmarkTest00767,sqli,CWE-89,43,1
BenchmarkTest02357,sqli,CWE-89,48,1
BenchmarkTest00766,sqli,CWE-89,43,0
BenchmarkTest00765,sqli,CWE-89,43,1
BenchmarkTest00764,sqli,CWE-89,43,1
BenchmarkTest00763,sqli,CWE-89,43,0
BenchmarkTest02358,sqli,CWE-89,45,1
BenchmarkTest00762,sqli,CWE-89,43,1
BenchmarkTest02358,sqli,CWE-89,48,1
BenchmarkTest00761,sqli,CWE-89,43,1
BenchmarkTest00760,sqli,CWE-89,43,1
BenchmarkTest02357,sqli,CWE-89,45,1
BenchmarkTest00759,trustbound,CWE-501,43,1
BenchmarkTest00758,trustbound,CWE-501,43,0
BenchmarkTest00757,trustbound,CWE-501,43,1
BenchmarkTest02359,sqli,CWE-89,48,1
BenchmarkTest00756,trustbound,CWE-501,43,1
BenchmarkTest00755,trustbound,CWE-501,43,0
BenchmarkTest00754,trustbound,CWE-501,43,1
BenchmarkTest00753,weakrand,CWE-330,86,0
BenchmarkTest02360,sqli,CWE-89,45,1
BenchmarkTest00753,weakrand,CWE-330,66,0
BenchmarkTest00753,weakrand,CWE-330,43,0
BenchmarkTest02360,sqli,CWE-89,48,1
BenchmarkTest02359,sqli,CWE-89,45,1
BenchmarkTest00768,sqli,CWE-89,43,1
BenchmarkTest00769,sqli,CWE-89,43,1
BenchmarkTest00770,sqli,CWE-89,43,1
BenchmarkTest02350,weakrand,CWE-330,74,0
BenchmarkTest00779,crypto,CWE-327,43,1
BenchmarkTest02350,weakrand,CWE-330,94,0
BenchmarkTest02351,weakrand,CWE-330,45,0
BenchmarkTest02351,weakrand,CWE-330,48,0
BenchmarkTest02351,weakrand,CWE-330,74,0
BenchmarkTest02351,weakrand,CWE-330,94,0
BenchmarkTest00778,crypto,CWE-327,43,0
BenchmarkTest02352,trustbound,CWE-501,45,1
BenchmarkTest02352,trustbound,CWE-501,48,1
BenchmarkTest02353,sqli,CWE-89,45,0
BenchmarkTest00777,crypto,CWE-327,43,0
BenchmarkTest02353,sqli,CWE-89,48,0
BenchmarkTest02354,sqli,CWE-89,45,1
BenchmarkTest02354,sqli,CWE-89,48,1
BenchmarkTest00776,crypto,CWE-327,43,0
BenchmarkTest02355,sqli,CWE-89,45,1
BenchmarkTest02355,sqli,CWE-89,48,1
BenchmarkTest00775,crypto,CWE-327,43,0
BenchmarkTest00774,sqli,CWE-89,43,0
BenchmarkTest02356,sqli,CWE-89,45,1
BenchmarkTest00773,sqli,CWE-89,43,0
BenchmarkTest00772,sqli,CWE-89,43,0
BenchmarkTest02356,sqli,CWE-89,48,1
BenchmarkTest00771,sqli,CWE-89,43,1
BenchmarkTest00752,weakrand,CWE-330,104,0
BenchmarkTest02350,weakrand,CWE-330,48,0
BenchmarkTest00752,weakrand,CWE-330,84,0
BenchmarkTest00751,weakrand,CWE-330,94,0
BenchmarkTest00746,weakrand,CWE-330,43,0
BenchmarkTest00745,weakrand,CWE-330,90,0
BenchmarkTest02364,sqli,CWE-89,48,1
BenchmarkTest00745,weakrand,CWE-330,70,0
BenchmarkTest00745,weakrand,CWE-330,43,0
BenchmarkTest00744,weakrand,CWE-330,100,0
BenchmarkTest00744,weakrand,CWE-330,80,0
BenchmarkTest02365,sqli,CWE-89,45,0
BenchmarkTest00744,weakrand,CWE-330,43,0
BenchmarkTest00743,cmdi,CWE-78,43,0
BenchmarkTest02365,sqli,CWE-89,48,0
BenchmarkTest02364,sqli,CWE-89,45,1
BenchmarkTest00742,cmdi,CWE-78,43,0
BenchmarkTest00741,cmdi,CWE-78,73,0
BenchmarkTest00741,cmdi,CWE-78,43,0
BenchmarkTest00740,cmdi,CWE-78,65,1
BenchmarkTest00740,cmdi,CWE-78,43,1
BenchmarkTest02366,sqli,CWE-89,48,0
BenchmarkTest00739,cmdi,CWE-78,82,0
BenchmarkTest00739,cmdi,CWE-78,43,0
BenchmarkTest00738,cmdi,CWE-78,82,0
BenchmarkTest00738,cmdi,CWE-78,43,0
BenchmarkTest02367,sqli,CWE-89,45,0
BenchmarkTest02367,sqli,CWE-89,48,0
BenchmarkTest02366,sqli,CWE-89,45,0
BenchmarkTest00746,weakrand,CWE-330,89,0
BenchmarkTest00746,weakrand,CWE-330,109,0
BenchmarkTest00747,weakrand,CWE-330,43,0
BenchmarkTest02361,sqli,CWE-89,45,0
BenchmarkTest00751,weakrand,CWE-330,72,0
BenchmarkTest02361,sqli,CWE-89,48,0
BenchmarkTest00751,weakrand,CWE-330,43,0
BenchmarkTest00750,weakrand,CWE-330,92,0
BenchmarkTest00750,weakrand,CWE-330,70,0
BenchmarkTest00750,weakrand,CWE-330,43,0
BenchmarkTest02362,sqli,CWE-89,45,1
BenchmarkTest00749,weakrand,CWE-330,108,0
BenchmarkTest00749,weakrand,CWE-330,88,0
BenchmarkTest00749,weakrand,CWE-330,68,0
BenchmarkTest02362,sqli,CWE-89,48,1
BenchmarkTest00749,weakrand,CWE-330,55,0
BenchmarkTest00749,weakrand,CWE-330,43,0
BenchmarkTest00748,weakrand,CWE-330,124,0
BenchmarkTest00748,weakrand,CWE-330,104,0
BenchmarkTest00748,weakrand,CWE-330,84,0
BenchmarkTest00748,weakrand,CWE-330,68,0
BenchmarkTest02363,sqli,CWE-89,45,0
BenchmarkTest00748,weakrand,CWE-330,43,0
BenchmarkTest02363,sqli,CWE-89,48,0
BenchmarkTest00747,weakrand,CWE-330,110,0
BenchmarkTest00747,weakrand,CWE-330,90,0
BenchmarkTest00747,weakrand,CWE-330,70,0
BenchmarkTest00747,weakrand,CWE-330,54,0
BenchmarkTest00752,weakrand,CWE-330,43,0
BenchmarkTest00736,securecookie,CWE-614,78,1
BenchmarkTest02350,weakrand,CWE-330,45,0
BenchmarkTest02349,weakrand,CWE-330,94,0
BenchmarkTest02330,xss,CWE-79,45,0
BenchmarkTest02330,xss,CWE-79,48,0
BenchmarkTest02331,xss,CWE-79,45,0
BenchmarkTest00797,hash,CWE-328,43,1
BenchmarkTest02331,xss,CWE-79,48,0
BenchmarkTest02332,xss,CWE-79,45,1
BenchmarkTest02332,xss,CWE-79,48,1
BenchmarkTest00796,hash,CWE-328,43,1
BenchmarkTest02333,cmdi,CWE-78,45,1
BenchmarkTest02333,cmdi,CWE-78,48,1
BenchmarkTest02334,cmdi,CWE-78,45,1
BenchmarkTest00798,hash,CWE-328,43,0
BenchmarkTest02334,cmdi,CWE-78,48,1
BenchmarkTest02335,cmdi,CWE-78,45,0
BenchmarkTest02335,cmdi,CWE-78,48,0
BenchmarkTest02336,cmdi,CWE-78,45,0
BenchmarkTest02336,cmdi,CWE-78,48,0
BenchmarkTest00794,hash,CWE-328,43,1
BenchmarkTest02337,weakrand,CWE-330,45,1
BenchmarkTest02337,weakrand,CWE-330,48,1
BenchmarkTest02337,weakrand,CWE-330,62,1
BenchmarkTest02337,weakrand,CWE-330,73,1
BenchmarkTest00793,hash,CWE-328,43,0
BenchmarkTest02337,weakrand,CWE-330,94,1
BenchmarkTest00795,hash,CWE-328,43,0
BenchmarkTest02329,xss,CWE-79,48,0
BenchmarkTest02329,xss,CWE-79,45,0
BenchmarkTest02328,xss,CWE-79,48,1
BenchmarkTest02319,xss,CWE-79,48,0
BenchmarkTest02320,xss,CWE-79,45,0
BenchmarkTest00805,xss,CWE-79,43,1
BenchmarkTest02320,xss,CWE-79,48,0
BenchmarkTest02321,xss,CWE-79,45,1
BenchmarkTest02321,xss,CWE-79,48,1
BenchmarkTest00804,xss,CWE-79,43,1
BenchmarkTest02322,xss,CWE-79,45,1
BenchmarkTest02322,xss,CWE-79,48,1
BenchmarkTest00803,xss,CWE-79,43,1
BenchmarkTest02323,xss,CWE-79,45,1
BenchmarkTest02323,xss,CWE-79,48,1
BenchmarkTest00802,xss,CWE-79,43,1
BenchmarkTest02324,xss,CWE-79,45,1
BenchmarkTest02324,xss,CWE-79,48,1
BenchmarkTest02325,xss,CWE-79,45,0
BenchmarkTest00801,xss,CWE-79,43,1
BenchmarkTest02325,xss,CWE-79,48,0
BenchmarkTest02326,xss,CWE-79,45,1
BenchmarkTest00800,xss,CWE-79,43,1
BenchmarkTest02326,xss,CWE-79,48,1
BenchmarkTest02327,xss,CWE-79,45,1
BenchmarkTest02327,xss,CWE-79,48,1
BenchmarkTest00799,xss,CWE-79,43,0
BenchmarkTest02328,xss,CWE-79,45,1
BenchmarkTest02337,weakrand,CWE-330,105,1
BenchmarkTest00780,crypto,CWE-327,43,0
BenchmarkTest02338,weakrand,CWE-330,45,1
BenchmarkTest02338,weakrand,CWE-330,62,1
BenchmarkTest00785,pathtraver,CWE-22,43,1
BenchmarkTest02345,weakrand,CWE-330,99,0
BenchmarkTest02345,weakrand,CWE-330,119,0
BenchmarkTest02346,weakrand,CWE-330,45,0
BenchmarkTest02346,weakrand,CWE-330,48,0
BenchmarkTest00784,pathtraver,CWE-22,43,0
BenchmarkTest02346,weakrand,CWE-330,63,0
BenchmarkTest02346,weakrand,CWE-330,79,0
BenchmarkTest02346,weakrand,CWE-330,99,0
BenchmarkTest02346,weakrand,CWE-330,119,0
BenchmarkTest00783,pathtraver,CWE-22,43,1
BenchmarkTest02345,weakrand,CWE-330,79,0
BenchmarkTest02347,weakrand,CWE-330,45,0
BenchmarkTest02347,weakrand,CWE-330,75,0
BenchmarkTest02347,weakrand,CWE-330,97,0
BenchmarkTest00782,crypto,CWE-327,43,0
BenchmarkTest02348,weakrand,CWE-330,45,0
BenchmarkTest02348,weakrand,CWE-330,48,0
BenchmarkTest02348,weakrand,CWE-330,74,0
BenchmarkTest02348,weakrand,CWE-330,94,0
BenchmarkTest00781,crypto,CWE-327,43,1
BenchmarkTest02349,weakrand,CWE-330,45,0
BenchmarkTest02349,weakrand,CWE-330,48,0
BenchmarkTest02349,weakrand,CWE-330,74,0
BenchmarkTest02347,weakrand,CWE-330,48,0
BenchmarkTest02345,weakrand,CWE-330,63,0
BenchmarkTest02345,weakrand,CWE-330,48,0
BenchmarkTest00786,pathtraver,CWE-22,43,0
BenchmarkTest00792,hash,CWE-328,43,0
BenchmarkTest02338,weakrand,CWE-330,73,1
BenchmarkTest02338,weakrand,CWE-330,94,1
BenchmarkTest02338,weakrand,CWE-330,105,1
BenchmarkTest02339,securecookie,CWE-614,45,1
BenchmarkTest00791,hash,CWE-328,43,0
BenchmarkTest02339,securecookie,CWE-614,48,1
BenchmarkTest02339,securecookie,CWE-614,81,1
BenchmarkTest02340,cmdi,CWE-78,45,0
BenchmarkTest02340,cmdi,CWE-78,48,0
BenchmarkTest00790,hash,CWE-328,43,1
BenchmarkTest02340,cmdi,CWE-78,85,0
BenchmarkTest02341,cmdi,CWE-78,45,0
BenchmarkTest02341,cmdi,CWE-78,48,0
BenchmarkTest02342,cmdi,CWE-78,45,1
BenchmarkTest00789,hash,CWE-328,43,1
BenchmarkTest02342,cmdi,CWE-78,48,1
BenchmarkTest02342,cmdi,CWE-78,72,1
BenchmarkTest02343,cmdi,CWE-78,45,1
BenchmarkTest00788,pathtraver,CWE-22,43,1
BenchmarkTest02343,cmdi,CWE-78,48,1
BenchmarkTest02344,cmdi,CWE-78,45,1
BenchmarkTest00787,pathtraver,CWE-22,43,1
BenchmarkTest02344,cmdi,CWE-78,48,1
BenchmarkTest02345,weakrand,CWE-330,45,0
BenchmarkTest02338,weakrand,CWE-330,48,1
BenchmarkTest01130,weakrand,CWE-330,52,1
BenchmarkTest01144,trustbound,CWE-501,44,0
BenchmarkTest02108,pathtraver,CWE-22,43,0
BenchmarkTest01568,ldapi,CWE-90,43,1
BenchmarkTest01567,crypto,CWE-327,43,0
BenchmarkTest01897,crypto,CWE-327,44,1
BenchmarkTest01897,crypto,CWE-327,45,1
BenchmarkTest01566,crypto,CWE-327,43,1
BenchmarkTest01565,crypto,CWE-327,43,1
BenchmarkTest01564,crypto,CWE-327,43,0
BenchmarkTest01898,crypto,CWE-327,44,1
BenchmarkTest01898,crypto,CWE-327,45,1
BenchmarkTest01563,crypto,CWE-327,43,0
BenchmarkTest01899,crypto,CWE-327,44,0
BenchmarkTest01569,ldapi,CWE-90,43,0
BenchmarkTest01899,crypto,CWE-327,45,0
BenchmarkTest01900,crypto,CWE-327,45,1
BenchmarkTest01901,crypto,CWE-327,44,0
BenchmarkTest01901,crypto,CWE-327,45,0
BenchmarkTest01545,weakrand,CWE-330,81,0
BenchmarkTest01545,weakrand,CWE-330,61,0
BenchmarkTest01544,weakrand,CWE-330,81,0
BenchmarkTest01544,weakrand,CWE-330,61,0
BenchmarkTest01543,weakrand,CWE-330,81,0
BenchmarkTest01902,ldapi,CWE-90,44,1
BenchmarkTest01543,weakrand,CWE-330,61,0
BenchmarkTest01902,ldapi,CWE-90,45,1
BenchmarkTest01900,crypto,CWE-327,44,1
BenchmarkTest01896,crypto,CWE-327,45,0
BenchmarkTest01896,crypto,CWE-327,44,0
BenchmarkTest01570,pathtraver,CWE-22,43,0
BenchmarkTest01892,xpathi,CWE-643,40,1
BenchmarkTest01581,hash,CWE-328,43,0
BenchmarkTest01892,xpathi,CWE-643,41,1
BenchmarkTest01892,xpathi,CWE-643,51,1
BenchmarkTest01580,hash,CWE-328,43,1
BenchmarkTest01893,xpathi,CWE-643,40,0
BenchmarkTest01893,xpathi,CWE-643,41,0
BenchmarkTest01579,hash,CWE-328,43,1
BenchmarkTest01893,xpathi,CWE-643,51,0
BenchmarkTest01578,hash,CWE-328,43,0
BenchmarkTest01894,xpathi,CWE-643,40,1
BenchmarkTest01577,hash,CWE-328,43,1
BenchmarkTest01894,xpathi,CWE-643,41,1
BenchmarkTest01894,xpathi,CWE-643,51,1
BenchmarkTest01576,hash,CWE-328,43,0
BenchmarkTest01575,weakrand,CWE-330,84,1
BenchmarkTest01575,weakrand,CWE-330,83,1
BenchmarkTest01575,weakrand,CWE-330,62,1
BenchmarkTest01895,crypto,CWE-327,44,1
BenchmarkTest01575,weakrand,CWE-330,43,1
BenchmarkTest01895,crypto,CWE-327,45,1
BenchmarkTest01574,pathtraver,CWE-22,43,0
BenchmarkTest01573,pathtraver,CWE-22,43,0
BenchmarkTest01572,pathtraver,CWE-22,43,1
BenchmarkTest01571,pathtraver,CWE-22,43,1
BenchmarkTest01903,ldapi,CWE-90,44,0
BenchmarkTest01891,sqli,CWE-89,51,1
BenchmarkTest01542,weakrand,CWE-330,81,0
BenchmarkTest01542,weakrand,CWE-330,61,0
BenchmarkTest01910,weakrand,CWE-330,44,1
BenchmarkTest01534,weakrand,CWE-330,66,0
BenchmarkTest01910,weakrand,CWE-330,45,1
BenchmarkTest01910,weakrand,CWE-330,64,1
BenchmarkTest01910,weakrand,CWE-330,85,1
BenchmarkTest01910,weakrand,CWE-330,86,1
BenchmarkTest01531,cmdi,CWE-78,56,1
BenchmarkTest01911,hash,CWE-328,44,1
BenchmarkTest01530,cmdi,CWE-78,72,0
BenchmarkTest01911,hash,CWE-328,45,1
BenchmarkTest01529,cmdi,CWE-78,70,0
BenchmarkTest01534,weakrand,CWE-330,86,0
BenchmarkTest01528,cmdi,CWE-78,58,0
BenchmarkTest01912,hash,CWE-328,44,0
BenchmarkTest01912,hash,CWE-328,45,0
BenchmarkTest01526,cmdi,CWE-78,58,0
BenchmarkTest01524,securecookie,CWE-614,71,0
BenchmarkTest01913,hash,CWE-328,44,0
BenchmarkTest01913,hash,CWE-328,45,0
BenchmarkTest01523,securecookie,CWE-614,71,0
BenchmarkTest01522,securecookie,CWE-614,71,0
BenchmarkTest01521,securecookie,CWE-614,68,1
BenchmarkTest01914,xss,CWE-79,44,0
BenchmarkTest01520,weakrand,CWE-330,92,1
BenchmarkTest01527,cmdi,CWE-78,58,0
BenchmarkTest01909,ldapi,CWE-90,45,0
BenchmarkTest01909,ldapi,CWE-90,44,0
BenchmarkTest01908,pathtraver,CWE-22,45,1
BenchmarkTest01904,pathtraver,CWE-22,44,1
BenchmarkTest01904,pathtraver,CWE-22,45,1
BenchmarkTest01541,weakrand,CWE-330,84,0
BenchmarkTest01541,weakrand,CWE-330,62,0
BenchmarkTest01905,pathtraver,CWE-22,44,0
BenchmarkTest01905,pathtraver,CWE-22,45,0
BenchmarkTest01540,weakrand,CWE-330,86,0
BenchmarkTest01540,weakrand,CWE-330,66,0
BenchmarkTest01539,weakrand,CWE-330,86,0
BenchmarkTest01539,weakrand,CWE-330,66,0
BenchmarkTest01906,pathtraver,CWE-22,44,1
BenchmarkTest01906,pathtraver,CWE-22,45,1
BenchmarkTest01538,weakrand,CWE-330,86,0
BenchmarkTest01538,weakrand,CWE-330,66,0
BenchmarkTest01537,weakrand,CWE-330,103,0
BenchmarkTest01537,weakrand,CWE-330,83,0
BenchmarkTest01537,weakrand,CWE-330,63,0
BenchmarkTest01907,pathtraver,CWE-22,44,1
BenchmarkTest01537,weakrand,CWE-330,50,0
BenchmarkTest01907,pathtraver,CWE-22,45,1
BenchmarkTest01536,weakrand,CWE-330,84,0
BenchmarkTest01536,weakrand,CWE-330,62,0
BenchmarkTest01535,weakrand,CWE-330,84,0
BenchmarkTest01908,pathtraver,CWE-22,44,1
BenchmarkTest01535,weakrand,CWE-330,62,0
BenchmarkTest01903,ldapi,CWE-90,45,0
BenchmarkTest01582,hash,CWE-328,43,0
BenchmarkTest01891,sqli,CWE-89,41,1
BenchmarkTest01891,sqli,CWE-89,40,1
BenchmarkTest01611,weakrand,CWE-330,43,0
BenchmarkTest01877,sqli,CWE-89,51,0
BenchmarkTest01610,cmdi,CWE-78,43,1
BenchmarkTest01878,sqli,CWE-89,40,0
BenchmarkTest01878,sqli,CWE-89,41,0
BenchmarkTest01609,cmdi,CWE-78,43,1
BenchmarkTest01878,sqli,CWE-89,51,0
BenchmarkTest01608,cmdi,CWE-78,43,0
BenchmarkTest01607,cmdi,CWE-78,72,0
BenchmarkTest01607,cmdi,CWE-78,43,0
BenchmarkTest01879,sqli,CWE-89,40,0
BenchmarkTest01877,sqli,CWE-89,41,0
BenchmarkTest01879,sqli,CWE-89,41,0
BenchmarkTest01606,cmdi,CWE-78,43,0
BenchmarkTest01879,sqli,CWE-89,51,0
BenchmarkTest01605,securecookie,CWE-614,73,0
BenchmarkTest01605,securecookie,CWE-614,43,0
BenchmarkTest01880,sqli,CWE-89,40,0
BenchmarkTest01604,securecookie,CWE-614,73,0
BenchmarkTest01880,sqli,CWE-89,41,0
BenchmarkTest01604,securecookie,CWE-614,43,0
BenchmarkTest01880,sqli,CWE-89,51,0
BenchmarkTest01881,sqli,CWE-89,40,1
BenchmarkTest01603,weakrand,CWE-330,94,1
BenchmarkTest01606,cmdi,CWE-78,60,0
BenchmarkTest01611,weakrand,CWE-330,68,0
BenchmarkTest01877,sqli,CWE-89,40,0
BenchmarkTest01611,weakrand,CWE-330,88,0
BenchmarkTest01872,trustbound,CWE-501,41,1
BenchmarkTest01616,trustbound,CWE-501,43,1
BenchmarkTest01872,trustbound,CWE-501,51,1
BenchmarkTest01873,trustbound,CWE-501,40,0
BenchmarkTest01615,trustbound,CWE-501,43,1
BenchmarkTest01873,trustbound,CWE-501,41,0
BenchmarkTest01614,weakrand,CWE-330,83,0
BenchmarkTest01873,trustbound,CWE-501,51,0
BenchmarkTest01614,weakrand,CWE-330,63,0
BenchmarkTest01874,trustbound,CWE-501,40,1
BenchmarkTest01614,weakrand,CWE-330,43,0
BenchmarkTest01874,trustbound,CWE-501,41,1
BenchmarkTest01874,trustbound,CWE-501,51,1
BenchmarkTest01613,weakrand,CWE-330,83,0
BenchmarkTest01875,trustbound,CWE-501,40,1
BenchmarkTest01613,weakrand,CWE-330,63,0
BenchmarkTest01875,trustbound,CWE-501,41,1
BenchmarkTest01613,weakrand,CWE-330,43,0
BenchmarkTest01875,trustbound,CWE-501,51,1
BenchmarkTest01612,weakrand,CWE-330,83,0
BenchmarkTest01876,trustbound,CWE-501,40,1
BenchmarkTest01612,weakrand,CWE-330,63,0
BenchmarkTest01876,trustbound,CWE-501,41,1
BenchmarkTest01612,weakrand,CWE-330,43,0
BenchmarkTest01876,trustbound,CWE-501,51,1
BenchmarkTest01603,weakrand,CWE-330,83,1
BenchmarkTest01881,sqli,CWE-89,41,1
BenchmarkTest01603,weakrand,CWE-330,62,1
BenchmarkTest01881,sqli,CWE-89,51,1
BenchmarkTest01593,xss,CWE-79,43,0
BenchmarkTest01886,sqli,CWE-89,41,0
BenchmarkTest01886,sqli,CWE-89,51,0
BenchmarkTest01592,xss,CWE-79,43,1
BenchmarkTest01887,sqli,CWE-89,40,1
BenchmarkTest01591,xss,CWE-79,43,0
BenchmarkTest01887,sqli,CWE-89,41,1
BenchmarkTest01590,xss,CWE-79,43,1
BenchmarkTest01887,sqli,CWE-89,51,1
BenchmarkTest01589,xss,CWE-79,43,1
BenchmarkTest01888,sqli,CWE-89,40,1
BenchmarkTest01888,sqli,CWE-89,41,1
BenchmarkTest01588,xss,CWE-79,43,0
BenchmarkTest01888,sqli,CWE-89,51,1
BenchmarkTest01587,xss,CWE-79,43,1
BenchmarkTest01889,sqli,CWE-89,40,1
BenchmarkTest01586,xss,CWE-79,43,0
BenchmarkTest01889,sqli,CWE-89,41,1
BenchmarkTest01585,xss,CWE-79,43,0
BenchmarkTest01889,sqli,CWE-89,51,1
BenchmarkTest01890,sqli,CWE-89,40,1
BenchmarkTest01584,xss,CWE-79,43,1
BenchmarkTest01890,sqli,CWE-89,41,1
BenchmarkTest01583,xss,CWE-79,43,1
BenchmarkTest01890,sqli,CWE-89,51,1
BenchmarkTest01886,sqli,CWE-89,40,0
BenchmarkTest01520,weakrand,CWE-330,81,1
BenchmarkTest01885,sqli,CWE-89,51,0
BenchmarkTest01885,sqli,CWE-89,41,0
BenchmarkTest01603,weakrand,CWE-330,51,1
BenchmarkTest01603,weakrand,CWE-330,43,1
BenchmarkTest01882,sqli,CWE-89,40,1
BenchmarkTest01602,weakrand,CWE-330,95,1
BenchmarkTest01602,weakrand,CWE-330,83,1
BenchmarkTest01602,weakrand,CWE-330,82,1
BenchmarkTest01882,sqli,CWE-89,41,1
BenchmarkTest01602,weakrand,CWE-330,62,1
BenchmarkTest01882,sqli,CWE-89,51,1
BenchmarkTest01602,weakrand,CWE-330,51,1
BenchmarkTest01602,weakrand,CWE-330,43,1
BenchmarkTest01601,cmdi,CWE-78,43,1
BenchmarkTest01883,sqli,CWE-89,40,1
BenchmarkTest01600,cmdi,CWE-78,43,0
BenchmarkTest01883,sqli,CWE-89,41,1
BenchmarkTest01599,xss,CWE-79,43,0
BenchmarkTest01883,sqli,CWE-89,51,1
BenchmarkTest01884,sqli,CWE-89,40,0
BenchmarkTest01884,sqli,CWE-89,41,0
BenchmarkTest01598,xss,CWE-79,43,1
BenchmarkTest01884,sqli,CWE-89,51,0
BenchmarkTest01597,xss,CWE-79,43,1
BenchmarkTest01596,xss,CWE-79,43,1
BenchmarkTest01885,sqli,CWE-89,40,0
BenchmarkTest01595,xss,CWE-79,43,0
BenchmarkTest01594,xss,CWE-79,43,1
BenchmarkTest01914,xss,CWE-79,45,0
BenchmarkTest01520,weakrand,CWE-330,60,1
BenchmarkTest01520,weakrand,CWE-330,49,1
BenchmarkTest01463,sqli,CWE-89,48,1
BenchmarkTest01463,sqli,CWE-89,45,1
BenchmarkTest01948,weakrand,CWE-330,44,0
BenchmarkTest01948,weakrand,CWE-330,45,0
BenchmarkTest01462,sqli,CWE-89,48,1
BenchmarkTest01462,sqli,CWE-89,45,1
BenchmarkTest01948,weakrand,CWE-330,70,0
BenchmarkTest01461,sqli,CWE-89,48,0
BenchmarkTest01461,sqli,CWE-89,45,0
BenchmarkTest01948,weakrand,CWE-330,90,0
BenchmarkTest01460,sqli,CWE-89,48,1
BenchmarkTest01947,weakrand,CWE-330,90,0
BenchmarkTest01460,sqli,CWE-89,45,1
BenchmarkTest01459,sqli,CWE-89,48,0
BenchmarkTest01459,sqli,CWE-89,45,0
BenchmarkTest01949,weakrand,CWE-330,45,0
BenchmarkTest01949,weakrand,CWE-330,66,0
BenchmarkTest01458,trustbound,CWE-501,48,1
BenchmarkTest01458,trustbound,CWE-501,45,1
BenchmarkTest01949,weakrand,CWE-330,88,0
BenchmarkTest01950,weakrand,CWE-330,44,0
BenchmarkTest01457,trustbound,CWE-501,48,1
BenchmarkTest01457,trustbound,CWE-501,45,1
BenchmarkTest01950,weakrand,CWE-330,45,0
BenchmarkTest01949,weakrand,CWE-330,44,0
BenchmarkTest01947,weakrand,CWE-330,70,0
BenchmarkTest01464,sqli,CWE-89,45,1
BenchmarkTest01464,sqli,CWE-89,48,1
BenchmarkTest01944,cmdi,CWE-78,45,1
BenchmarkTest01471,sqli,CWE-89,48,1
BenchmarkTest01471,sqli,CWE-89,45,1
BenchmarkTest01470,sqli,CWE-89,48,1
BenchmarkTest01470,sqli,CWE-89,45,1
BenchmarkTest01945,weakrand,CWE-330,44,0
BenchmarkTest01945,weakrand,CWE-330,45,0
BenchmarkTest01945,weakrand,CWE-330,70,0
BenchmarkTest01469,sqli,CWE-89,48,0
BenchmarkTest01469,sqli,CWE-89,45,0
BenchmarkTest01945,weakrand,CWE-330,90,0
BenchmarkTest01946,weakrand,CWE-330,44,0
BenchmarkTest01468,sqli,CWE-89,48,0
BenchmarkTest01468,sqli,CWE-89,45,0
BenchmarkTest01946,weakrand,CWE-330,45,0
BenchmarkTest01467,sqli,CWE-89,48,0
BenchmarkTest01467,sqli,CWE-89,45,0
BenchmarkTest01946,weakrand,CWE-330,70,0
BenchmarkTest01466,sqli,CWE-89,48,1
BenchmarkTest01466,sqli,CWE-89,45,1
BenchmarkTest01946,weakrand,CWE-330,90,0
BenchmarkTest01947,weakrand,CWE-330,44,0
BenchmarkTest01465,sqli,CWE-89,48,1
BenchmarkTest01465,sqli,CWE-89,45,1
BenchmarkTest01947,weakrand,CWE-330,45,0
BenchmarkTest01950,weakrand,CWE-330,65,0
BenchmarkTest01456,trustbound,CWE-501,48,1
BenchmarkTest01456,trustbound,CWE-501,45,1
BenchmarkTest01950,weakrand,CWE-330,85,0
BenchmarkTest01450,weakrand,CWE-330,79,0
BenchmarkTest01954,weakrand,CWE-330,44,0
BenchmarkTest01450,weakrand,CWE-330,48,0
BenchmarkTest01450,weakrand,CWE-330,45,0
BenchmarkTest01954,weakrand,CWE-330,45,0
BenchmarkTest01449,weakrand,CWE-330,116,0
BenchmarkTest01449,weakrand,CWE-330,96,0
BenchmarkTest01449,weakrand,CWE-330,76,0
BenchmarkTest01954,weakrand,CWE-330,65,0
BenchmarkTest01449,weakrand,CWE-330,63,0
BenchmarkTest01449,weakrand,CWE-330,48,0
BenchmarkTest01449,weakrand,CWE-330,45,0
BenchmarkTest01954,weakrand,CWE-330,85,0
BenchmarkTest01448,weakrand,CWE-330,97,0
BenchmarkTest01955,trustbound,CWE-501,44,1
BenchmarkTest01448,weakrand,CWE-330,75,0
BenchmarkTest01955,trustbound,CWE-501,45,1
BenchmarkTest01956,trustbound,CWE-501,44,0
BenchmarkTest01448,weakrand,CWE-330,48,0
BenchmarkTest01448,weakrand,CWE-330,45,0
BenchmarkTest01956,trustbound,CWE-501,45,0
BenchmarkTest01447,weakrand,CWE-330,119,0
BenchmarkTest01447,weakrand,CWE-330,99,0
BenchmarkTest01447,weakrand,CWE-330,79,0
BenchmarkTest01957,trustbound,CWE-501,44,0
BenchmarkTest01953,weakrand,CWE-330,85,0
BenchmarkTest01944,cmdi,CWE-78,44,1
BenchmarkTest01450,weakrand,CWE-330,99,0
BenchmarkTest01451,weakrand,CWE-330,48,0
BenchmarkTest01951,weakrand,CWE-330,44,0
BenchmarkTest01455,trustbound,CWE-501,48,1
BenchmarkTest01455,trustbound,CWE-501,45,1
BenchmarkTest01951,weakrand,CWE-330,45,0
BenchmarkTest01951,weakrand,CWE-330,65,0
BenchmarkTest01454,trustbound,CWE-501,48,0
BenchmarkTest01454,trustbound,CWE-501,45,0
BenchmarkTest01453,weakrand,CWE-330,94,0
BenchmarkTest01951,weakrand,CWE-330,85,0
BenchmarkTest01453,weakrand,CWE-330,74,0
BenchmarkTest01952,weakrand,CWE-330,44,0
BenchmarkTest01952,weakrand,CWE-330,45,0
BenchmarkTest01453,weakrand,CWE-330,48,0
BenchmarkTest01453,weakrand,CWE-330,45,0
BenchmarkTest01452,weakrand,CWE-330,94,0
BenchmarkTest01952,weakrand,CWE-330,65,0
BenchmarkTest01452,weakrand,CWE-330,74,0
BenchmarkTest01952,weakrand,CWE-330,85,0
BenchmarkTest01452,weakrand,CWE-330,48,0
BenchmarkTest01452,weakrand,CWE-330,45,0
BenchmarkTest01953,weakrand,CWE-330,44,0
BenchmarkTest01451,weakrand,CWE-330,94,0
BenchmarkTest01953,weakrand,CWE-330,45,0
BenchmarkTest01451,weakrand,CWE-330,74,0
BenchmarkTest01953,weakrand,CWE-330,65,0
BenchmarkTest01451,weakrand,CWE-330,45,0
BenchmarkTest01872,trustbound,CWE-501,40,1
BenchmarkTest01472,sqli,CWE-89,45,0
BenchmarkTest01943,cmdi,CWE-78,45,0
BenchmarkTest01924,xss,CWE-79,45,0
BenchmarkTest01925,xss,CWE-79,44,1
BenchmarkTest01925,xss,CWE-79,45,1
BenchmarkTest01926,xss,CWE-79,44,1
BenchmarkTest01926,xss,CWE-79,45,1
BenchmarkTest01927,xss,CWE-79,44,1
BenchmarkTest01927,xss,CWE-79,45,1
BenchmarkTest01928,cmdi,CWE-78,44,1
BenchmarkTest01928,cmdi,CWE-78,45,1
BenchmarkTest01929,cmdi,CWE-78,44,1
BenchmarkTest01929,cmdi,CWE-78,45,1
BenchmarkTest01924,xss,CWE-79,44,0
BenchmarkTest01930,weakrand,CWE-330,44,1
BenchmarkTest01930,weakrand,CWE-330,53,1
BenchmarkTest01930,weakrand,CWE-330,64,1
BenchmarkTest01502,weakrand,CWE-330,82,1
BenchmarkTest01502,weakrand,CWE-330,81,1
BenchmarkTest01930,weakrand,CWE-330,84,1
BenchmarkTest01502,weakrand,CWE-330,60,1
BenchmarkTest01930,weakrand,CWE-330,85,1
BenchmarkTest01930,weakrand,CWE-330,96,1
BenchmarkTest01931,weakrand,CWE-330,44,1
BenchmarkTest01931,weakrand,CWE-330,45,1
BenchmarkTest01931,weakrand,CWE-330,53,1
BenchmarkTest01930,weakrand,CWE-330,45,1
BenchmarkTest01923,xss,CWE-79,45,1
BenchmarkTest01923,xss,CWE-79,44,1
BenchmarkTest01922,xss,CWE-79,45,1
BenchmarkTest01915,xss,CWE-79,44,0
BenchmarkTest01915,xss,CWE-79,45,0
BenchmarkTest01519,weakrand,CWE-330,93,1
BenchmarkTest01519,weakrand,CWE-330,81,1
BenchmarkTest01519,weakrand,CWE-330,80,1
BenchmarkTest01519,weakrand,CWE-330,60,1
BenchmarkTest01916,xss,CWE-79,44,1
BenchmarkTest01519,weakrand,CWE-330,49,1
BenchmarkTest01916,xss,CWE-79,45,1
BenchmarkTest01917,xss,CWE-79,44,0
BenchmarkTest01917,xss,CWE-79,45,0
BenchmarkTest01518,weakrand,CWE-330,93,1
BenchmarkTest01518,weakrand,CWE-330,81,1
BenchmarkTest01518,weakrand,CWE-330,80,1
BenchmarkTest01918,xss,CWE-79,44,0
BenchmarkTest01518,weakrand,CWE-330,60,1
BenchmarkTest01918,xss,CWE-79,45,0
BenchmarkTest01518,weakrand,CWE-330,49,1
BenchmarkTest01919,xss,CWE-79,44,1
BenchmarkTest01919,xss,CWE-79,45,1
BenchmarkTest01920,xss,CWE-79,44,1
BenchmarkTest01920,xss,CWE-79,45,1
BenchmarkTest01921,xss,CWE-79,44,1
BenchmarkTest01921,xss,CWE-79,45,1
BenchmarkTest01922,xss,CWE-79,44,1
BenchmarkTest01931,weakrand,CWE-330,64,1
BenchmarkTest01931,weakrand,CWE-330,84,1
BenchmarkTest01931,weakrand,CWE-330,85,1
BenchmarkTest01931,weakrand,CWE-330,97,1
BenchmarkTest01939,cmdi,CWE-78,44,0
BenchmarkTest01939,cmdi,CWE-78,45,0
BenchmarkTest01479,xpathi,CWE-643,48,0
BenchmarkTest01479,xpathi,CWE-643,45,0
BenchmarkTest01940,cmdi,CWE-78,44,1
BenchmarkTest01940,cmdi,CWE-78,45,1
BenchmarkTest01478,xpathi,CWE-643,48,1
BenchmarkTest01478,xpathi,CWE-643,45,1
BenchmarkTest01940,cmdi,CWE-78,63,1
BenchmarkTest01477,sqli,CWE-89,48,1
BenchmarkTest01477,sqli,CWE-89,45,1
BenchmarkTest01941,cmdi,CWE-78,44,0
BenchmarkTest01941,cmdi,CWE-78,45,0
BenchmarkTest01476,sqli,CWE-89,48,1
BenchmarkTest01476,sqli,CWE-89,45,1
BenchmarkTest01941,cmdi,CWE-78,59,0
BenchmarkTest01475,sqli,CWE-89,48,1
BenchmarkTest01475,sqli,CWE-89,45,1
BenchmarkTest01942,cmdi,CWE-78,44,1
BenchmarkTest01474,sqli,CWE-89,48,1
BenchmarkTest01474,sqli,CWE-89,45,1
BenchmarkTest01942,cmdi,CWE-78,45,1
BenchmarkTest01473,sqli,CWE-89,48,1
BenchmarkTest01473,sqli,CWE-89,45,1
BenchmarkTest01943,cmdi,CWE-78,44,0
BenchmarkTest01938,cmdi,CWE-78,45,1
BenchmarkTest01472,sqli,CWE-89,48,0
BenchmarkTest01938,cmdi,CWE-78,44,1
BenchmarkTest01937,cmdi,CWE-78,45,0
BenchmarkTest01932,weakrand,CWE-330,44,1
BenchmarkTest01932,weakrand,CWE-330,45,1
BenchmarkTest01932,weakrand,CWE-330,53,1
BenchmarkTest01932,weakrand,CWE-330,64,1
BenchmarkTest01932,weakrand,CWE-330,84,1
BenchmarkTest01932,weakrand,CWE-330,95,1
BenchmarkTest01933,weakrand,CWE-330,44,1
BenchmarkTest01933,weakrand,CWE-330,45,1
BenchmarkTest01933,weakrand,CWE-330,53,1
BenchmarkTest01933,weakrand,CWE-330,64,1
BenchmarkTest01933,weakrand,CWE-330,85,1
BenchmarkTest01933,weakrand,CWE-330,96,1
BenchmarkTest01934,weakrand,CWE-330,44,1
BenchmarkTest01934,weakrand,CWE-330,45,1
BenchmarkTest01934,weakrand,CWE-330,53,1
BenchmarkTest01934,weakrand,CWE-330,64,1
BenchmarkTest01934,weakrand,CWE-330,85,1
BenchmarkTest01934,weakrand,CWE-330,96,1
BenchmarkTest01935,securecookie,CWE-614,44,0
BenchmarkTest01935,securecookie,CWE-614,45,0
BenchmarkTest01935,securecookie,CWE-614,75,0
BenchmarkTest01936,cmdi,CWE-78,44,1
BenchmarkTest01936,cmdi,CWE-78,45,1
BenchmarkTest01936,cmdi,CWE-78,62,1
BenchmarkTest01937,cmdi,CWE-78,44,0
BenchmarkTest01937,cmdi,CWE-78,62,0
BenchmarkTest01447,weakrand,CWE-330,63,0
BenchmarkTest01617,trustbound,CWE-501,43,1
BenchmarkTest01618,trustbound,CWE-501,43,1
BenchmarkTest01682,securecookie,CWE-614,81,1
BenchmarkTest01682,securecookie,CWE-614,43,1
BenchmarkTest01681,weakrand,CWE-330,104,1
BenchmarkTest01681,weakrand,CWE-330,93,1
BenchmarkTest01681,weakrand,CWE-330,73,1
BenchmarkTest01681,weakrand,CWE-330,62,1
BenchmarkTest01681,weakrand,CWE-330,43,1
BenchmarkTest01680,weakrand,CWE-330,104,1
BenchmarkTest01680,weakrand,CWE-330,93,1
BenchmarkTest01680,weakrand,CWE-330,73,1
BenchmarkTest01680,weakrand,CWE-330,62,1
BenchmarkTest01801,weakrand,CWE-330,80,0
BenchmarkTest01680,weakrand,CWE-330,43,1
BenchmarkTest01679,weakrand,CWE-330,94,1
BenchmarkTest01679,weakrand,CWE-330,93,1
BenchmarkTest01679,weakrand,CWE-330,73,1
BenchmarkTest01679,weakrand,CWE-330,62,1
BenchmarkTest01679,weakrand,CWE-330,43,1
BenchmarkTest01678,weakrand,CWE-330,106,1
BenchmarkTest01678,weakrand,CWE-330,94,1
BenchmarkTest01678,weakrand,CWE-330,93,1
BenchmarkTest01678,weakrand,CWE-330,73,1
BenchmarkTest01822,crypto,CWE-327,40,1
BenchmarkTest01678,weakrand,CWE-330,62,1
BenchmarkTest01679,weakrand,CWE-330,106,1
BenchmarkTest01683,securecookie,CWE-614,43,1
BenchmarkTest01801,weakrand,CWE-330,60,0
BenchmarkTest01800,weakrand,CWE-330,80,0
BenchmarkTest01788,weakrand,CWE-330,59,1
BenchmarkTest01689,cmdi,CWE-78,43,1
BenchmarkTest01788,weakrand,CWE-330,80,1
BenchmarkTest01788,weakrand,CWE-330,91,1
BenchmarkTest01688,cmdi,CWE-78,72,0
BenchmarkTest01789,securecookie,CWE-614,67,1
BenchmarkTest01688,cmdi,CWE-78,43,0
BenchmarkTest01791,cmdi,CWE-78,57,0
BenchmarkTest01792,cmdi,CWE-78,71,0
BenchmarkTest01793,cmdi,CWE-78,55,0
BenchmarkTest01687,cmdi,CWE-78,43,0
BenchmarkTest01686,cmdi,CWE-78,69,0
BenchmarkTest01686,cmdi,CWE-78,43,0
BenchmarkTest01797,weakrand,CWE-330,61,0
BenchmarkTest01685,cmdi,CWE-78,85,1
BenchmarkTest01797,weakrand,CWE-330,83,0
BenchmarkTest01798,weakrand,CWE-330,60,0
BenchmarkTest01798,weakrand,CWE-330,80,0
BenchmarkTest01685,cmdi,CWE-78,43,1
BenchmarkTest01684,securecookie,CWE-614,84,0
BenchmarkTest01799,weakrand,CWE-330,60,0
BenchmarkTest01799,weakrand,CWE-330,80,0
BenchmarkTest01800,weakrand,CWE-330,60,0
BenchmarkTest01684,securecookie,CWE-614,43,0
BenchmarkTest01683,securecookie,CWE-614,81,1
BenchmarkTest01822,crypto,CWE-327,41,1
BenchmarkTest01788,weakrand,CWE-330,48,1
BenchmarkTest01822,crypto,CWE-327,51,1
BenchmarkTest01677,weakrand,CWE-330,106,1
BenchmarkTest01826,crypto,CWE-327,51,0
BenchmarkTest01673,cmdi,CWE-78,43,1
BenchmarkTest01827,crypto,CWE-327,40,0
BenchmarkTest01827,crypto,CWE-327,41,0
BenchmarkTest01827,crypto,CWE-327,51,0
BenchmarkTest01672,cmdi,CWE-78,43,0
BenchmarkTest01828,crypto,CWE-327,40,0
BenchmarkTest01828,crypto,CWE-327,41,0
BenchmarkTest01828,crypto,CWE-327,51,0
BenchmarkTest01671,xss,CWE-79,43,0
BenchmarkTest01829,crypto,CWE-327,40,1
BenchmarkTest01674,cmdi,CWE-78,43,1
BenchmarkTest01829,crypto,CWE-327,41,1
BenchmarkTest01670,xss,CWE-79,43,1
BenchmarkTest01669,xss,CWE-79,43,0
BenchmarkTest01830,crypto,CWE-327,40,1
BenchmarkTest01830,crypto,CWE-327,41,1
BenchmarkTest01830,crypto,CWE-327,51,1
BenchmarkTest01668,xss,CWE-79,43,0
BenchmarkTest01831,ldapi,CWE-90,40,1
BenchmarkTest01831,ldapi,CWE-90,41,1
BenchmarkTest01667,xss,CWE-79,43,1
BenchmarkTest01831,ldapi,CWE-90,51,1
BenchmarkTest01832,ldapi,CWE-90,40,1
BenchmarkTest01829,crypto,CWE-327,51,1
BenchmarkTest01826,crypto,CWE-327,41,0
BenchmarkTest01826,crypto,CWE-327,40,0
BenchmarkTest01675,weakrand,CWE-330,43,1
BenchmarkTest01677,weakrand,CWE-330,94,1
BenchmarkTest01677,weakrand,CWE-330,93,1
BenchmarkTest01677,weakrand,CWE-330,73,1
BenchmarkTest01677,weakrand,CWE-330,62,1
BenchmarkTest01823,crypto,CWE-327,40,1
BenchmarkTest01823,crypto,CWE-327,41,1
BenchmarkTest01823,crypto,CWE-327,51,1
BenchmarkTest01677,weakrand,CWE-330,43,1
BenchmarkTest01676,weakrand,CWE-330,105,1
BenchmarkTest01676,weakrand,CWE-330,94,1
BenchmarkTest01676,weakrand,CWE-330,93,1
BenchmarkTest01676,weakrand,CWE-330,73,1
BenchmarkTest01676,weakrand,CWE-330,62,1
BenchmarkTest01824,crypto,CWE-327,40,0
BenchmarkTest01824,crypto,CWE-327,41,0
BenchmarkTest01824,crypto,CWE-327,51,0
BenchmarkTest01676,weakrand,CWE-330,43,1
BenchmarkTest01675,weakrand,CWE-330,106,1
BenchmarkTest01675,weakrand,CWE-330,95,1
BenchmarkTest01675,weakrand,CWE-330,94,1
BenchmarkTest01675,weakrand,CWE-330,74,1
BenchmarkTest01675,weakrand,CWE-330,63,1
BenchmarkTest01825,crypto,CWE-327,40,0
BenchmarkTest01825,crypto,CWE-327,41,0
BenchmarkTest01825,crypto,CWE-327,51,0
BenchmarkTest01678,weakrand,CWE-330,43,1
BenchmarkTest01787,weakrand,CWE-330,90,1
BenchmarkTest01689,cmdi,CWE-78,72,1
BenchmarkTest01787,weakrand,CWE-330,79,1
BenchmarkTest01707,weakrand,CWE-330,74,0
BenchmarkTest01707,weakrand,CWE-330,43,0
BenchmarkTest01706,weakrand,CWE-330,94,0
BenchmarkTest01706,weakrand,CWE-330,74,0
BenchmarkTest01706,weakrand,CWE-330,43,0
BenchmarkTest01705,weakrand,CWE-330,94,0
BenchmarkTest01705,weakrand,CWE-330,74,0
BenchmarkTest01705,weakrand,CWE-330,43,0
BenchmarkTest01704,weakrand,CWE-330,94,0
BenchmarkTest01704,weakrand,CWE-330,74,0
BenchmarkTest01704,weakrand,CWE-330,43,0
BenchmarkTest01707,weakrand,CWE-330,94,0
BenchmarkTest01703,weakrand,CWE-330,94,0
BenchmarkTest01703,weakrand,CWE-330,43,0
BenchmarkTest01702,weakrand,CWE-330,97,0
BenchmarkTest01702,weakrand,CWE-330,75,0
BenchmarkTest01702,weakrand,CWE-330,43,0
BenchmarkTest01701,weakrand,CWE-330,97,0
BenchmarkTest01701,weakrand,CWE-330,75,0
BenchmarkTest01701,weakrand,CWE-330,43,0
BenchmarkTest01700,weakrand,CWE-330,116,0
BenchmarkTest01700,weakrand,CWE-330,96,0
BenchmarkTest01700,weakrand,CWE-330,76,0
BenchmarkTest01700,weakrand,CWE-330,63,0
BenchmarkTest01703,weakrand,CWE-330,74,0
BenchmarkTest01708,trustbound,CWE-501,43,1
BenchmarkTest01709,trustbound,CWE-501,43,1
BenchmarkTest01710,trustbound,CWE-501,43,1
BenchmarkTest01727,sqli,CWE-89,43,1
BenchmarkTest01729,sqli,CWE-89,43,0
BenchmarkTest01726,sqli,CWE-89,43,1
BenchmarkTest01730,sqli,CWE-89,43,1
BenchmarkTest01725,sqli,CWE-89,43,1
BenchmarkTest01731,sqli,CWE-89,43,1
BenchmarkTest01732,sqli,CWE-89,43,0
BenchmarkTest01724,sqli,CWE-89,43,1
BenchmarkTest01723,sqli,CWE-89,43,1
BenchmarkTest01733,sqli,CWE-89,43,1
BenchmarkTest01722,sqli,CWE-89,43,0
BenchmarkTest01734,xpathi,CWE-643,43,1
BenchmarkTest01721,sqli,CWE-89,43,1
BenchmarkTest01735,xpathi,CWE-643,43,0
BenchmarkTest01720,sqli,CWE-89,43,1
BenchmarkTest01719,sqli,CWE-89,43,0
BenchmarkTest01736,xpathi,CWE-643,43,1
BenchmarkTest01718,sqli,CWE-89,43,1
BenchmarkTest01717,sqli,CWE-89,43,0
BenchmarkTest01716,sqli,CWE-89,43,1
BenchmarkTest01715,sqli,CWE-89,43,1
BenchmarkTest01714,sqli,CWE-89,43,0
BenchmarkTest01713,sqli,CWE-89,43,0
BenchmarkTest01712,sqli,CWE-89,43,1
BenchmarkTest01711,trustbound,CWE-501,43,1
BenchmarkTest01700,weakrand,CWE-330,43,0
BenchmarkTest01699,weakrand,CWE-330,116,0
BenchmarkTest01699,weakrand,CWE-330,96,0
BenchmarkTest01699,weakrand,CWE-330,76,0
BenchmarkTest01782,weakrand,CWE-330,90,1
BenchmarkTest01783,weakrand,CWE-330,48,1
BenchmarkTest01783,weakrand,CWE-330,59,1
BenchmarkTest01783,weakrand,CWE-330,79,1
BenchmarkTest01783,weakrand,CWE-330,90,1
BenchmarkTest01693,cmdi,CWE-78,43,0
BenchmarkTest01784,weakrand,CWE-330,48,1
BenchmarkTest01784,weakrand,CWE-330,59,1
BenchmarkTest01784,weakrand,CWE-330,79,1
BenchmarkTest01784,weakrand,CWE-330,90,1
BenchmarkTest01785,weakrand,CWE-330,48,1
BenchmarkTest01692,cmdi,CWE-78,43,0
BenchmarkTest01785,weakrand,CWE-330,59,1
BenchmarkTest01691,cmdi,CWE-78,68,1
BenchmarkTest01785,weakrand,CWE-330,79,1
BenchmarkTest01785,weakrand,CWE-330,90,1
BenchmarkTest01786,weakrand,CWE-330,48,1
BenchmarkTest01691,cmdi,CWE-78,43,1
BenchmarkTest01786,weakrand,CWE-330,59,1
BenchmarkTest01690,cmdi,CWE-78,68,1
BenchmarkTest01786,weakrand,CWE-330,79,1
BenchmarkTest01786,weakrand,CWE-330,90,1
BenchmarkTest01787,weakrand,CWE-330,48,1
BenchmarkTest01690,cmdi,CWE-78,43,1
BenchmarkTest01787,weakrand,CWE-330,59,1
BenchmarkTest01782,weakrand,CWE-330,79,1
BenchmarkTest01832,ldapi,CWE-90,41,1
BenchmarkTest01694,weakrand,CWE-330,43,0
BenchmarkTest01782,weakrand,CWE-330,48,1
BenchmarkTest01699,weakrand,CWE-330,63,0
BenchmarkTest01699,weakrand,CWE-330,43,0
BenchmarkTest01698,weakrand,CWE-330,116,0
BenchmarkTest01698,weakrand,CWE-330,96,0
BenchmarkTest01698,weakrand,CWE-330,76,0
BenchmarkTest01698,weakrand,CWE-330,63,0
BenchmarkTest01698,weakrand,CWE-330,43,0
BenchmarkTest01697,weakrand,CWE-330,97,0
BenchmarkTest01697,weakrand,CWE-330,75,0
BenchmarkTest01697,weakrand,CWE-330,43,0
BenchmarkTest01696,weakrand,CWE-330,97,0
BenchmarkTest01696,weakrand,CWE-330,75,0
BenchmarkTest01696,weakrand,CWE-330,43,0
BenchmarkTest01695,weakrand,CWE-330,119,0
BenchmarkTest01695,weakrand,CWE-330,99,0
BenchmarkTest01695,weakrand,CWE-330,79,0
BenchmarkTest01695,weakrand,CWE-330,63,0
BenchmarkTest01781,weakrand,CWE-330,48,1
BenchmarkTest01781,weakrand,CWE-330,59,1
BenchmarkTest01695,weakrand,CWE-330,43,0
BenchmarkTest01694,weakrand,CWE-330,99,0
BenchmarkTest01781,weakrand,CWE-330,79,1
BenchmarkTest01694,weakrand,CWE-330,79,0
BenchmarkTest01781,weakrand,CWE-330,80,1
BenchmarkTest01781,weakrand,CWE-330,91,1
BenchmarkTest01782,weakrand,CWE-330,59,1
BenchmarkTest01832,ldapi,CWE-90,51,1
BenchmarkTest01833,pathtraver,CWE-22,40,1
BenchmarkTest01833,pathtraver,CWE-22,41,1
BenchmarkTest01640,crypto,CWE-327,43,0
BenchmarkTest01860,weakrand,CWE-330,40,1
BenchmarkTest01860,weakrand,CWE-330,41,1
BenchmarkTest01860,weakrand,CWE-330,51,1
BenchmarkTest01860,weakrand,CWE-330,65,1
BenchmarkTest01860,weakrand,CWE-330,76,1
BenchmarkTest01860,weakrand,CWE-330,97,1
BenchmarkTest01860,weakrand,CWE-330,108,1
BenchmarkTest01639,crypto,CWE-327,43,1
BenchmarkTest01861,securecookie,CWE-614,40,1
BenchmarkTest01861,securecookie,CWE-614,41,1
BenchmarkTest01859,weakrand,CWE-330,108,1
BenchmarkTest01861,securecookie,CWE-614,51,1
BenchmarkTest01862,securecookie,CWE-614,40,0
BenchmarkTest01862,securecookie,CWE-614,41,0
BenchmarkTest01862,securecookie,CWE-614,51,0
BenchmarkTest01862,securecookie,CWE-614,84,0
BenchmarkTest01638,crypto,CWE-327,43,1
BenchmarkTest01863,securecookie,CWE-614,40,0
BenchmarkTest01863,securecookie,CWE-614,41,0
BenchmarkTest01863,securecookie,CWE-614,51,0
BenchmarkTest01863,securecookie,CWE-614,84,0
BenchmarkTest01864,cmdi,CWE-78,40,1
BenchmarkTest01864,cmdi,CWE-78,41,1
BenchmarkTest01861,securecookie,CWE-614,84,1
BenchmarkTest01859,weakrand,CWE-330,97,1
BenchmarkTest01859,weakrand,CWE-330,76,1
BenchmarkTest01859,weakrand,CWE-330,65,1
BenchmarkTest01644,pathtraver,CWE-22,43,0
BenchmarkTest01856,weakrand,CWE-330,65,1
BenchmarkTest01856,weakrand,CWE-330,76,1
BenchmarkTest01856,weakrand,CWE-330,97,1
BenchmarkTest01856,weakrand,CWE-330,108,1
BenchmarkTest01857,weakrand,CWE-330,40,1
BenchmarkTest01857,weakrand,CWE-330,41,1
BenchmarkTest01643,pathtraver,CWE-22,43,1
BenchmarkTest01857,weakrand,CWE-330,51,1
BenchmarkTest01857,weakrand,CWE-330,65,1
BenchmarkTest01857,weakrand,CWE-330,76,1
BenchmarkTest01857,weakrand,CWE-330,97,1
BenchmarkTest01857,weakrand,CWE-330,108,1
BenchmarkTest01642,pathtraver,CWE-22,43,1
BenchmarkTest01858,weakrand,CWE-330,40,1
BenchmarkTest01858,weakrand,CWE-330,41,1
BenchmarkTest01858,weakrand,CWE-330,51,1
BenchmarkTest01858,weakrand,CWE-330,65,1
BenchmarkTest01858,weakrand,CWE-330,76,1
BenchmarkTest01858,weakrand,CWE-330,97,1
BenchmarkTest01858,weakrand,CWE-330,108,1
BenchmarkTest01641,crypto,CWE-327,43,1
BenchmarkTest01859,weakrand,CWE-330,40,1
BenchmarkTest01859,weakrand,CWE-330,41,1
BenchmarkTest01859,weakrand,CWE-330,51,1
BenchmarkTest01864,cmdi,CWE-78,51,1
BenchmarkTest01864,cmdi,CWE-78,75,1
BenchmarkTest01637,crypto,CWE-327,43,1
BenchmarkTest01865,cmdi,CWE-78,40,0
BenchmarkTest01869,weakrand,CWE-330,51,0
BenchmarkTest01631,sqli,CWE-89,43,1
BenchmarkTest01869,weakrand,CWE-330,82,0
BenchmarkTest01630,sqli,CWE-89,43,1
BenchmarkTest01869,weakrand,CWE-330,102,0
BenchmarkTest01629,sqli,CWE-89,43,0
BenchmarkTest01870,weakrand,CWE-330,40,0
BenchmarkTest01628,sqli,CWE-89,43,0
BenchmarkTest01870,weakrand,CWE-330,41,0
BenchmarkTest01627,sqli,CWE-89,43,1
BenchmarkTest01870,weakrand,CWE-330,51,0
BenchmarkTest01626,sqli,CWE-89,43,1
BenchmarkTest01625,sqli,CWE-89,43,1
BenchmarkTest01870,weakrand,CWE-330,77,0
BenchmarkTest01624,sqli,CWE-89,43,1
BenchmarkTest01870,weakrand,CWE-330,97,0
BenchmarkTest01623,sqli,CWE-89,43,1
BenchmarkTest01622,sqli,CWE-89,43,0
BenchmarkTest01871,weakrand,CWE-330,40,0
BenchmarkTest01871,weakrand,CWE-330,41,0
BenchmarkTest01621,sqli,CWE-89,43,1
BenchmarkTest01871,weakrand,CWE-330,51,0
BenchmarkTest01620,sqli,CWE-89,43,1
BenchmarkTest01619,trustbound,CWE-501,43,1
BenchmarkTest01871,weakrand,CWE-330,77,0
BenchmarkTest01632,xpathi,CWE-643,43,0
BenchmarkTest01856,weakrand,CWE-330,51,1
BenchmarkTest01869,weakrand,CWE-330,41,0
BenchmarkTest01633,xpathi,CWE-643,43,0
BenchmarkTest01865,cmdi,CWE-78,41,0
BenchmarkTest01865,cmdi,CWE-78,51,0
BenchmarkTest01865,cmdi,CWE-78,75,0
BenchmarkTest01866,weakrand,CWE-330,40,0
BenchmarkTest01866,weakrand,CWE-330,41,0
BenchmarkTest01636,crypto,CWE-327,43,0
BenchmarkTest01866,weakrand,CWE-330,51,0
BenchmarkTest01866,weakrand,CWE-330,66,0
BenchmarkTest01866,weakrand,CWE-330,79,0
BenchmarkTest01866,weakrand,CWE-330,99,0
BenchmarkTest01866,weakrand,CWE-330,119,0
BenchmarkTest01867,weakrand,CWE-330,40,0
BenchmarkTest01867,weakrand,CWE-330,41,0
BenchmarkTest01635,crypto,CWE-327,43,0
BenchmarkTest01867,weakrand,CWE-330,51,0
BenchmarkTest01867,weakrand,CWE-330,66,0
BenchmarkTest01867,weakrand,CWE-330,79,0
BenchmarkTest01867,weakrand,CWE-330,99,0
BenchmarkTest01867,weakrand,CWE-330,119,0
BenchmarkTest01868,weakrand,CWE-330,40,0
BenchmarkTest01868,weakrand,CWE-330,41,0
BenchmarkTest01868,weakrand,CWE-330,51,0
BenchmarkTest01634,crypto,CWE-327,43,1
BenchmarkTest01868,weakrand,CWE-330,82,0
BenchmarkTest01868,weakrand,CWE-330,102,0
BenchmarkTest01869,weakrand,CWE-330,40,0
BenchmarkTest01871,weakrand,CWE-330,97,0
BenchmarkTest01856,weakrand,CWE-330,41,1
BenchmarkTest01855,weakrand,CWE-330,108,1
BenchmarkTest01841,pathtraver,CWE-22,40,0
BenchmarkTest01841,pathtraver,CWE-22,41,0
BenchmarkTest01841,pathtraver,CWE-22,51,0
BenchmarkTest01659,xss,CWE-79,43,0
BenchmarkTest01658,xss,CWE-79,43,1
BenchmarkTest01842,weakrand,CWE-330,40,1
BenchmarkTest01842,weakrand,CWE-330,41,1
BenchmarkTest01842,weakrand,CWE-330,51,1
BenchmarkTest01842,weakrand,CWE-330,76,1
BenchmarkTest01657,xss,CWE-79,43,1
BenchmarkTest01842,weakrand,CWE-330,97,1
BenchmarkTest01660,xss,CWE-79,43,1
BenchmarkTest01842,weakrand,CWE-330,98,1
BenchmarkTest01843,weakrand,CWE-330,41,1
BenchmarkTest01843,weakrand,CWE-330,51,1
BenchmarkTest01843,weakrand,CWE-330,76,1
BenchmarkTest01843,weakrand,CWE-330,97,1
BenchmarkTest01656,hash,CWE-328,43,0
BenchmarkTest01843,weakrand,CWE-330,98,1
BenchmarkTest01844,hash,CWE-328,40,1
BenchmarkTest01844,hash,CWE-328,41,1
BenchmarkTest01844,hash,CWE-328,51,1
BenchmarkTest01655,hash,CWE-328,43,0
BenchmarkTest01845,hash,CWE-328,40,1
BenchmarkTest01843,weakrand,CWE-330,40,1
BenchmarkTest01840,pathtraver,CWE-22,51,1
BenchmarkTest01840,pathtraver,CWE-22,41,1
BenchmarkTest01840,pathtraver,CWE-22,40,1
BenchmarkTest01833,pathtraver,CWE-22,51,1
BenchmarkTest01666,xss,CWE-79,43,1
BenchmarkTest01834,pathtraver,CWE-22,40,0
BenchmarkTest01834,pathtraver,CWE-22,41,0
BenchmarkTest01834,pathtraver,CWE-22,51,0
BenchmarkTest01835,pathtraver,CWE-22,40,1
BenchmarkTest01835,pathtraver,CWE-22,41,1
BenchmarkTest01665,xss,CWE-79,43,1
BenchmarkTest01835,pathtraver,CWE-22,51,1
BenchmarkTest01836,pathtraver,CWE-22,40,1
BenchmarkTest01836,pathtraver,CWE-22,41,1
BenchmarkTest01836,pathtraver,CWE-22,51,1
BenchmarkTest01664,xss,CWE-79,43,0
BenchmarkTest01837,pathtraver,CWE-22,40,0
BenchmarkTest01837,pathtraver,CWE-22,41,0
BenchmarkTest01837,pathtraver,CWE-22,51,0
BenchmarkTest01838,pathtraver,CWE-22,40,0
BenchmarkTest01663,xss,CWE-79,43,0
BenchmarkTest01838,pathtraver,CWE-22,41,0
BenchmarkTest01838,pathtraver,CWE-22,51,0
BenchmarkTest01662,xss,CWE-79,43,1
BenchmarkTest01839,pathtraver,CWE-22,40,1
BenchmarkTest01839,pathtraver,CWE-22,41,1
BenchmarkTest01839,pathtraver,CWE-22,51,1
BenchmarkTest01661,xss,CWE-79,43,0
BenchmarkTest01845,hash,CWE-328,41,1
BenchmarkTest01845,hash,CWE-328,51,1
BenchmarkTest01654,hash,CWE-328,43,1
BenchmarkTest01846,hash,CWE-328,40,1
BenchmarkTest01853,weakrand,CWE-330,41,1
BenchmarkTest01853,weakrand,CWE-330,51,1
BenchmarkTest01853,weakrand,CWE-330,66,1
BenchmarkTest01648,weakrand,CWE-330,43,1
BenchmarkTest01853,weakrand,CWE-330,77,1
BenchmarkTest01853,weakrand,CWE-330,97,1
BenchmarkTest01853,weakrand,CWE-330,98,1
BenchmarkTest01853,weakrand,CWE-330,109,1
BenchmarkTest01854,weakrand,CWE-330,40,1
BenchmarkTest01647,pathtraver,CWE-22,43,1
BenchmarkTest01854,weakrand,CWE-330,41,1
BenchmarkTest01854,weakrand,CWE-330,51,1
BenchmarkTest01854,weakrand,CWE-330,65,1
BenchmarkTest01854,weakrand,CWE-330,76,1
BenchmarkTest01854,weakrand,CWE-330,96,1
BenchmarkTest01646,pathtraver,CWE-22,43,0
BenchmarkTest01854,weakrand,CWE-330,97,1
BenchmarkTest01854,weakrand,CWE-330,109,1
BenchmarkTest01855,weakrand,CWE-330,40,1
BenchmarkTest01855,weakrand,CWE-330,41,1
BenchmarkTest01855,weakrand,CWE-330,51,1
BenchmarkTest01645,pathtraver,CWE-22,43,1
BenchmarkTest01855,weakrand,CWE-330,65,1
BenchmarkTest01855,weakrand,CWE-330,76,1
BenchmarkTest01855,weakrand,CWE-330,97,1
BenchmarkTest01853,weakrand,CWE-330,40,1
BenchmarkTest01856,weakrand,CWE-330,40,1
BenchmarkTest01852,cmdi,CWE-78,51,1
BenchmarkTest01648,weakrand,CWE-330,73,1
BenchmarkTest01846,hash,CWE-328,41,1
BenchmarkTest01846,hash,CWE-328,51,1
BenchmarkTest01653,hash,CWE-328,43,1
BenchmarkTest01847,hash,CWE-328,40,0
BenchmarkTest01847,hash,CWE-328,41,0
BenchmarkTest01847,hash,CWE-328,51,0
BenchmarkTest01652,hash,CWE-328,43,0
BenchmarkTest01848,hash,CWE-328,40,0
BenchmarkTest01848,hash,CWE-328,41,0
BenchmarkTest01848,hash,CWE-328,51,0
BenchmarkTest01651,hash,CWE-328,43,1
BenchmarkTest01849,hash,CWE-328,40,0
BenchmarkTest01849,hash,CWE-328,41,0
BenchmarkTest01849,hash,CWE-328,51,0
BenchmarkTest01650,hash,CWE-328,43,1
BenchmarkTest01850,cmdi,CWE-78,40,1
BenchmarkTest01850,cmdi,CWE-78,41,1
BenchmarkTest01850,cmdi,CWE-78,51,1
BenchmarkTest01851,cmdi,CWE-78,40,1
BenchmarkTest01851,cmdi,CWE-78,41,1
BenchmarkTest01649,hash,CWE-328,43,1
BenchmarkTest01851,cmdi,CWE-78,51,1
BenchmarkTest01648,weakrand,CWE-330,95,1
BenchmarkTest01648,weakrand,CWE-330,94,1
BenchmarkTest01852,cmdi,CWE-78,40,1
BenchmarkTest01852,cmdi,CWE-78,41,1
BenchmarkTest01130,weakrand,CWE-330,62,1
BenchmarkTest01957,trustbound,CWE-501,45,0
BenchmarkTest01447,weakrand,CWE-330,45,0
BenchmarkTest01233,pathtraver,CWE-22,43,0
BenchmarkTest02043,hash,CWE-328,44,0
BenchmarkTest01232,pathtraver,CWE-22,43,1
BenchmarkTest01231,pathtraver,CWE-22,43,1
BenchmarkTest01230,crypto,CWE-327,43,1
BenchmarkTest02044,hash,CWE-328,44,0
BenchmarkTest01229,crypto,CWE-327,43,1
BenchmarkTest01228,crypto,CWE-327,43,1
BenchmarkTest01227,crypto,CWE-327,43,0
BenchmarkTest02045,xss,CWE-79,44,0
BenchmarkTest02046,xss,CWE-79,44,1
BenchmarkTest01234,pathtraver,CWE-22,43,1
BenchmarkTest01226,crypto,CWE-327,43,0
BenchmarkTest01225,xpathi,CWE-643,44,0
BenchmarkTest02048,xss,CWE-79,44,0
BenchmarkTest01224,xpathi,CWE-643,44,1
BenchmarkTest01223,xpathi,CWE-643,44,1
BenchmarkTest02049,xss,CWE-79,44,0
BenchmarkTest01222,sqli,CWE-89,44,1
BenchmarkTest02050,xss,CWE-79,44,1
BenchmarkTest01221,sqli,CWE-89,44,1
BenchmarkTest02051,xss,CWE-79,44,1
BenchmarkTest01220,sqli,CWE-89,44,0
BenchmarkTest01219,sqli,CWE-89,44,0
BenchmarkTest02047,xss,CWE-79,44,1
BenchmarkTest01235,pathtraver,CWE-22,43,1
BenchmarkTest01236,pathtraver,CWE-22,43,1
BenchmarkTest01237,pathtraver,CWE-22,43,0
BenchmarkTest01249,hash,CWE-328,43,0
BenchmarkTest02038,weakrand,CWE-330,66,1
BenchmarkTest02038,weakrand,CWE-330,87,1
BenchmarkTest02038,weakrand,CWE-330,88,1
BenchmarkTest01248,hash,CWE-328,43,1
BenchmarkTest02039,weakrand,CWE-330,44,1
BenchmarkTest02039,weakrand,CWE-330,66,1
BenchmarkTest01247,hash,CWE-328,43,1
BenchmarkTest02039,weakrand,CWE-330,87,1
BenchmarkTest02039,weakrand,CWE-330,88,1
BenchmarkTest02040,weakrand,CWE-330,44,1
BenchmarkTest01246,hash,CWE-328,43,1
BenchmarkTest02040,weakrand,CWE-330,66,1
BenchmarkTest02040,weakrand,CWE-330,87,1
BenchmarkTest01245,hash,CWE-328,43,0
BenchmarkTest02040,weakrand,CWE-330,88,1
BenchmarkTest02041,hash,CWE-328,44,0
BenchmarkTest01244,hash,CWE-328,43,1
BenchmarkTest01243,ldapi,CWE-90,43,1
BenchmarkTest01242,ldapi,CWE-90,43,1
BenchmarkTest01241,ldapi,CWE-90,43,1
BenchmarkTest01240,pathtraver,CWE-22,43,0
BenchmarkTest01239,pathtraver,CWE-22,43,0
BenchmarkTest02042,hash,CWE-328,44,1
BenchmarkTest01238,pathtraver,CWE-22,43,1
BenchmarkTest02052,xss,CWE-79,44,0
BenchmarkTest02038,weakrand,CWE-330,44,1
BenchmarkTest02053,xss,CWE-79,44,0
BenchmarkTest02054,xss,CWE-79,44,1
BenchmarkTest01204,trustbound,CWE-501,44,1
BenchmarkTest01203,trustbound,CWE-501,44,1
BenchmarkTest02062,weakrand,CWE-330,44,1
BenchmarkTest01202,weakrand,CWE-330,87,0
BenchmarkTest02062,weakrand,CWE-330,55,1
BenchmarkTest01202,weakrand,CWE-330,67,0
BenchmarkTest01202,weakrand,CWE-330,44,0
BenchmarkTest02062,weakrand,CWE-330,66,1
BenchmarkTest01201,weakrand,CWE-330,87,0
BenchmarkTest02062,weakrand,CWE-330,86,1
BenchmarkTest01201,weakrand,CWE-330,67,0
BenchmarkTest02061,weakrand,CWE-330,97,1
BenchmarkTest02062,weakrand,CWE-330,97,1
BenchmarkTest01200,weakrand,CWE-330,87,0
BenchmarkTest02063,weakrand,CWE-330,44,1
BenchmarkTest01200,weakrand,CWE-330,67,0
BenchmarkTest02063,weakrand,CWE-330,55,1
BenchmarkTest01200,weakrand,CWE-330,44,0
BenchmarkTest01199,weakrand,CWE-330,87,0
BenchmarkTest02063,weakrand,CWE-330,66,1
BenchmarkTest01199,weakrand,CWE-330,67,0
BenchmarkTest01199,weakrand,CWE-330,44,0
BenchmarkTest02063,weakrand,CWE-330,87,1
BenchmarkTest01198,weakrand,CWE-330,90,0
BenchmarkTest01201,weakrand,CWE-330,44,0
BenchmarkTest02061,weakrand,CWE-330,86,1
BenchmarkTest01205,trustbound,CWE-501,44,0
BenchmarkTest02061,weakrand,CWE-330,66,1
BenchmarkTest02055,xss,CWE-79,44,1
BenchmarkTest01217,sqli,CWE-89,44,0
BenchmarkTest02056,xss,CWE-79,44,1
BenchmarkTest01216,sqli,CWE-89,44,0
BenchmarkTest02057,xss,CWE-79,44,1
BenchmarkTest01215,sqli,CWE-89,44,0
BenchmarkTest02058,cmdi,CWE-78,44,0
BenchmarkTest01214,sqli,CWE-89,44,1
BenchmarkTest02059,cmdi,CWE-78,44,1
BenchmarkTest02060,weakrand,CWE-330,44,1
BenchmarkTest01213,sqli,CWE-89,44,0
BenchmarkTest02060,weakrand,CWE-330,55,1
BenchmarkTest01212,sqli,CWE-89,44,0
BenchmarkTest01211,sqli,CWE-89,44,1
BenchmarkTest02060,weakrand,CWE-330,66,1
BenchmarkTest01210,sqli,CWE-89,44,1
BenchmarkTest01209,sqli,CWE-89,44,1
BenchmarkTest02060,weakrand,CWE-330,86,1
BenchmarkTest02060,weakrand,CWE-330,87,1
BenchmarkTest01208,sqli,CWE-89,44,1
BenchmarkTest02060,weakrand,CWE-330,98,1
BenchmarkTest01207,trustbound,CWE-501,44,0
BenchmarkTest02061,weakrand,CWE-330,44,1
BenchmarkTest02061,weakrand,CWE-330,55,1
BenchmarkTest01206,trustbound,CWE-501,44,1
BenchmarkTest01218,sqli,CWE-89,44,0
BenchmarkTest01250,hash,CWE-328,43,0
BenchmarkTest02037,ldapi,CWE-90,44,1
BenchmarkTest02036,ldapi,CWE-90,44,1
BenchmarkTest01281,securecookie,CWE-614,43,1
BenchmarkTest01280,securecookie,CWE-614,67,1
BenchmarkTest01280,securecookie,CWE-614,43,1
BenchmarkTest02023,crypto,CWE-327,44,1
BenchmarkTest01279,weakrand,CWE-330,91,1
BenchmarkTest01279,weakrand,CWE-330,80,1
BenchmarkTest01279,weakrand,CWE-330,59,1
BenchmarkTest01279,weakrand,CWE-330,48,1
BenchmarkTest01279,weakrand,CWE-330,43,1
BenchmarkTest01278,weakrand,CWE-330,91,1
BenchmarkTest01278,weakrand,CWE-330,80,1
BenchmarkTest01281,securecookie,CWE-614,67,1
BenchmarkTest01278,weakrand,CWE-330,59,1
BenchmarkTest01278,weakrand,CWE-330,43,1
BenchmarkTest01277,weakrand,CWE-330,91,1
BenchmarkTest01277,weakrand,CWE-330,80,1
BenchmarkTest02024,crypto,CWE-327,44,0
BenchmarkTest01277,weakrand,CWE-330,59,1
BenchmarkTest01277,weakrand,CWE-330,48,1
BenchmarkTest01277,weakrand,CWE-330,43,1
BenchmarkTest01276,weakrand,CWE-330,90,1
BenchmarkTest01276,weakrand,CWE-330,79,1
BenchmarkTest01276,weakrand,CWE-330,59,1
BenchmarkTest01276,weakrand,CWE-330,48,1
BenchmarkTest01278,weakrand,CWE-330,48,1
BenchmarkTest01282,securecookie,CWE-614,43,1
BenchmarkTest01282,securecookie,CWE-614,67,1
BenchmarkTest01283,securecookie,CWE-614,43,1
BenchmarkTest01293,weakrand,CWE-330,43,0
BenchmarkTest01292,weakrand,CWE-330,105,0
BenchmarkTest01292,weakrand,CWE-330,85,0
BenchmarkTest01292,weakrand,CWE-330,65,0
BenchmarkTest01292,weakrand,CWE-330,49,0
BenchmarkTest01292,weakrand,CWE-330,43,0
BenchmarkTest02020,crypto,CWE-327,44,1
BenchmarkTest01291,weakrand,CWE-330,85,0
BenchmarkTest01291,weakrand,CWE-330,65,0
BenchmarkTest01291,weakrand,CWE-330,43,0
BenchmarkTest01290,cmdi,CWE-78,54,0
BenchmarkTest01290,cmdi,CWE-78,43,0
BenchmarkTest01289,cmdi,CWE-78,58,0
BenchmarkTest01289,cmdi,CWE-78,43,0
BenchmarkTest01288,cmdi,CWE-78,43,1
BenchmarkTest02021,crypto,CWE-327,44,0
BenchmarkTest01287,cmdi,CWE-78,55,1
BenchmarkTest01287,cmdi,CWE-78,43,1
BenchmarkTest01286,cmdi,CWE-78,69,1
BenchmarkTest01286,cmdi,CWE-78,43,1
BenchmarkTest01285,cmdi,CWE-78,57,1
BenchmarkTest01285,cmdi,CWE-78,43,1
BenchmarkTest01284,xss,CWE-79,43,1
BenchmarkTest01283,securecookie,CWE-614,67,1
BenchmarkTest02022,crypto,CWE-327,44,1
BenchmarkTest01276,weakrand,CWE-330,43,1
BenchmarkTest01275,weakrand,CWE-330,90,1
BenchmarkTest01275,weakrand,CWE-330,79,1
BenchmarkTest02025,ldapi,CWE-90,44,0
BenchmarkTest01271,weakrand,CWE-330,43,1
BenchmarkTest01270,cmdi,CWE-78,43,1
BenchmarkTest01269,cmdi,CWE-78,43,0
BenchmarkTest01268,xss,CWE-79,43,1
BenchmarkTest01267,xss,CWE-79,43,1
BenchmarkTest02032,pathtraver,CWE-22,44,1
BenchmarkTest01266,xss,CWE-79,43,1
BenchmarkTest01265,xss,CWE-79,43,0
BenchmarkTest01264,xss,CWE-79,43,0
BenchmarkTest01263,xss,CWE-79,43,1
BenchmarkTest01262,xss,CWE-79,43,1
BenchmarkTest02033,pathtraver,CWE-22,44,0
BenchmarkTest01261,xss,CWE-79,43,1
BenchmarkTest01260,xss,CWE-79,43,1
BenchmarkTest01259,xss,CWE-79,43,1
BenchmarkTest02034,pathtraver,CWE-22,44,1
BenchmarkTest01258,xss,CWE-79,43,1
BenchmarkTest01257,xss,CWE-79,43,1
BenchmarkTest01256,xss,CWE-79,43,0
BenchmarkTest01255,xss,CWE-79,43,0
BenchmarkTest01254,xss,CWE-79,43,1
BenchmarkTest01253,xss,CWE-79,43,1
BenchmarkTest01252,xss,CWE-79,43,0
BenchmarkTest02035,pathtraver,CWE-22,44,0
BenchmarkTest01251,xss,CWE-79,43,0
BenchmarkTest01271,weakrand,CWE-330,48,1
BenchmarkTest02063,weakrand,CWE-330,98,1
BenchmarkTest02031,pathtraver,CWE-22,44,0
BenchmarkTest01271,weakrand,CWE-330,79,1
BenchmarkTest01275,weakrand,CWE-330,59,1
BenchmarkTest01275,weakrand,CWE-330,48,1
BenchmarkTest01275,weakrand,CWE-330,43,1
BenchmarkTest02026,pathtraver,CWE-22,44,0
BenchmarkTest01274,weakrand,CWE-330,90,1
BenchmarkTest01274,weakrand,CWE-330,79,1
BenchmarkTest01274,weakrand,CWE-330,59,1
BenchmarkTest02027,pathtraver,CWE-22,44,1
BenchmarkTest01274,weakrand,CWE-330,48,1
BenchmarkTest01274,weakrand,CWE-330,43,1
BenchmarkTest01273,weakrand,CWE-330,90,1
BenchmarkTest01273,weakrand,CWE-330,79,1
BenchmarkTest02028,pathtraver,CWE-22,44,0
BenchmarkTest01273,weakrand,CWE-330,59,1
BenchmarkTest01273,weakrand,CWE-330,48,1
BenchmarkTest01273,weakrand,CWE-330,43,1
BenchmarkTest02029,pathtraver,CWE-22,44,0
BenchmarkTest01272,weakrand,CWE-330,90,1
BenchmarkTest01272,weakrand,CWE-330,79,1
BenchmarkTest01272,weakrand,CWE-330,59,1
BenchmarkTest02030,pathtraver,CWE-22,44,0
BenchmarkTest01272,weakrand,CWE-330,48,1
BenchmarkTest01272,weakrand,CWE-330,43,1
BenchmarkTest01271,weakrand,CWE-330,92,1
BenchmarkTest01271,weakrand,CWE-330,80,1
BenchmarkTest01271,weakrand,CWE-330,59,1
BenchmarkTest01198,weakrand,CWE-330,68,0
BenchmarkTest02064,securecookie,CWE-614,44,0
BenchmarkTest01198,weakrand,CWE-330,44,0
BenchmarkTest02092,sqli,CWE-89,44,1
BenchmarkTest02093,sqli,CWE-89,44,0
BenchmarkTest02094,sqli,CWE-89,44,1
BenchmarkTest01148,crypto,CWE-327,44,1
BenchmarkTest02095,sqli,CWE-89,44,0
BenchmarkTest02096,sqli,CWE-89,44,1
BenchmarkTest02097,sqli,CWE-89,44,0
BenchmarkTest01147,crypto,CWE-327,44,0
BenchmarkTest02098,sqli,CWE-89,44,0
BenchmarkTest01146,trustbound,CWE-501,52,0
BenchmarkTest01146,trustbound,CWE-501,44,0
BenchmarkTest01149,crypto,CWE-327,44,1
BenchmarkTest02099,sqli,CWE-89,44,1
BenchmarkTest01145,trustbound,CWE-501,44,0
BenchmarkTest02100,xpathi,CWE-643,44,1
BenchmarkTest01144,trustbound,CWE-501,52,0
BenchmarkTest00531,hash,CWE-328,48,1
BenchmarkTest01143,trustbound,CWE-501,52,1
BenchmarkTest01143,trustbound,CWE-501,44,1
BenchmarkTest01142,trustbound,CWE-501,52,0
BenchmarkTest01142,trustbound,CWE-501,44,0
BenchmarkTest02101,crypto,CWE-327,43,1
BenchmarkTest01141,weakrand,CWE-330,94,0
BenchmarkTest01141,weakrand,CWE-330,74,0
BenchmarkTest01145,trustbound,CWE-501,52,0
BenchmarkTest02091,sqli,CWE-89,44,1
BenchmarkTest02090,sqli,CWE-89,44,1
BenchmarkTest01150,crypto,CWE-327,44,1
BenchmarkTest01161,pathtraver,CWE-22,44,1
BenchmarkTest02081,weakrand,CWE-330,67,0
BenchmarkTest01160,pathtraver,CWE-22,44,0
BenchmarkTest02081,weakrand,CWE-330,87,0
BenchmarkTest01159,pathtraver,CWE-22,44,0
BenchmarkTest02082,weakrand,CWE-330,44,0
BenchmarkTest01158,pathtraver,CWE-22,44,0
BenchmarkTest01157,pathtraver,CWE-22,44,1
BenchmarkTest02082,weakrand,CWE-330,67,0
BenchmarkTest01156,pathtraver,CWE-22,44,1
BenchmarkTest01155,pathtraver,CWE-22,44,1
BenchmarkTest02082,weakrand,CWE-330,87,0
BenchmarkTest01154,ldapi,CWE-90,44,0
BenchmarkTest02083,weakrand,CWE-330,44,0
BenchmarkTest02083,weakrand,CWE-330,67,0
BenchmarkTest02083,weakrand,CWE-330,87,0
BenchmarkTest01153,crypto,CWE-327,44,0
BenchmarkTest02084,trustbound,CWE-501,44,1
BenchmarkTest02085,trustbound,CWE-501,44,0
BenchmarkTest02086,trustbound,CWE-501,44,0
BenchmarkTest02087,sqli,CWE-89,44,1
BenchmarkTest01152,crypto,CWE-327,44,0
BenchmarkTest02088,sqli,CWE-89,44,1
BenchmarkTest01151,crypto,CWE-327,44,0
BenchmarkTest02089,sqli,CWE-89,44,0
BenchmarkTest01141,weakrand,CWE-330,52,0
BenchmarkTest01141,weakrand,CWE-330,44,0
BenchmarkTest01140,weakrand,CWE-330,94,0
BenchmarkTest01140,weakrand,CWE-330,74,0
BenchmarkTest02104,ldapi,CWE-90,43,0
BenchmarkTest01133,weakrand,CWE-330,105,1
BenchmarkTest01133,weakrand,CWE-330,94,1
BenchmarkTest01133,weakrand,CWE-330,73,1
BenchmarkTest02105,pathtraver,CWE-22,43,1
BenchmarkTest01133,weakrand,CWE-330,62,1
BenchmarkTest01133,weakrand,CWE-330,52,1
BenchmarkTest01133,weakrand,CWE-330,44,1
BenchmarkTest01132,weakrand,CWE-330,104,1
BenchmarkTest01132,weakrand,CWE-330,93,1
BenchmarkTest01132,weakrand,CWE-330,73,1
BenchmarkTest02106,pathtraver,CWE-22,43,1
BenchmarkTest01132,weakrand,CWE-330,62,1
BenchmarkTest01132,weakrand,CWE-330,52,1
BenchmarkTest01132,weakrand,CWE-330,44,1
BenchmarkTest01131,weakrand,CWE-330,104,1
BenchmarkTest01131,weakrand,CWE-330,93,1
BenchmarkTest02107,pathtraver,CWE-22,43,0
BenchmarkTest01131,weakrand,CWE-330,73,1
BenchmarkTest01131,weakrand,CWE-330,62,1
BenchmarkTest01131,weakrand,CWE-330,52,1
BenchmarkTest01131,weakrand,CWE-330,44,1
BenchmarkTest01130,weakrand,CWE-330,104,1
BenchmarkTest01130,weakrand,CWE-330,93,1
BenchmarkTest01130,weakrand,CWE-330,73,1
BenchmarkTest01134,securecookie,CWE-614,44,1
BenchmarkTest01162,weakrand,CWE-330,44,1
BenchmarkTest01134,securecookie,CWE-614,52,1
BenchmarkTest01135,weakrand,CWE-330,44,0
BenchmarkTest01140,weakrand,CWE-330,52,0
BenchmarkTest01140,weakrand,CWE-330,44,0
BenchmarkTest01139,weakrand,CWE-330,94,0
BenchmarkTest02102,crypto,CWE-327,43,0
BenchmarkTest01139,weakrand,CWE-330,74,0
BenchmarkTest01139,weakrand,CWE-330,52,0
BenchmarkTest01139,weakrand,CWE-330,44,0
BenchmarkTest01138,weakrand,CWE-330,94,0
BenchmarkTest01138,weakrand,CWE-330,74,0
BenchmarkTest01138,weakrand,CWE-330,52,0
BenchmarkTest01138,weakrand,CWE-330,44,0
BenchmarkTest01137,weakrand,CWE-330,97,0
BenchmarkTest01137,weakrand,CWE-330,75,0
BenchmarkTest01137,weakrand,CWE-330,52,0
BenchmarkTest01137,weakrand,CWE-330,44,0
BenchmarkTest02103,crypto,CWE-327,43,0
BenchmarkTest01136,weakrand,CWE-330,99,0
BenchmarkTest01136,weakrand,CWE-330,79,0
BenchmarkTest01136,weakrand,CWE-330,52,0
BenchmarkTest01136,weakrand,CWE-330,44,0
BenchmarkTest01135,weakrand,CWE-330,119,0
BenchmarkTest01135,weakrand,CWE-330,99,0
BenchmarkTest01135,weakrand,CWE-330,79,0
BenchmarkTest01135,weakrand,CWE-330,63,0
BenchmarkTest01135,weakrand,CWE-330,52,0
BenchmarkTest01134,securecookie,CWE-614,81,1
BenchmarkTest01293,weakrand,CWE-330,65,0
BenchmarkTest02081,weakrand,CWE-330,44,0
BenchmarkTest02080,weakrand,CWE-330,87,0
BenchmarkTest01190,cmdi,CWE-78,62,1
BenchmarkTest01190,cmdi,CWE-78,44,1
BenchmarkTest02071,weakrand,CWE-330,44,0
BenchmarkTest01189,cmdi,CWE-78,76,0
BenchmarkTest01189,cmdi,CWE-78,44,0
BenchmarkTest01188,xss,CWE-79,44,0
BenchmarkTest02071,weakrand,CWE-330,72,0
BenchmarkTest01187,securecookie,CWE-614,74,1
BenchmarkTest01187,securecookie,CWE-614,44,1
BenchmarkTest02071,weakrand,CWE-330,92,0
BenchmarkTest01186,securecookie,CWE-614,74,1
BenchmarkTest02070,cmdi,CWE-78,44,1
BenchmarkTest02072,weakrand,CWE-330,44,0
BenchmarkTest01185,securecookie,CWE-614,74,1
BenchmarkTest02072,weakrand,CWE-330,72,0
BenchmarkTest01185,securecookie,CWE-614,44,1
BenchmarkTest01184,weakrand,CWE-330,97,1
BenchmarkTest01184,weakrand,CWE-330,86,1
BenchmarkTest02072,weakrand,CWE-330,92,0
BenchmarkTest01184,weakrand,CWE-330,66,1
BenchmarkTest02073,weakrand,CWE-330,44,0
BenchmarkTest01184,weakrand,CWE-330,55,1
BenchmarkTest01184,weakrand,CWE-330,44,1
BenchmarkTest02073,weakrand,CWE-330,56,0
BenchmarkTest01186,securecookie,CWE-614,44,1
BenchmarkTest01191,cmdi,CWE-78,44,1
BenchmarkTest01191,cmdi,CWE-78,62,1
BenchmarkTest01192,cmdi,CWE-78,44,1
BenchmarkTest01197,weakrand,CWE-330,92,0
BenchmarkTest02064,securecookie,CWE-614,77,0
BenchmarkTest01197,weakrand,CWE-330,72,0
BenchmarkTest02065,securecookie,CWE-614,44,0
BenchmarkTest01197,weakrand,CWE-330,44,0
BenchmarkTest01196,weakrand,CWE-330,109,0
BenchmarkTest01196,weakrand,CWE-330,89,0
BenchmarkTest02065,securecookie,CWE-614,77,0
BenchmarkTest01196,weakrand,CWE-330,69,0
BenchmarkTest01196,weakrand,CWE-330,56,0
BenchmarkTest01196,weakrand,CWE-330,44,0
BenchmarkTest02066,securecookie,CWE-614,44,0
BenchmarkTest01195,weakrand,CWE-330,90,0
BenchmarkTest02066,securecookie,CWE-614,77,0
BenchmarkTest01195,weakrand,CWE-330,68,0
BenchmarkTest02067,cmdi,CWE-78,44,0
BenchmarkTest01195,weakrand,CWE-330,44,0
BenchmarkTest02067,cmdi,CWE-78,78,0
BenchmarkTest02068,cmdi,CWE-78,44,0
BenchmarkTest01194,cmdi,CWE-78,65,1
BenchmarkTest01194,cmdi,CWE-78,44,1
BenchmarkTest01193,cmdi,CWE-78,44,0
BenchmarkTest02069,cmdi,CWE-78,44,0
BenchmarkTest02069,cmdi,CWE-78,65,0
BenchmarkTest01192,cmdi,CWE-78,62,1
BenchmarkTest01183,weakrand,CWE-330,99,1
BenchmarkTest01183,weakrand,CWE-330,87,1
BenchmarkTest01183,weakrand,CWE-330,86,1
BenchmarkTest01183,weakrand,CWE-330,66,1
BenchmarkTest02076,weakrand,CWE-330,89,0
BenchmarkTest01169,hash,CWE-328,44,0
BenchmarkTest02076,weakrand,CWE-330,109,0
BenchmarkTest02077,weakrand,CWE-330,44,0
BenchmarkTest01168,hash,CWE-328,44,1
BenchmarkTest02077,weakrand,CWE-330,72,0
BenchmarkTest02077,weakrand,CWE-330,92,0
BenchmarkTest01167,hash,CWE-328,44,1
BenchmarkTest02078,weakrand,CWE-330,44,0
BenchmarkTest01166,hash,CWE-328,44,1
BenchmarkTest02078,weakrand,CWE-330,68,0
BenchmarkTest02078,weakrand,CWE-330,90,0
BenchmarkTest02079,weakrand,CWE-330,44,0
BenchmarkTest01165,hash,CWE-328,44,1
BenchmarkTest02079,weakrand,CWE-330,67,0
BenchmarkTest01164,hash,CWE-328,44,0
BenchmarkTest02079,weakrand,CWE-330,87,0
BenchmarkTest02080,weakrand,CWE-330,44,0
BenchmarkTest01163,weakrand,CWE-330,88,1
BenchmarkTest01163,weakrand,CWE-330,87,1
BenchmarkTest01163,weakrand,CWE-330,66,1
BenchmarkTest02080,weakrand,CWE-330,67,0
BenchmarkTest01163,weakrand,CWE-330,44,1
BenchmarkTest01162,weakrand,CWE-330,88,1
BenchmarkTest01162,weakrand,CWE-330,87,1
BenchmarkTest02076,weakrand,CWE-330,69,0
BenchmarkTest01162,weakrand,CWE-330,66,1
BenchmarkTest01170,hash,CWE-328,44,0
BenchmarkTest02076,weakrand,CWE-330,44,0
BenchmarkTest02073,weakrand,CWE-330,72,0
BenchmarkTest01183,weakrand,CWE-330,55,1
BenchmarkTest01183,weakrand,CWE-330,44,1
BenchmarkTest01182,cmdi,CWE-78,44,0
BenchmarkTest02073,weakrand,CWE-330,92,0
BenchmarkTest01181,xss,CWE-79,44,1
BenchmarkTest02073,weakrand,CWE-330,112,0
BenchmarkTest01180,xss,CWE-79,44,0
BenchmarkTest02074,weakrand,CWE-330,44,0
BenchmarkTest01179,xss,CWE-79,44,1
BenchmarkTest01178,xss,CWE-79,44,1
BenchmarkTest02074,weakrand,CWE-330,68,0
BenchmarkTest01177,xss,CWE-79,44,1
BenchmarkTest01176,xss,CWE-79,44,0
BenchmarkTest02074,weakrand,CWE-330,90,0
BenchmarkTest01175,xss,CWE-79,44,0
BenchmarkTest02075,weakrand,CWE-330,44,0
BenchmarkTest02075,weakrand,CWE-330,56,0
BenchmarkTest01174,xss,CWE-79,44,1
BenchmarkTest01173,xss,CWE-79,44,1
BenchmarkTest02075,weakrand,CWE-330,69,0
BenchmarkTest01172,xss,CWE-79,44,1
BenchmarkTest02075,weakrand,CWE-330,89,0
BenchmarkTest01171,xss,CWE-79,44,1
BenchmarkTest02075,weakrand,CWE-330,109,0
BenchmarkTest02076,weakrand,CWE-330,56,0
BenchmarkTest01447,weakrand,CWE-330,48,0
BenchmarkTest01293,weakrand,CWE-330,85,0
BenchmarkTest01294,weakrand,CWE-330,60,0
BenchmarkTest01412,hash,CWE-328,45,0
BenchmarkTest01982,crypto,CWE-327,44,0
BenchmarkTest01411,hash,CWE-328,48,1
BenchmarkTest01411,hash,CWE-328,45,1
BenchmarkTest01982,crypto,CWE-327,52,0
BenchmarkTest01410,hash,CWE-328,48,0
BenchmarkTest01410,hash,CWE-328,45,0
BenchmarkTest01409,pathtraver,CWE-22,48,0
BenchmarkTest01409,pathtraver,CWE-22,45,0
BenchmarkTest01408,pathtraver,CWE-22,48,1
BenchmarkTest01408,pathtraver,CWE-22,45,1
BenchmarkTest01412,hash,CWE-328,48,0
BenchmarkTest01983,pathtraver,CWE-22,44,1
BenchmarkTest01407,pathtraver,CWE-22,48,0
BenchmarkTest01407,pathtraver,CWE-22,45,0
BenchmarkTest01984,pathtraver,CWE-22,44,0
BenchmarkTest01406,pathtraver,CWE-22,48,0
BenchmarkTest01406,pathtraver,CWE-22,45,0
BenchmarkTest01984,pathtraver,CWE-22,52,0
BenchmarkTest01985,pathtraver,CWE-22,44,1
BenchmarkTest01405,pathtraver,CWE-22,48,1
BenchmarkTest01405,pathtraver,CWE-22,45,1
BenchmarkTest01985,pathtraver,CWE-22,52,1
BenchmarkTest01986,pathtraver,CWE-22,44,0
BenchmarkTest01983,pathtraver,CWE-22,52,1
BenchmarkTest01981,crypto,CWE-327,52,1
BenchmarkTest01413,hash,CWE-328,45,0
BenchmarkTest01413,hash,CWE-328,48,0
BenchmarkTest01422,xss,CWE-79,48,0
BenchmarkTest01422,xss,CWE-79,45,0
BenchmarkTest01978,crypto,CWE-327,44,1
BenchmarkTest01421,xss,CWE-79,48,0
BenchmarkTest01421,xss,CWE-79,45,0
BenchmarkTest01978,crypto,CWE-327,52,1
BenchmarkTest01420,xss,CWE-79,48,0
BenchmarkTest01420,xss,CWE-79,45,0
BenchmarkTest01419,xss,CWE-79,48,0
BenchmarkTest01419,xss,CWE-79,45,0
BenchmarkTest01418,xss,CWE-79,48,1
BenchmarkTest01418,xss,CWE-79,45,1
BenchmarkTest01417,xss,CWE-79,48,1
BenchmarkTest01417,xss,CWE-79,45,1
BenchmarkTest01979,crypto,CWE-327,44,0
BenchmarkTest01979,crypto,CWE-327,52,0
BenchmarkTest01416,hash,CWE-328,48,1
BenchmarkTest01416,hash,CWE-328,45,1
BenchmarkTest01980,crypto,CWE-327,44,1
BenchmarkTest01415,hash,CWE-328,48,1
BenchmarkTest01415,hash,CWE-328,45,1
BenchmarkTest01980,crypto,CWE-327,52,1
BenchmarkTest01414,hash,CWE-328,48,1
BenchmarkTest01414,hash,CWE-328,45,1
BenchmarkTest01981,crypto,CWE-327,44,1
BenchmarkTest01986,pathtraver,CWE-22,52,0
BenchmarkTest01423,xss,CWE-79,45,1
BenchmarkTest01404,pathtraver,CWE-22,48,0
BenchmarkTest01403,pathtraver,CWE-22,48,1
BenchmarkTest01992,weakrand,CWE-330,73,1
BenchmarkTest01391,sqli,CWE-89,43,1
BenchmarkTest01390,sqli,CWE-89,43,1
BenchmarkTest01992,weakrand,CWE-330,94,1
BenchmarkTest01389,sqli,CWE-89,43,0
BenchmarkTest01992,weakrand,CWE-330,95,1
BenchmarkTest01388,sqli,CWE-89,43,1
BenchmarkTest01387,sqli,CWE-89,43,0
BenchmarkTest01993,hash,CWE-328,44,0
BenchmarkTest01386,sqli,CWE-89,43,0
BenchmarkTest01993,hash,CWE-328,52,0
BenchmarkTest01392,sqli,CWE-89,43,0
BenchmarkTest01385,sqli,CWE-89,43,0
BenchmarkTest01383,sqli,CWE-89,43,1
BenchmarkTest01382,sqli,CWE-89,43,1
BenchmarkTest01994,hash,CWE-328,44,0
BenchmarkTest01381,sqli,CWE-89,43,1
BenchmarkTest01994,hash,CWE-328,52,0
BenchmarkTest01380,sqli,CWE-89,43,0
BenchmarkTest01379,sqli,CWE-89,43,1
BenchmarkTest01378,sqli,CWE-89,43,0
BenchmarkTest01377,trustbound,CWE-501,43,0
BenchmarkTest01995,hash,CWE-328,44,0
BenchmarkTest01995,hash,CWE-328,52,0
BenchmarkTest01384,sqli,CWE-89,43,1
BenchmarkTest01992,weakrand,CWE-330,52,1
BenchmarkTest01393,sqli,CWE-89,43,0
BenchmarkTest01992,weakrand,CWE-330,44,1
BenchmarkTest01403,pathtraver,CWE-22,45,1
BenchmarkTest01987,pathtraver,CWE-22,44,1
BenchmarkTest01987,pathtraver,CWE-22,52,1
BenchmarkTest01402,ldapi,CWE-90,48,0
BenchmarkTest01402,ldapi,CWE-90,45,0
BenchmarkTest01988,pathtraver,CWE-22,44,1
BenchmarkTest01988,pathtraver,CWE-22,52,1
BenchmarkTest01401,crypto,CWE-327,48,0
BenchmarkTest01401,crypto,CWE-327,45,0
BenchmarkTest01400,crypto,CWE-327,48,0
BenchmarkTest01400,crypto,CWE-327,45,0
BenchmarkTest01989,pathtraver,CWE-22,44,1
BenchmarkTest01989,pathtraver,CWE-22,52,1
BenchmarkTest01399,crypto,CWE-327,48,0
BenchmarkTest01399,crypto,CWE-327,45,0
BenchmarkTest01990,pathtraver,CWE-22,44,0
BenchmarkTest01990,pathtraver,CWE-22,52,0
BenchmarkTest01398,crypto,CWE-327,48,1
BenchmarkTest01398,crypto,CWE-327,45,1
BenchmarkTest01397,xpathi,CWE-643,43,0
BenchmarkTest01396,sqli,CWE-89,43,1
BenchmarkTest01991,pathtraver,CWE-22,44,0
BenchmarkTest01395,sqli,CWE-89,43,1
BenchmarkTest01991,pathtraver,CWE-22,52,0
BenchmarkTest01394,sqli,CWE-89,43,1
BenchmarkTest01404,pathtraver,CWE-22,45,0
BenchmarkTest01423,xss,CWE-79,48,1
BenchmarkTest01424,xss,CWE-79,45,1
BenchmarkTest01424,xss,CWE-79,48,1
BenchmarkTest01440,cmdi,CWE-78,71,0
BenchmarkTest01964,sqli,CWE-89,44,1
BenchmarkTest01440,cmdi,CWE-78,48,0
BenchmarkTest01440,cmdi,CWE-78,45,0
BenchmarkTest01964,sqli,CWE-89,45,1
BenchmarkTest01439,xss,CWE-79,48,0
BenchmarkTest01439,xss,CWE-79,45,0
BenchmarkTest01965,sqli,CWE-89,44,0
BenchmarkTest01965,sqli,CWE-89,45,0
BenchmarkTest01438,xss,CWE-79,48,1
BenchmarkTest01438,xss,CWE-79,45,1
BenchmarkTest01963,sqli,CWE-89,45,1
BenchmarkTest01966,sqli,CWE-89,44,0
BenchmarkTest01437,xss,CWE-79,48,1
BenchmarkTest01437,xss,CWE-79,45,1
BenchmarkTest01436,securecookie,CWE-614,84,0
BenchmarkTest01967,sqli,CWE-89,44,0
BenchmarkTest01967,sqli,CWE-89,45,0
BenchmarkTest01436,securecookie,CWE-614,48,0
BenchmarkTest01436,securecookie,CWE-614,45,0
BenchmarkTest01435,weakrand,CWE-330,104,1
BenchmarkTest01435,weakrand,CWE-330,93,1
BenchmarkTest01968,sqli,CWE-89,44,0
BenchmarkTest01435,weakrand,CWE-330,73,1
BenchmarkTest01966,sqli,CWE-89,45,0
BenchmarkTest01963,sqli,CWE-89,44,1
BenchmarkTest01441,cmdi,CWE-78,45,1
BenchmarkTest01441,cmdi,CWE-78,48,1
BenchmarkTest01958,trustbound,CWE-501,44,1
BenchmarkTest01958,trustbound,CWE-501,45,1
BenchmarkTest01446,cmdi,CWE-78,48,1
BenchmarkTest01446,cmdi,CWE-78,45,1
BenchmarkTest01959,trustbound,CWE-501,44,0
BenchmarkTest01445,cmdi,CWE-78,68,0
BenchmarkTest01959,trustbound,CWE-501,45,0
BenchmarkTest01445,cmdi,CWE-78,48,0
BenchmarkTest01445,cmdi,CWE-78,45,0
BenchmarkTest01960,trustbound,CWE-501,44,1
BenchmarkTest01444,cmdi,CWE-78,68,0
BenchmarkTest01960,trustbound,CWE-501,45,1
BenchmarkTest01444,cmdi,CWE-78,48,0
BenchmarkTest01444,cmdi,CWE-78,45,0
BenchmarkTest01961,sqli,CWE-89,44,0
BenchmarkTest01961,sqli,CWE-89,45,0
BenchmarkTest01443,cmdi,CWE-78,72,0
BenchmarkTest01443,cmdi,CWE-78,48,0
BenchmarkTest01443,cmdi,CWE-78,45,0
BenchmarkTest01442,cmdi,CWE-78,69,1
BenchmarkTest01442,cmdi,CWE-78,48,1
BenchmarkTest01442,cmdi,CWE-78,45,1
BenchmarkTest01962,sqli,CWE-89,44,1
BenchmarkTest01441,cmdi,CWE-78,83,1
BenchmarkTest01962,sqli,CWE-89,45,1
BenchmarkTest01968,sqli,CWE-89,45,0
BenchmarkTest01435,weakrand,CWE-330,62,1
BenchmarkTest01969,sqli,CWE-89,44,0
BenchmarkTest01435,weakrand,CWE-330,48,1
BenchmarkTest01432,weakrand,CWE-330,45,1
BenchmarkTest01975,crypto,CWE-327,44,0
BenchmarkTest01431,weakrand,CWE-330,104,1
BenchmarkTest01431,weakrand,CWE-330,93,1
BenchmarkTest01975,crypto,CWE-327,52,0
BenchmarkTest01431,weakrand,CWE-330,73,1
BenchmarkTest01431,weakrand,CWE-330,62,1
BenchmarkTest01431,weakrand,CWE-330,48,1
BenchmarkTest01431,weakrand,CWE-330,45,1
BenchmarkTest01430,cmdi,CWE-78,48,1
BenchmarkTest01430,cmdi,CWE-78,45,1
BenchmarkTest01429,xss,CWE-79,48,1
BenchmarkTest01429,xss,CWE-79,45,1
BenchmarkTest01976,crypto,CWE-327,44,0
BenchmarkTest01976,crypto,CWE-327,52,0
BenchmarkTest01428,xss,CWE-79,48,1
BenchmarkTest01428,xss,CWE-79,45,1
BenchmarkTest01427,xss,CWE-79,48,1
BenchmarkTest01427,xss,CWE-79,45,1
BenchmarkTest01426,xss,CWE-79,48,1
BenchmarkTest01426,xss,CWE-79,45,1
BenchmarkTest01425,xss,CWE-79,48,0
BenchmarkTest01425,xss,CWE-79,45,0
BenchmarkTest01977,crypto,CWE-327,44,0
BenchmarkTest01977,crypto,CWE-327,52,0
BenchmarkTest01432,weakrand,CWE-330,48,1
BenchmarkTest01376,trustbound,CWE-501,43,1
BenchmarkTest01432,weakrand,CWE-330,62,1
BenchmarkTest01432,weakrand,CWE-330,93,1
BenchmarkTest01435,weakrand,CWE-330,45,1
BenchmarkTest01969,sqli,CWE-89,45,0
BenchmarkTest01434,weakrand,CWE-330,104,1
BenchmarkTest01434,weakrand,CWE-330,93,1
BenchmarkTest01970,sqli,CWE-89,44,1
BenchmarkTest01434,weakrand,CWE-330,73,1
BenchmarkTest01970,sqli,CWE-89,45,1
BenchmarkTest01434,weakrand,CWE-330,62,1
BenchmarkTest01971,sqli,CWE-89,44,1
BenchmarkTest01434,weakrand,CWE-330,48,1
BenchmarkTest01434,weakrand,CWE-330,45,1
BenchmarkTest01971,sqli,CWE-89,45,1
BenchmarkTest01972,sqli,CWE-89,44,1
BenchmarkTest01433,weakrand,CWE-330,104,1
BenchmarkTest01433,weakrand,CWE-330,93,1
BenchmarkTest01972,sqli,CWE-89,45,1
BenchmarkTest01433,weakrand,CWE-330,73,1
BenchmarkTest01973,sqli,CWE-89,44,0
BenchmarkTest01433,weakrand,CWE-330,62,1
BenchmarkTest01973,sqli,CWE-89,45,0
BenchmarkTest01433,weakrand,CWE-330,48,1
BenchmarkTest01433,weakrand,CWE-330,45,1
BenchmarkTest01974,xpathi,CWE-643,44,1
BenchmarkTest01974,xpathi,CWE-643,45,1
BenchmarkTest01432,weakrand,CWE-330,104,1
BenchmarkTest01432,weakrand,CWE-330,73,1
BenchmarkTest01375,trustbound,CWE-501,43,1
BenchmarkTest01374,trustbound,CWE-501,43,1
BenchmarkTest01373,weakrand,CWE-330,85,0
BenchmarkTest01327,ldapi,CWE-90,43,0
BenchmarkTest02007,weakrand,CWE-330,99,0
BenchmarkTest01326,ldapi,CWE-90,43,1
BenchmarkTest02008,weakrand,CWE-330,44,0
BenchmarkTest02008,weakrand,CWE-330,52,0
BenchmarkTest01325,crypto,CWE-327,43,1
BenchmarkTest02008,weakrand,CWE-330,63,0
BenchmarkTest02008,weakrand,CWE-330,79,0
BenchmarkTest01324,crypto,CWE-327,43,0
BenchmarkTest02008,weakrand,CWE-330,99,0
BenchmarkTest02008,weakrand,CWE-330,119,0
BenchmarkTest01328,pathtraver,CWE-22,43,0
BenchmarkTest01323,crypto,CWE-327,43,1
BenchmarkTest02009,weakrand,CWE-330,52,0
BenchmarkTest01322,crypto,CWE-327,43,1
BenchmarkTest02009,weakrand,CWE-330,63,0
BenchmarkTest02009,weakrand,CWE-330,79,0
BenchmarkTest01321,crypto,CWE-327,43,0
BenchmarkTest02009,weakrand,CWE-330,99,0
BenchmarkTest02009,weakrand,CWE-330,119,0
BenchmarkTest01320,crypto,CWE-327,43,1
BenchmarkTest02010,weakrand,CWE-330,44,0
BenchmarkTest02010,weakrand,CWE-330,52,0
BenchmarkTest01319,crypto,CWE-327,43,0
BenchmarkTest02009,weakrand,CWE-330,44,0
BenchmarkTest02007,weakrand,CWE-330,79,0
BenchmarkTest02007,weakrand,CWE-330,52,0
BenchmarkTest01329,pathtraver,CWE-22,43,1
BenchmarkTest02003,weakrand,CWE-330,104,1
BenchmarkTest01340,xss,CWE-79,43,0
BenchmarkTest01339,xss,CWE-79,43,0
BenchmarkTest01338,xss,CWE-79,43,0
BenchmarkTest02004,weakrand,CWE-330,44,1
BenchmarkTest01337,xss,CWE-79,43,1
BenchmarkTest02004,weakrand,CWE-330,52,1
BenchmarkTest02004,weakrand,CWE-330,62,1
BenchmarkTest01336,xss,CWE-79,43,0
BenchmarkTest01335,xss,CWE-79,43,1
BenchmarkTest02004,weakrand,CWE-330,73,1
BenchmarkTest02004,weakrand,CWE-330,94,1
BenchmarkTest01334,hash,CWE-328,43,1
BenchmarkTest02004,weakrand,CWE-330,105,1
BenchmarkTest02005,securecookie,CWE-614,44,1
BenchmarkTest02005,securecookie,CWE-614,52,1
BenchmarkTest01333,hash,CWE-328,43,1
BenchmarkTest02005,securecookie,CWE-614,81,1
BenchmarkTest02006,securecookie,CWE-614,44,0
BenchmarkTest01332,hash,CWE-328,43,0
BenchmarkTest02006,securecookie,CWE-614,52,0
BenchmarkTest01331,pathtraver,CWE-22,43,0
BenchmarkTest02006,securecookie,CWE-614,84,0
BenchmarkTest01330,pathtraver,CWE-22,43,1
BenchmarkTest02007,weakrand,CWE-330,44,0
BenchmarkTest02010,weakrand,CWE-330,75,0
BenchmarkTest02010,weakrand,CWE-330,97,0
BenchmarkTest01318,crypto,CWE-327,43,1
BenchmarkTest02011,weakrand,CWE-330,44,0
BenchmarkTest01303,sqli,CWE-89,43,0
BenchmarkTest02015,trustbound,CWE-501,44,1
BenchmarkTest01302,sqli,CWE-89,43,1
BenchmarkTest02015,trustbound,CWE-501,52,1
BenchmarkTest02016,trustbound,CWE-501,44,1
BenchmarkTest02016,trustbound,CWE-501,52,1
BenchmarkTest01301,sqli,CWE-89,43,0
BenchmarkTest02017,crypto,CWE-327,44,1
BenchmarkTest01300,trustbound,CWE-501,43,0
BenchmarkTest01299,trustbound,CWE-501,43,1
BenchmarkTest01298,weakrand,CWE-330,80,0
BenchmarkTest01298,weakrand,CWE-330,60,0
BenchmarkTest01298,weakrand,CWE-330,43,0
BenchmarkTest01297,weakrand,CWE-330,80,0
BenchmarkTest01297,weakrand,CWE-330,60,0
BenchmarkTest01297,weakrand,CWE-330,43,0
BenchmarkTest02018,crypto,CWE-327,44,1
BenchmarkTest01296,weakrand,CWE-330,80,0
BenchmarkTest01296,weakrand,CWE-330,60,0
BenchmarkTest01296,weakrand,CWE-330,43,0
BenchmarkTest01295,weakrand,CWE-330,80,0
BenchmarkTest01295,weakrand,CWE-330,60,0
BenchmarkTest01295,weakrand,CWE-330,43,0
BenchmarkTest01294,weakrand,CWE-330,80,0
BenchmarkTest02019,crypto,CWE-327,44,1
BenchmarkTest02014,weakrand,CWE-330,94,0
BenchmarkTest01341,xss,CWE-79,43,0
BenchmarkTest01304,sqli,CWE-89,43,1
BenchmarkTest02014,weakrand,CWE-330,74,0
BenchmarkTest02011,weakrand,CWE-330,52,0
BenchmarkTest01317,crypto,CWE-327,43,1
BenchmarkTest02011,weakrand,CWE-330,75,0
BenchmarkTest01316,xpathi,CWE-643,43,1
BenchmarkTest02011,weakrand,CWE-330,97,0
BenchmarkTest02012,weakrand,CWE-330,44,0
BenchmarkTest01315,sqli,CWE-89,43,0
BenchmarkTest02012,weakrand,CWE-330,52,0
BenchmarkTest01314,sqli,CWE-89,43,1
BenchmarkTest02012,weakrand,CWE-330,79,0
BenchmarkTest01313,sqli,CWE-89,43,1
BenchmarkTest01312,sqli,CWE-89,43,1
BenchmarkTest02012,weakrand,CWE-330,99,0
BenchmarkTest01311,sqli,CWE-89,43,1
BenchmarkTest01310,sqli,CWE-89,43,0
BenchmarkTest02013,weakrand,CWE-330,44,0
BenchmarkTest02013,weakrand,CWE-330,52,0
BenchmarkTest01309,sqli,CWE-89,43,0
BenchmarkTest02013,weakrand,CWE-330,75,0
BenchmarkTest01308,sqli,CWE-89,43,1
BenchmarkTest02013,weakrand,CWE-330,97,0
BenchmarkTest02014,weakrand,CWE-330,44,0
BenchmarkTest01307,sqli,CWE-89,43,0
BenchmarkTest02014,weakrand,CWE-330,52,0
BenchmarkTest01306,sqli,CWE-89,43,1
BenchmarkTest01305,sqli,CWE-89,43,0
BenchmarkTest01294,weakrand,CWE-330,43,0
BenchmarkTest02003,weakrand,CWE-330,93,1
BenchmarkTest01342,xss,CWE-79,43,0
BenchmarkTest01366,weakrand,CWE-330,43,0
BenchmarkTest01365,cmdi,CWE-78,43,0
BenchmarkTest01999,weakrand,CWE-330,44,1
BenchmarkTest01999,weakrand,CWE-330,52,1
BenchmarkTest01364,cmdi,CWE-78,59,0
BenchmarkTest01364,cmdi,CWE-78,43,0
BenchmarkTest01999,weakrand,CWE-330,63,1
BenchmarkTest01363,cmdi,CWE-78,59,1
BenchmarkTest01363,cmdi,CWE-78,43,1
BenchmarkTest01362,cmdi,CWE-78,43,1
BenchmarkTest01999,weakrand,CWE-330,74,1
BenchmarkTest01366,weakrand,CWE-330,70,0
BenchmarkTest01361,cmdi,CWE-78,60,1
BenchmarkTest01999,weakrand,CWE-330,94,1
BenchmarkTest01360,cmdi,CWE-78,62,1
BenchmarkTest01360,cmdi,CWE-78,43,1
BenchmarkTest01999,weakrand,CWE-330,95,1
BenchmarkTest01359,securecookie,CWE-614,75,0
BenchmarkTest01999,weakrand,CWE-330,106,1
BenchmarkTest01359,securecookie,CWE-614,43,0
BenchmarkTest02000,weakrand,CWE-330,44,1
BenchmarkTest01358,weakrand,CWE-330,95,1
BenchmarkTest01358,weakrand,CWE-330,84,1
BenchmarkTest02000,weakrand,CWE-330,52,1
BenchmarkTest01361,cmdi,CWE-78,43,1
BenchmarkTest01366,weakrand,CWE-330,90,0
BenchmarkTest01367,weakrand,CWE-330,43,0
BenchmarkTest01998,hash,CWE-328,52,0
BenchmarkTest01373,weakrand,CWE-330,65,0
BenchmarkTest01373,weakrand,CWE-330,43,0
BenchmarkTest01996,hash,CWE-328,44,1
BenchmarkTest01372,weakrand,CWE-330,85,0
BenchmarkTest01996,hash,CWE-328,52,1
BenchmarkTest01372,weakrand,CWE-330,65,0
BenchmarkTest01372,weakrand,CWE-330,43,0
BenchmarkTest01371,weakrand,CWE-330,85,0
BenchmarkTest01371,weakrand,CWE-330,65,0
BenchmarkTest01371,weakrand,CWE-330,43,0
BenchmarkTest01370,weakrand,CWE-330,88,0
BenchmarkTest01370,weakrand,CWE-330,66,0
BenchmarkTest01370,weakrand,CWE-330,43,0
BenchmarkTest01997,hash,CWE-328,44,1
BenchmarkTest01997,hash,CWE-328,52,1
BenchmarkTest01369,weakrand,CWE-330,110,0
BenchmarkTest01369,weakrand,CWE-330,90,0
BenchmarkTest01369,weakrand,CWE-330,54,0
BenchmarkTest01369,weakrand,CWE-330,43,0
BenchmarkTest01368,weakrand,CWE-330,90,0
BenchmarkTest01368,weakrand,CWE-330,70,0
BenchmarkTest01368,weakrand,CWE-330,43,0
BenchmarkTest01367,weakrand,CWE-330,90,0
BenchmarkTest01998,hash,CWE-328,44,0
BenchmarkTest01367,weakrand,CWE-330,70,0
BenchmarkTest01358,weakrand,CWE-330,64,1
BenchmarkTest02000,weakrand,CWE-330,63,1
BenchmarkTest01358,weakrand,CWE-330,53,1
BenchmarkTest01358,weakrand,CWE-330,43,1
BenchmarkTest02001,weakrand,CWE-330,93,1
BenchmarkTest01354,weakrand,CWE-330,53,1
BenchmarkTest01354,weakrand,CWE-330,43,1
BenchmarkTest02001,weakrand,CWE-330,94,1
BenchmarkTest01353,cmdi,CWE-78,43,0
BenchmarkTest02001,weakrand,CWE-330,106,1
BenchmarkTest01352,xss,CWE-79,43,0
BenchmarkTest02002,weakrand,CWE-330,44,1
BenchmarkTest01351,xss,CWE-79,43,0
BenchmarkTest02002,weakrand,CWE-330,52,1
BenchmarkTest01350,xss,CWE-79,43,1
BenchmarkTest02002,weakrand,CWE-330,62,1
BenchmarkTest01349,xss,CWE-79,43,1
BenchmarkTest01348,xss,CWE-79,43,0
BenchmarkTest02002,weakrand,CWE-330,73,1
BenchmarkTest02002,weakrand,CWE-330,93,1
BenchmarkTest01347,xss,CWE-79,43,1
BenchmarkTest02002,weakrand,CWE-330,104,1
BenchmarkTest01346,xss,CWE-79,43,1
BenchmarkTest02003,weakrand,CWE-330,44,1
BenchmarkTest01345,xss,CWE-79,43,0
BenchmarkTest02003,weakrand,CWE-330,52,1
BenchmarkTest01344,xss,CWE-79,43,0
BenchmarkTest02003,weakrand,CWE-330,62,1
BenchmarkTest01343,xss,CWE-79,43,0
BenchmarkTest01354,weakrand,CWE-330,64,1
BenchmarkTest02003,weakrand,CWE-330,73,1
BenchmarkTest01354,weakrand,CWE-330,84,1
BenchmarkTest01354,weakrand,CWE-330,97,1
BenchmarkTest01357,weakrand,CWE-330,95,1
BenchmarkTest01357,weakrand,CWE-330,84,1
BenchmarkTest02000,weakrand,CWE-330,74,1
BenchmarkTest01357,weakrand,CWE-330,64,1
BenchmarkTest01357,weakrand,CWE-330,53,1
BenchmarkTest01357,weakrand,CWE-330,43,1
BenchmarkTest02000,weakrand,CWE-330,94,1
BenchmarkTest02000,weakrand,CWE-330,95,1
BenchmarkTest01356,weakrand,CWE-330,97,1
BenchmarkTest01356,weakrand,CWE-330,85,1
BenchmarkTest01356,weakrand,CWE-330,84,1
BenchmarkTest02000,weakrand,CWE-330,106,1
BenchmarkTest01356,weakrand,CWE-330,64,1
BenchmarkTest02001,weakrand,CWE-330,44,1
BenchmarkTest01356,weakrand,CWE-330,53,1
BenchmarkTest01356,weakrand,CWE-330,43,1
BenchmarkTest02001,weakrand,CWE-330,52,1
BenchmarkTest01355,weakrand,CWE-330,97,1
BenchmarkTest01355,weakrand,CWE-330,85,1
BenchmarkTest01355,weakrand,CWE-330,84,1
BenchmarkTest02001,weakrand,CWE-330,62,1
BenchmarkTest01355,weakrand,CWE-330,64,1
BenchmarkTest01355,weakrand,CWE-330,53,1
BenchmarkTest01355,weakrand,CWE-330,43,1
BenchmarkTest02001,weakrand,CWE-330,73,1
BenchmarkTest01354,weakrand,CWE-330,85,1
BenchmarkTest00531,hash,CWE-328,45,1
BenchmarkTest01728,sqli,CWE-89,43,1
BenchmarkTest00217,pathtraver,CWE-22,52,0
BenchmarkTest00138,ldapi,CWE-90,45,0
BenchmarkTest00034,sqli,CWE-89,45,1
BenchmarkTest00421,weakrand,CWE-330,82,0
BenchmarkTest00294,cmdi,CWE-78,44,1
BenchmarkTest02580,xss,CWE-79,43,1
BenchmarkTest00293,cmdi,CWE-78,44,1
BenchmarkTest00033,sqli,CWE-89,45,1
BenchmarkTest00422,weakrand,CWE-330,43,0
BenchmarkTest00032,sqli,CWE-89,45,1
BenchmarkTest00139,ldapi,CWE-90,44,0
BenchmarkTest00292,xss,CWE-79,44,1
BenchmarkTest00139,ldapi,CWE-90,45,0
BenchmarkTest00291,xss,CWE-79,44,1
BenchmarkTest00422,weakrand,CWE-330,68,0
BenchmarkTest00422,weakrand,CWE-330,88,0
BenchmarkTest00290,xss,CWE-79,44,1
BenchmarkTest00140,weakrand,CWE-330,44,1
BenchmarkTest00031,trustbound,CWE-501,45,1
BenchmarkTest02581,xss,CWE-79,43,0
BenchmarkTest00423,weakrand,CWE-330,43,0
BenchmarkTest00289,xss,CWE-79,44,0
BenchmarkTest00030,xss,CWE-79,45,1
BenchmarkTest00288,xss,CWE-79,44,0
BenchmarkTest00423,weakrand,CWE-330,63,0
BenchmarkTest00140,weakrand,CWE-330,45,1
BenchmarkTest00295,cmdi,CWE-78,44,1
BenchmarkTest00423,weakrand,CWE-330,83,0
BenchmarkTest00421,weakrand,CWE-330,62,0
BenchmarkTest00035,crypto,CWE-327,47,1
BenchmarkTest00298,weakrand,CWE-330,44,1
BenchmarkTest00037,sqli,CWE-89,47,1
BenchmarkTest00419,weakrand,CWE-330,92,0
BenchmarkTest00136,pathtraver,CWE-22,45,0
BenchmarkTest00297,weakrand,CWE-330,100,1
BenchmarkTest00297,weakrand,CWE-330,89,1
BenchmarkTest00036,xss,CWE-79,50,1
BenchmarkTest00420,weakrand,CWE-330,43,0
BenchmarkTest00297,weakrand,CWE-330,69,1
BenchmarkTest00297,weakrand,CWE-330,58,1
BenchmarkTest00036,xss,CWE-79,47,1
BenchmarkTest00297,weakrand,CWE-330,44,1
BenchmarkTest00420,weakrand,CWE-330,68,0
BenchmarkTest00296,weakrand,CWE-330,105,1
BenchmarkTest00296,weakrand,CWE-330,94,1
BenchmarkTest02550,crypto,CWE-327,43,1
BenchmarkTest00420,weakrand,CWE-330,88,0
BenchmarkTest00137,pathtraver,CWE-22,44,0
BenchmarkTest00137,pathtraver,CWE-22,45,0
BenchmarkTest00296,weakrand,CWE-330,74,1
BenchmarkTest02579,xss,CWE-79,43,1
BenchmarkTest00296,weakrand,CWE-330,63,1
BenchmarkTest00296,weakrand,CWE-330,44,1
BenchmarkTest00035,crypto,CWE-327,50,1
BenchmarkTest00421,weakrand,CWE-330,43,0
BenchmarkTest00138,ldapi,CWE-90,44,0
BenchmarkTest00136,pathtraver,CWE-22,44,0
BenchmarkTest00287,xss,CWE-79,44,1
BenchmarkTest00285,xss,CWE-79,44,0
BenchmarkTest00142,hash,CWE-328,44,0
BenchmarkTest00142,hash,CWE-328,45,0
BenchmarkTest00432,sqli,CWE-89,43,0
BenchmarkTest02625,sqli,CWE-89,43,1
BenchmarkTest02548,crypto,CWE-327,43,1
BenchmarkTest00433,sqli,CWE-89,43,1
BenchmarkTest00274,hash,CWE-328,44,1
BenchmarkTest02585,xss,CWE-79,43,1
BenchmarkTest00434,sqli,CWE-89,43,1
BenchmarkTest00435,sqli,CWE-89,43,1
BenchmarkTest00436,sqli,CWE-89,43,0
BenchmarkTest00273,hash,CWE-328,44,1
BenchmarkTest00437,sqli,CWE-89,43,0
BenchmarkTest00143,hash,CWE-328,44,1
BenchmarkTest00143,hash,CWE-328,45,1
BenchmarkTest00438,sqli,CWE-89,43,1
BenchmarkTest00028,pathtraver,CWE-22,45,1
BenchmarkTest00272,hash,CWE-328,44,1
BenchmarkTest00439,sqli,CWE-89,43,1
BenchmarkTest00027,sqli,CWE-89,45,1
BenchmarkTest00440,sqli,CWE-89,43,0
BenchmarkTest02586,xss,CWE-79,43,1
BenchmarkTest02547,crypto,CWE-327,43,0
BenchmarkTest00441,sqli,CWE-89,43,1
BenchmarkTest02546,sqli,CWE-89,43,0
BenchmarkTest00275,xss,CWE-79,44,0
BenchmarkTest00286,xss,CWE-79,44,0
BenchmarkTest00029,hash,CWE-328,45,1
BenchmarkTest02584,xss,CWE-79,43,1
BenchmarkTest00424,trustbound,CWE-501,43,1
BenchmarkTest02626,sqli,CWE-89,43,0
BenchmarkTest00284,xss,CWE-79,44,1
BenchmarkTest02582,xss,CWE-79,43,1
BenchmarkTest00425,trustbound,CWE-501,43,1
BenchmarkTest00283,xss,CWE-79,44,0
BenchmarkTest00140,weakrand,CWE-330,76,1
BenchmarkTest02549,crypto,CWE-327,43,1
BenchmarkTest00140,weakrand,CWE-330,97,1
BenchmarkTest00426,trustbound,CWE-501,43,1
BenchmarkTest00282,xss,CWE-79,44,0
BenchmarkTest00140,weakrand,CWE-330,98,1
BenchmarkTest00141,hash,CWE-328,44,1
BenchmarkTest00281,xss,CWE-79,44,0
BenchmarkTest00427,trustbound,CWE-501,43,1
BenchmarkTest00141,hash,CWE-328,45,1
BenchmarkTest00280,xss,CWE-79,44,1
BenchmarkTest00279,xss,CWE-79,44,1
BenchmarkTest02583,xss,CWE-79,43,1
BenchmarkTest00428,sqli,CWE-89,43,1
BenchmarkTest00278,xss,CWE-79,44,0
BenchmarkTest00429,sqli,CWE-89,43,1
BenchmarkTest00277,xss,CWE-79,44,0
BenchmarkTest00430,sqli,CWE-89,43,0
BenchmarkTest00276,xss,CWE-79,44,1
BenchmarkTest00431,sqli,CWE-89,43,1
BenchmarkTest00442,xpathi,CWE-643,43,1
BenchmarkTest00298,weakrand,CWE-330,63,1
BenchmarkTest00037,sqli,CWE-89,50,1
BenchmarkTest00314,weakrand,CWE-330,44,0
BenchmarkTest00132,pathtraver,CWE-22,45,0
BenchmarkTest00413,weakrand,CWE-330,43,0
BenchmarkTest00053,crypto,CWE-327,51,1
BenchmarkTest00313,weakrand,CWE-330,112,0
BenchmarkTest00313,weakrand,CWE-330,92,0
BenchmarkTest00053,crypto,CWE-327,41,1
BenchmarkTest00413,weakrand,CWE-330,72,0
BenchmarkTest00313,weakrand,CWE-330,72,0
BenchmarkTest00053,crypto,CWE-327,40,1
BenchmarkTest00413,weakrand,CWE-330,92,0
BenchmarkTest00313,weakrand,CWE-330,59,0
BenchmarkTest00313,weakrand,CWE-330,44,0
BenchmarkTest00414,weakrand,CWE-330,43,0
BenchmarkTest00312,weakrand,CWE-330,93,0
BenchmarkTest00414,weakrand,CWE-330,70,0
BenchmarkTest00312,weakrand,CWE-330,71,0
BenchmarkTest00414,weakrand,CWE-330,86,0
BenchmarkTest00312,weakrand,CWE-330,44,0
BenchmarkTest00414,weakrand,CWE-330,106,0
BenchmarkTest00311,cmdi,CWE-78,44,1
BenchmarkTest00414,weakrand,CWE-330,126,0
BenchmarkTest00049,xss,CWE-79,45,1
BenchmarkTest02576,hash,CWE-328,43,0
BenchmarkTest00133,pathtraver,CWE-22,44,1
BenchmarkTest02552,crypto,CWE-327,43,0
BenchmarkTest00310,cmdi,CWE-78,44,0
BenchmarkTest00132,pathtraver,CWE-22,44,0
BenchmarkTest00314,weakrand,CWE-330,74,0
BenchmarkTest00317,weakrand,CWE-330,93,0
BenchmarkTest00317,weakrand,CWE-330,71,0
BenchmarkTest00317,weakrand,CWE-330,44,0
BenchmarkTest00409,cmdi,CWE-78,43,1
BenchmarkTest00316,weakrand,CWE-330,105,0
BenchmarkTest00316,weakrand,CWE-330,83,0
BenchmarkTest00316,weakrand,CWE-330,44,0
BenchmarkTest00410,cmdi,CWE-78,43,0
BenchmarkTest00315,weakrand,CWE-330,100,0
BenchmarkTest00410,cmdi,CWE-78,62,0
BenchmarkTest02628,sqli,CWE-89,43,1
BenchmarkTest00315,weakrand,CWE-330,80,0
BenchmarkTest02575,hash,CWE-328,43,1
BenchmarkTest00315,weakrand,CWE-330,44,0
BenchmarkTest00411,cmdi,CWE-78,43,0
BenchmarkTest00131,pathtraver,CWE-22,44,0
BenchmarkTest00314,weakrand,CWE-330,114,0
BenchmarkTest00131,pathtraver,CWE-22,45,0
BenchmarkTest02657,sqli,CWE-89,43,0
BenchmarkTest00054,crypto,CWE-327,51,0
BenchmarkTest00411,cmdi,CWE-78,70,0
BenchmarkTest00314,weakrand,CWE-330,94,0
BenchmarkTest00054,crypto,CWE-327,41,0
BenchmarkTest00054,crypto,CWE-327,40,0
BenchmarkTest00412,cmdi,CWE-78,43,0
BenchmarkTest00314,weakrand,CWE-330,61,0
BenchmarkTest02578,xss,CWE-79,43,1
BenchmarkTest00048,xss,CWE-79,45,1
BenchmarkTest00309,cmdi,CWE-78,69,0
BenchmarkTest00302,cmdi,CWE-78,44,1
BenchmarkTest00135,pathtraver,CWE-22,45,0
BenchmarkTest00042,weakrand,CWE-330,82,0
BenchmarkTest00301,xss,CWE-79,44,1
BenchmarkTest00042,weakrand,CWE-330,62,0
BenchmarkTest00300,securecookie,CWE-614,80,1
BenchmarkTest00418,weakrand,CWE-330,43,0
BenchmarkTest00300,securecookie,CWE-614,44,1
BenchmarkTest00299,weakrand,CWE-330,106,1
BenchmarkTest00299,weakrand,CWE-330,95,1
BenchmarkTest00039,sqli,CWE-89,50,1
BenchmarkTest00418,weakrand,CWE-330,69,0
BenchmarkTest00039,sqli,CWE-89,47,1
BenchmarkTest00299,weakrand,CWE-330,74,1
BenchmarkTest00299,weakrand,CWE-330,63,1
BenchmarkTest00418,weakrand,CWE-330,91,0
BenchmarkTest00038,sqli,CWE-89,50,1
BenchmarkTest00299,weakrand,CWE-330,44,1
BenchmarkTest00298,weakrand,CWE-330,105,1
BenchmarkTest00419,weakrand,CWE-330,43,0
BenchmarkTest00038,sqli,CWE-89,47,1
BenchmarkTest00298,weakrand,CWE-330,94,1
BenchmarkTest02627,sqli,CWE-89,43,1
BenchmarkTest00419,weakrand,CWE-330,72,0
BenchmarkTest00298,weakrand,CWE-330,74,1
BenchmarkTest00417,weakrand,CWE-330,93,0
BenchmarkTest00133,pathtraver,CWE-22,45,1
BenchmarkTest00044,ldapi,CWE-90,45,1
BenchmarkTest00135,pathtraver,CWE-22,44,0
BenchmarkTest00415,weakrand,CWE-330,43,0
BenchmarkTest00047,xss,CWE-79,45,1
BenchmarkTest00309,cmdi,CWE-78,44,0
BenchmarkTest00415,weakrand,CWE-330,73,0
BenchmarkTest00308,cmdi,CWE-78,73,0
BenchmarkTest00046,hash,CWE-328,45,1
BenchmarkTest00415,weakrand,CWE-330,95,0
BenchmarkTest00308,cmdi,CWE-78,44,0
BenchmarkTest00307,cmdi,CWE-78,77,0
BenchmarkTest00307,cmdi,CWE-78,44,0
BenchmarkTest00416,weakrand,CWE-330,43,0
BenchmarkTest00134,pathtraver,CWE-22,44,0
BenchmarkTest00416,weakrand,CWE-330,72,0
BenchmarkTest00306,cmdi,CWE-78,44,1
BenchmarkTest00134,pathtraver,CWE-22,45,0
BenchmarkTest00416,weakrand,CWE-330,92,0
BenchmarkTest00305,cmdi,CWE-78,44,0
BenchmarkTest00417,weakrand,CWE-330,43,0
BenchmarkTest00304,cmdi,CWE-78,44,1
BenchmarkTest00045,pathtraver,CWE-22,45,1
BenchmarkTest02577,hash,CWE-328,43,1
BenchmarkTest00303,cmdi,CWE-78,82,1
BenchmarkTest00303,cmdi,CWE-78,44,1
BenchmarkTest02551,crypto,CWE-327,43,0
BenchmarkTest00417,weakrand,CWE-330,73,0
BenchmarkTest00302,cmdi,CWE-78,72,1
BenchmarkTest00408,cmdi,CWE-78,79,0
BenchmarkTest00026,sqli,CWE-89,45,1
BenchmarkTest00271,hash,CWE-328,44,0
BenchmarkTest00163,weakrand,CWE-330,98,1
BenchmarkTest00002,pathtraver,CWE-22,53,1
BenchmarkTest00002,pathtraver,CWE-22,41,1
BenchmarkTest00002,pathtraver,CWE-22,40,1
BenchmarkTest00164,weakrand,CWE-330,44,1
BenchmarkTest00164,weakrand,CWE-330,45,1
BenchmarkTest00260,crypto,CWE-327,44,0
BenchmarkTest02620,weakrand,CWE-330,43,0
BenchmarkTest00001,pathtraver,CWE-22,53,1
BenchmarkTest00001,pathtraver,CWE-22,41,1
BenchmarkTest00001,pathtraver,CWE-22,40,1
BenchmarkTest00164,weakrand,CWE-330,61,1
BenchmarkTest02532,sqli,CWE-89,43,1
BenchmarkTest02619,weakrand,CWE-330,94,0
BenchmarkTest02591,xss,CWE-79,43,1
BenchmarkTest00164,weakrand,CWE-330,72,1
BenchmarkTest00164,weakrand,CWE-330,92,1
BenchmarkTest00164,weakrand,CWE-330,103,1
BenchmarkTest02619,weakrand,CWE-330,74,0
BenchmarkTest00165,weakrand,CWE-330,44,1
BenchmarkTest00165,weakrand,CWE-330,45,1
BenchmarkTest00259,crypto,CWE-327,44,0
BenchmarkTest00165,weakrand,CWE-330,58,1
BenchmarkTest00165,weakrand,CWE-330,69,1
BenchmarkTest00455,pathtraver,CWE-22,43,1
BenchmarkTest00261,pathtraver,CWE-22,44,0
BenchmarkTest00165,weakrand,CWE-330,89,1
BenchmarkTest00003,hash,CWE-328,40,1
BenchmarkTest00454,pathtraver,CWE-22,43,0
BenchmarkTest00008,sqli,CWE-89,46,1
BenchmarkTest00007,cmdi,CWE-78,61,1
BenchmarkTest00007,cmdi,CWE-78,47,1
BenchmarkTest00007,cmdi,CWE-78,46,1
BenchmarkTest00162,weakrand,CWE-330,86,1
BenchmarkTest00006,cmdi,CWE-78,47,1
BenchmarkTest00006,cmdi,CWE-78,46,1
BenchmarkTest00162,weakrand,CWE-330,97,1
BenchmarkTest00263,pathtraver,CWE-22,44,0
BenchmarkTest00452,pathtraver,CWE-22,43,1
BenchmarkTest00005,crypto,CWE-327,47,1
BenchmarkTest00163,weakrand,CWE-330,44,1
BenchmarkTest02533,sqli,CWE-89,43,1
BenchmarkTest00005,crypto,CWE-327,46,1
BenchmarkTest00004,trustbound,CWE-501,53,1
BenchmarkTest00262,pathtraver,CWE-22,44,1
BenchmarkTest00453,pathtraver,CWE-22,43,1
BenchmarkTest00004,trustbound,CWE-501,41,1
BenchmarkTest00163,weakrand,CWE-330,45,1
BenchmarkTest00004,trustbound,CWE-501,40,1
BenchmarkTest00163,weakrand,CWE-330,56,1
BenchmarkTest02590,xss,CWE-79,43,0
BenchmarkTest00163,weakrand,CWE-330,67,1
BenchmarkTest00163,weakrand,CWE-330,87,1
BenchmarkTest00003,hash,CWE-328,53,1
BenchmarkTest00003,hash,CWE-328,41,1
BenchmarkTest00008,sqli,CWE-89,47,1
BenchmarkTest00165,weakrand,CWE-330,100,1
BenchmarkTest00166,weakrand,CWE-330,44,1
BenchmarkTest02704,weakrand,CWE-330,48,1
BenchmarkTest02704,weakrand,CWE-330,59,1
BenchmarkTest02531,sqli,CWE-89,43,1
BenchmarkTest02704,weakrand,CWE-330,79,1
BenchmarkTest00458,pathtraver,CWE-22,43,0
BenchmarkTest02704,weakrand,CWE-330,80,1
BenchmarkTest02704,weakrand,CWE-330,92,1
BenchmarkTest02619,weakrand,CWE-330,43,0
BenchmarkTest02705,weakrand,CWE-330,48,1
BenchmarkTest00256,crypto,CWE-327,44,1
BenchmarkTest02705,weakrand,CWE-330,59,1
BenchmarkTest00167,weakrand,CWE-330,44,1
BenchmarkTest00459,pathtraver,CWE-22,43,1
BenchmarkTest02593,xss,CWE-79,43,0
BenchmarkTest00167,weakrand,CWE-330,45,1
BenchmarkTest00460,pathtraver,CWE-22,43,0
BenchmarkTest02530,sqli,CWE-89,43,1
BenchmarkTest00461,weakrand,CWE-330,43,1
BenchmarkTest02705,weakrand,CWE-330,79,1
BenchmarkTest00461,weakrand,CWE-330,66,1
BenchmarkTest02529,sqli,CWE-89,43,0
BenchmarkTest00461,weakrand,CWE-330,87,1
BenchmarkTest00461,weakrand,CWE-330,88,1
BenchmarkTest02705,weakrand,CWE-330,90,1
BenchmarkTest00166,weakrand,CWE-330,98,1
BenchmarkTest00258,crypto,CWE-327,44,1
BenchmarkTest00166,weakrand,CWE-330,87,1
BenchmarkTest02703,weakrand,CWE-330,80,1
BenchmarkTest02700,weakrand,CWE-330,49,1
BenchmarkTest00166,weakrand,CWE-330,45,1
BenchmarkTest02700,weakrand,CWE-330,60,1
BenchmarkTest02592,xss,CWE-79,43,1
BenchmarkTest00166,weakrand,CWE-330,55,1
BenchmarkTest02700,weakrand,CWE-330,80,1
BenchmarkTest02700,weakrand,CWE-330,81,1
BenchmarkTest02700,weakrand,CWE-330,92,1
BenchmarkTest00456,pathtraver,CWE-22,43,1
BenchmarkTest02701,weakrand,CWE-330,49,1
BenchmarkTest02701,weakrand,CWE-330,60,1
BenchmarkTest02701,weakrand,CWE-330,80,1
BenchmarkTest02701,weakrand,CWE-330,81,1
BenchmarkTest02701,weakrand,CWE-330,92,1
BenchmarkTest02702,weakrand,CWE-330,48,1
BenchmarkTest00166,weakrand,CWE-330,66,1
BenchmarkTest02702,weakrand,CWE-330,59,1
BenchmarkTest02702,weakrand,CWE-330,79,1
BenchmarkTest02702,weakrand,CWE-330,80,1
BenchmarkTest02702,weakrand,CWE-330,91,1
BenchmarkTest00457,pathtraver,CWE-22,43,1
BenchmarkTest02703,weakrand,CWE-330,48,1
BenchmarkTest00257,crypto,CWE-327,44,1
BenchmarkTest02703,weakrand,CWE-330,59,1
BenchmarkTest02703,weakrand,CWE-330,79,1
BenchmarkTest02703,weakrand,CWE-330,92,1
BenchmarkTest02624,trustbound,CWE-501,43,1
BenchmarkTest00009,hash,CWE-328,46,0
BenchmarkTest00162,weakrand,CWE-330,66,1
BenchmarkTest00150,xss,CWE-79,44,1
BenchmarkTest00446,crypto,CWE-327,43,1
BenchmarkTest00269,hash,CWE-328,44,1
BenchmarkTest00150,xss,CWE-79,45,1
BenchmarkTest02540,sqli,CWE-89,43,0
BenchmarkTest00151,xss,CWE-79,44,0
BenchmarkTest00151,xss,CWE-79,45,0
BenchmarkTest00023,weakrand,CWE-330,49,1
BenchmarkTest00447,crypto,CWE-327,43,0
BenchmarkTest00023,weakrand,CWE-330,45,1
BenchmarkTest00152,xss,CWE-79,44,1
BenchmarkTest00152,xss,CWE-79,45,1
BenchmarkTest02622,trustbound,CWE-501,43,1
BenchmarkTest00153,xss,CWE-79,44,1
BenchmarkTest00153,xss,CWE-79,45,1
BenchmarkTest02539,sqli,CWE-89,43,0
BenchmarkTest00154,xss,CWE-79,44,1
BenchmarkTest00448,crypto,CWE-327,43,1
BenchmarkTest00154,xss,CWE-79,45,1
BenchmarkTest02621,weakrand,CWE-330,94,0
BenchmarkTest02588,xss,CWE-79,43,1
BenchmarkTest00155,xss,CWE-79,44,1
BenchmarkTest00155,xss,CWE-79,45,1
BenchmarkTest00156,xss,CWE-79,44,1
BenchmarkTest00156,xss,CWE-79,45,1
BenchmarkTest00149,xss,CWE-79,45,1
BenchmarkTest00268,hash,CWE-328,44,1
BenchmarkTest00023,weakrand,CWE-330,60,1
BenchmarkTest00149,xss,CWE-79,44,1
BenchmarkTest00443,crypto,CWE-327,43,0
BenchmarkTest02545,sqli,CWE-89,43,1
BenchmarkTest00144,xss,CWE-79,44,1
BenchmarkTest00144,xss,CWE-79,45,1
BenchmarkTest00145,xss,CWE-79,44,1
BenchmarkTest02544,sqli,CWE-89,43,0
BenchmarkTest00145,xss,CWE-79,45,1
BenchmarkTest00444,crypto,CWE-327,43,0
BenchmarkTest02587,xss,CWE-79,43,1
BenchmarkTest00270,hash,CWE-328,44,0
BenchmarkTest00146,xss,CWE-79,44,1
BenchmarkTest00025,sqli,CWE-89,45,1
BenchmarkTest00146,xss,CWE-79,45,1
BenchmarkTest00147,xss,CWE-79,44,0
BenchmarkTest00024,sqli,CWE-89,45,1
BenchmarkTest02543,sqli,CWE-89,43,1
BenchmarkTest00147,xss,CWE-79,45,0
BenchmarkTest00445,crypto,CWE-327,43,1
BenchmarkTest02542,sqli,CWE-89,43,1
BenchmarkTest00148,xss,CWE-79,44,1
BenchmarkTest00023,weakrand,CWE-330,93,1
BenchmarkTest00148,xss,CWE-79,45,1
BenchmarkTest02623,trustbound,CWE-501,43,1
BenchmarkTest00023,weakrand,CWE-330,81,1
BenchmarkTest00023,weakrand,CWE-330,80,1
BenchmarkTest02541,sqli,CWE-89,43,0
BenchmarkTest00009,hash,CWE-328,54,0
BenchmarkTest02621,weakrand,CWE-330,74,0
BenchmarkTest02538,sqli,CWE-89,43,0
BenchmarkTest00018,sqli,CWE-89,46,1
BenchmarkTest00017,cmdi,CWE-78,65,1
BenchmarkTest02589,xss,CWE-79,43,0
BenchmarkTest00017,cmdi,CWE-78,46,1
BenchmarkTest00016,securecookie,CWE-614,78,0
BenchmarkTest00161,weakrand,CWE-330,92,1
BenchmarkTest00016,securecookie,CWE-614,46,0
BenchmarkTest00015,cmdi,CWE-78,46,1
BenchmarkTest00161,weakrand,CWE-330,93,1
BenchmarkTest00451,crypto,CWE-327,43,0
BenchmarkTest00161,weakrand,CWE-330,104,1
BenchmarkTest00014,xss,CWE-79,46,1
BenchmarkTest00013,xss,CWE-79,46,1
BenchmarkTest02620,weakrand,CWE-330,74,0
BenchmarkTest00012,ldapi,CWE-90,46,1
BenchmarkTest00162,weakrand,CWE-330,44,1
BenchmarkTest00264,pathtraver,CWE-22,44,1
BenchmarkTest00011,pathtraver,CWE-22,46,1
BenchmarkTest00010,weakrand,CWE-330,95,0
BenchmarkTest02534,sqli,CWE-89,43,1
BenchmarkTest00162,weakrand,CWE-330,45,1
BenchmarkTest00010,weakrand,CWE-330,75,0
BenchmarkTest00162,weakrand,CWE-330,55,1
BenchmarkTest00010,weakrand,CWE-330,54,0
BenchmarkTest00010,weakrand,CWE-330,46,0
BenchmarkTest02535,sqli,CWE-89,43,1
BenchmarkTest00157,xss,CWE-79,44,1
BenchmarkTest00265,pathtraver,CWE-22,44,0
BenchmarkTest02620,weakrand,CWE-330,94,0
BenchmarkTest00157,xss,CWE-79,45,1
BenchmarkTest00449,crypto,CWE-327,43,1
BenchmarkTest00158,cmdi,CWE-78,44,0
BenchmarkTest00158,cmdi,CWE-78,45,0
BenchmarkTest00022,hash,CWE-328,45,0
BenchmarkTest00159,cmdi,CWE-78,44,1
BenchmarkTest00159,cmdi,CWE-78,45,1
BenchmarkTest00093,cmdi,CWE-78,41,0
BenchmarkTest00021,ldapi,CWE-90,45,1
BenchmarkTest00160,weakrand,CWE-330,45,1
BenchmarkTest00160,weakrand,CWE-330,60,1
BenchmarkTest00160,weakrand,CWE-330,71,1
BenchmarkTest02621,weakrand,CWE-330,43,0
BenchmarkTest00160,weakrand,CWE-330,91,1
BenchmarkTest00160,weakrand,CWE-330,92,1
BenchmarkTest00267,hash,CWE-328,44,1
BenchmarkTest02537,sqli,CWE-89,43,1
BenchmarkTest00160,weakrand,CWE-330,103,1
BenchmarkTest00450,crypto,CWE-327,43,0
BenchmarkTest02536,sqli,CWE-89,43,0
BenchmarkTest00020,crypto,CWE-327,45,1
BenchmarkTest00161,weakrand,CWE-330,44,1
BenchmarkTest00266,hash,CWE-328,44,1
BenchmarkTest00161,weakrand,CWE-330,45,1
BenchmarkTest00161,weakrand,CWE-330,61,1
BenchmarkTest00161,weakrand,CWE-330,72,1
BenchmarkTest00055,crypto,CWE-327,40,1
BenchmarkTest00408,cmdi,CWE-78,43,0
BenchmarkTest00318,weakrand,CWE-330,44,0
BenchmarkTest00372,hash,CWE-328,43,1
BenchmarkTest00083,weakrand,CWE-330,41,1
BenchmarkTest00109,sqli,CWE-89,41,1
BenchmarkTest00083,weakrand,CWE-330,40,1
BenchmarkTest00109,sqli,CWE-89,51,1
BenchmarkTest00082,weakrand,CWE-330,110,1
BenchmarkTest00082,weakrand,CWE-330,99,1
BenchmarkTest00349,weakrand,CWE-330,84,0
BenchmarkTest02644,sqli,CWE-89,43,1
BenchmarkTest00082,weakrand,CWE-330,79,1
BenchmarkTest00373,hash,CWE-328,43,0
BenchmarkTest00110,sqli,CWE-89,40,0
BenchmarkTest02561,pathtraver,CWE-22,43,1
BenchmarkTest00082,weakrand,CWE-330,68,1
BenchmarkTest00082,weakrand,CWE-330,51,1
BenchmarkTest00110,sqli,CWE-89,41,0
BenchmarkTest00082,weakrand,CWE-330,41,1
BenchmarkTest00082,weakrand,CWE-330,40,1
BenchmarkTest00081,weakrand,CWE-330,109,1
BenchmarkTest00081,weakrand,CWE-330,98,1
BenchmarkTest00081,weakrand,CWE-330,78,1
BenchmarkTest00374,hash,CWE-328,43,1
BenchmarkTest00081,weakrand,CWE-330,67,1
BenchmarkTest00110,sqli,CWE-89,51,0
BenchmarkTest00081,weakrand,CWE-330,51,1
BenchmarkTest00109,sqli,CWE-89,40,1
BenchmarkTest00081,weakrand,CWE-330,41,1
BenchmarkTest00083,weakrand,CWE-330,51,1
BenchmarkTest00083,weakrand,CWE-330,84,1
BenchmarkTest00368,weakrand,CWE-330,83,1
BenchmarkTest00084,weakrand,CWE-330,99,1
BenchmarkTest02643,sqli,CWE-89,43,1
BenchmarkTest00107,sqli,CWE-89,40,0
BenchmarkTest00369,weakrand,CWE-330,43,1
BenchmarkTest00107,sqli,CWE-89,41,0
BenchmarkTest00369,weakrand,CWE-330,64,1
BenchmarkTest00084,weakrand,CWE-330,79,1
BenchmarkTest00107,sqli,CWE-89,51,0
BenchmarkTest00369,weakrand,CWE-330,85,1
BenchmarkTest00369,weakrand,CWE-330,86,1
BenchmarkTest00084,weakrand,CWE-330,68,1
BenchmarkTest00370,hash,CWE-328,43,0
BenchmarkTest00084,weakrand,CWE-330,51,1
BenchmarkTest02562,pathtraver,CWE-22,43,1
BenchmarkTest02636,sqli,CWE-89,43,0
BenchmarkTest00084,weakrand,CWE-330,41,1
BenchmarkTest00084,weakrand,CWE-330,40,1
BenchmarkTest00350,crypto,CWE-327,43,0
BenchmarkTest00108,sqli,CWE-89,40,1
BenchmarkTest00371,hash,CWE-328,43,1
BenchmarkTest00083,weakrand,CWE-330,115,1
BenchmarkTest00108,sqli,CWE-89,41,1
BenchmarkTest00083,weakrand,CWE-330,104,1
BenchmarkTest00108,sqli,CWE-89,51,1
BenchmarkTest00083,weakrand,CWE-330,73,1
BenchmarkTest00368,weakrand,CWE-330,82,1
BenchmarkTest00081,weakrand,CWE-330,40,1
BenchmarkTest00080,weakrand,CWE-330,111,1
BenchmarkTest00078,weakrand,CWE-330,71,1
BenchmarkTest00078,weakrand,CWE-330,51,1
BenchmarkTest00112,sqli,CWE-89,41,1
BenchmarkTest00078,weakrand,CWE-330,41,1
BenchmarkTest00078,weakrand,CWE-330,40,1
BenchmarkTest00112,sqli,CWE-89,51,1
BenchmarkTest00077,cmdi,CWE-78,51,1
BenchmarkTest02567,pathtraver,CWE-22,43,1
BenchmarkTest00077,cmdi,CWE-78,41,1
BenchmarkTest00378,xss,CWE-79,43,1
BenchmarkTest00077,cmdi,CWE-78,40,1
BenchmarkTest00347,weakrand,CWE-330,92,1
BenchmarkTest02635,sqli,CWE-89,43,1
BenchmarkTest00113,sqli,CWE-89,40,0
BenchmarkTest00113,sqli,CWE-89,41,0
BenchmarkTest00379,xss,CWE-79,43,0
BenchmarkTest00347,weakrand,CWE-330,81,1
BenchmarkTest00076,hash,CWE-328,51,0
BenchmarkTest00113,sqli,CWE-89,51,0
BenchmarkTest00076,hash,CWE-328,41,0
BenchmarkTest00076,hash,CWE-328,40,0
BenchmarkTest02560,pathtraver,CWE-22,43,1
BenchmarkTest00347,weakrand,CWE-330,60,1
BenchmarkTest02647,sqli,CWE-89,43,1
BenchmarkTest00114,sqli,CWE-89,40,0
BenchmarkTest02646,sqli,CWE-89,43,1
BenchmarkTest00349,weakrand,CWE-330,62,0
BenchmarkTest00377,xss,CWE-79,43,0
BenchmarkTest00078,weakrand,CWE-330,82,1
BenchmarkTest00080,weakrand,CWE-330,99,1
BenchmarkTest00080,weakrand,CWE-330,98,1
BenchmarkTest02645,sqli,CWE-89,43,1
BenchmarkTest00080,weakrand,CWE-330,78,1
BenchmarkTest00080,weakrand,CWE-330,67,1
BenchmarkTest00080,weakrand,CWE-330,51,1
BenchmarkTest00080,weakrand,CWE-330,41,1
BenchmarkTest00080,weakrand,CWE-330,40,1
BenchmarkTest00079,weakrand,CWE-330,116,1
BenchmarkTest00079,weakrand,CWE-330,104,1
BenchmarkTest00079,weakrand,CWE-330,103,1
BenchmarkTest00079,weakrand,CWE-330,83,1
BenchmarkTest00375,xss,CWE-79,43,1
BenchmarkTest00079,weakrand,CWE-330,72,1
BenchmarkTest00348,securecookie,CWE-614,68,1
BenchmarkTest00079,weakrand,CWE-330,51,1
BenchmarkTest00111,sqli,CWE-89,40,1
BenchmarkTest00079,weakrand,CWE-330,41,1
BenchmarkTest00079,weakrand,CWE-330,40,1
BenchmarkTest00376,xss,CWE-79,43,1
BenchmarkTest00078,weakrand,CWE-330,115,1
BenchmarkTest00078,weakrand,CWE-330,103,1
BenchmarkTest00111,sqli,CWE-89,41,1
BenchmarkTest00078,weakrand,CWE-330,102,1
BenchmarkTest00111,sqli,CWE-89,51,1
BenchmarkTest00112,sqli,CWE-89,40,1
BenchmarkTest00114,sqli,CWE-89,41,0
BenchmarkTest00106,sqli,CWE-89,51,1
BenchmarkTest00084,weakrand,CWE-330,110,1
BenchmarkTest00090,cmdi,CWE-78,41,0
BenchmarkTest00090,cmdi,CWE-78,40,0
BenchmarkTest00095,weakrand,CWE-330,104,0
BenchmarkTest00361,pathtraver,CWE-22,43,0
BenchmarkTest02639,sqli,CWE-89,43,0
BenchmarkTest00089,securecookie,CWE-614,92,0
BenchmarkTest00096,weakrand,CWE-330,40,0
BenchmarkTest00096,weakrand,CWE-330,41,0
BenchmarkTest00355,crypto,CWE-327,43,1
BenchmarkTest00096,weakrand,CWE-330,51,0
BenchmarkTest02641,sqli,CWE-89,43,1
BenchmarkTest00089,securecookie,CWE-614,51,0
BenchmarkTest00089,securecookie,CWE-614,41,0
BenchmarkTest00096,weakrand,CWE-330,85,0
BenchmarkTest00362,pathtraver,CWE-22,43,1
BenchmarkTest00089,securecookie,CWE-614,40,0
BenchmarkTest00354,crypto,CWE-327,43,1
BenchmarkTest00096,weakrand,CWE-330,105,0
BenchmarkTest00088,securecookie,CWE-614,86,0
BenchmarkTest00097,trustbound,CWE-501,40,0
BenchmarkTest00088,securecookie,CWE-614,51,0
BenchmarkTest00088,securecookie,CWE-614,41,0
BenchmarkTest00097,trustbound,CWE-501,41,0
BenchmarkTest00097,trustbound,CWE-501,51,0
BenchmarkTest00363,pathtraver,CWE-22,43,1
BenchmarkTest00090,cmdi,CWE-78,51,0
BenchmarkTest02638,sqli,CWE-89,43,1
BenchmarkTest02565,pathtraver,CWE-22,43,1
BenchmarkTest00095,weakrand,CWE-330,84,0
BenchmarkTest00093,cmdi,CWE-78,51,0
BenchmarkTest00093,cmdi,CWE-78,87,0
BenchmarkTest00094,weakrand,CWE-330,40,0
BenchmarkTest00093,cmdi,CWE-78,40,0
BenchmarkTest00094,weakrand,CWE-330,41,0
BenchmarkTest02564,pathtraver,CWE-22,43,1
BenchmarkTest02640,sqli,CWE-89,43,0
BenchmarkTest00092,cmdi,CWE-78,93,1
BenchmarkTest00092,cmdi,CWE-78,51,1
BenchmarkTest00094,weakrand,CWE-330,51,0
BenchmarkTest00359,pathtraver,CWE-22,43,1
BenchmarkTest00092,cmdi,CWE-78,41,1
BenchmarkTest00357,crypto,CWE-327,43,0
BenchmarkTest00092,cmdi,CWE-78,40,1
BenchmarkTest00094,weakrand,CWE-330,86,0
BenchmarkTest00094,weakrand,CWE-330,108,0
BenchmarkTest00095,weakrand,CWE-330,40,0
BenchmarkTest00091,cmdi,CWE-78,74,1
BenchmarkTest00095,weakrand,CWE-330,41,0
BenchmarkTest00360,pathtraver,CWE-22,43,1
BenchmarkTest00091,cmdi,CWE-78,51,1
BenchmarkTest00091,cmdi,CWE-78,41,1
BenchmarkTest00095,weakrand,CWE-330,51,0
BenchmarkTest00356,crypto,CWE-327,43,1
BenchmarkTest00091,cmdi,CWE-78,40,1
BenchmarkTest00090,cmdi,CWE-78,82,0
BenchmarkTest00368,weakrand,CWE-330,61,1
BenchmarkTest00098,trustbound,CWE-501,40,1
BenchmarkTest00088,securecookie,CWE-614,40,0
BenchmarkTest00086,weakrand,CWE-330,41,1
BenchmarkTest02566,pathtraver,CWE-22,43,0
BenchmarkTest00352,crypto,CWE-327,43,0
BenchmarkTest00086,weakrand,CWE-330,40,1
BenchmarkTest00104,sqli,CWE-89,41,0
BenchmarkTest00104,sqli,CWE-89,51,0
BenchmarkTest00085,weakrand,CWE-330,115,1
BenchmarkTest00085,weakrand,CWE-330,104,1
BenchmarkTest02637,sqli,CWE-89,43,0
BenchmarkTest00365,pathtraver,CWE-22,43,0
BenchmarkTest00105,sqli,CWE-89,40,0
BenchmarkTest00105,sqli,CWE-89,41,0
BenchmarkTest00085,weakrand,CWE-330,83,1
BenchmarkTest00105,sqli,CWE-89,51,0
BenchmarkTest00085,weakrand,CWE-330,72,1
BenchmarkTest00351,crypto,CWE-327,43,0
BenchmarkTest00366,pathtraver,CWE-22,43,0
BenchmarkTest02563,pathtraver,CWE-22,43,0
BenchmarkTest00085,weakrand,CWE-330,51,1
BenchmarkTest00367,ldapi,CWE-90,43,0
BenchmarkTest00085,weakrand,CWE-330,41,1
BenchmarkTest00106,sqli,CWE-89,40,1
BenchmarkTest00106,sqli,CWE-89,41,1
BenchmarkTest00085,weakrand,CWE-330,40,1
BenchmarkTest00368,weakrand,CWE-330,43,1
BenchmarkTest00086,weakrand,CWE-330,51,1
BenchmarkTest00098,trustbound,CWE-501,41,1
BenchmarkTest00104,sqli,CWE-89,40,0
BenchmarkTest00103,sqli,CWE-89,51,1
BenchmarkTest00098,trustbound,CWE-501,51,1
BenchmarkTest00099,trustbound,CWE-501,40,0
BenchmarkTest00099,trustbound,CWE-501,41,0
BenchmarkTest00099,trustbound,CWE-501,51,0
BenchmarkTest00353,crypto,CWE-327,43,0
BenchmarkTest00100,sqli,CWE-89,40,1
BenchmarkTest00100,sqli,CWE-89,41,1
BenchmarkTest00087,securecookie,CWE-614,90,1
BenchmarkTest00100,sqli,CWE-89,51,1
BenchmarkTest00087,securecookie,CWE-614,51,1
BenchmarkTest00087,securecookie,CWE-614,41,1
BenchmarkTest00101,sqli,CWE-89,40,1
BenchmarkTest00101,sqli,CWE-89,41,1
BenchmarkTest00087,securecookie,CWE-614,40,1
BenchmarkTest00086,weakrand,CWE-330,116,1
BenchmarkTest00101,sqli,CWE-89,51,1
BenchmarkTest00102,sqli,CWE-89,40,1
BenchmarkTest00102,sqli,CWE-89,41,1
BenchmarkTest00086,weakrand,CWE-330,105,1
BenchmarkTest00102,sqli,CWE-89,51,1
BenchmarkTest02642,sqli,CWE-89,43,1
BenchmarkTest00103,sqli,CWE-89,40,1
BenchmarkTest00103,sqli,CWE-89,41,1
BenchmarkTest00364,pathtraver,CWE-22,43,0
BenchmarkTest00086,weakrand,CWE-330,84,1
BenchmarkTest00086,weakrand,CWE-330,73,1
BenchmarkTest00114,sqli,CWE-89,51,0
BenchmarkTest00115,sqli,CWE-89,40,1
BenchmarkTest00115,sqli,CWE-89,41,1
BenchmarkTest02571,ldapi,CWE-90,43,0
BenchmarkTest00060,pathtraver,CWE-22,51,1
BenchmarkTest00399,weakrand,CWE-330,95,1
BenchmarkTest00060,pathtraver,CWE-22,41,1
BenchmarkTest00399,weakrand,CWE-330,96,1
BenchmarkTest00060,pathtraver,CWE-22,40,1
BenchmarkTest00399,weakrand,CWE-330,107,1
BenchmarkTest02630,sqli,CWE-89,43,1
BenchmarkTest00127,crypto,CWE-327,44,0
BenchmarkTest00330,sqli,CWE-89,44,0
BenchmarkTest00127,crypto,CWE-327,45,0
BenchmarkTest00400,weakrand,CWE-330,43,1
BenchmarkTest00400,weakrand,CWE-330,69,1
BenchmarkTest02555,pathtraver,CWE-22,43,1
BenchmarkTest00059,crypto,CWE-327,51,0
BenchmarkTest00400,weakrand,CWE-330,80,1
BenchmarkTest00059,crypto,CWE-327,41,0
BenchmarkTest00329,sqli,CWE-89,44,0
BenchmarkTest00400,weakrand,CWE-330,100,1
BenchmarkTest00059,crypto,CWE-327,40,0
BenchmarkTest00400,weakrand,CWE-330,101,1
BenchmarkTest00400,weakrand,CWE-330,113,1
BenchmarkTest00328,sqli,CWE-89,44,1
BenchmarkTest00401,weakrand,CWE-330,43,1
BenchmarkTest00401,weakrand,CWE-330,54,1
BenchmarkTest02654,sqli,CWE-89,43,1
BenchmarkTest02655,sqli,CWE-89,43,1
BenchmarkTest00061,pathtraver,CWE-22,40,1
BenchmarkTest00061,pathtraver,CWE-22,41,1
BenchmarkTest00336,sqli,CWE-89,44,0
BenchmarkTest00398,weakrand,CWE-330,67,1
BenchmarkTest02556,pathtraver,CWE-22,43,1
BenchmarkTest00335,sqli,CWE-89,44,1
BenchmarkTest00125,crypto,CWE-327,44,1
BenchmarkTest00398,weakrand,CWE-330,87,1
BenchmarkTest00125,crypto,CWE-327,45,1
BenchmarkTest00398,weakrand,CWE-330,88,1
BenchmarkTest00334,sqli,CWE-89,44,0
BenchmarkTest00398,weakrand,CWE-330,99,1
BenchmarkTest00063,pathtraver,CWE-22,51,0
BenchmarkTest00063,pathtraver,CWE-22,41,0
BenchmarkTest00063,pathtraver,CWE-22,40,0
BenchmarkTest02570,pathtraver,CWE-22,43,0
BenchmarkTest00333,sqli,CWE-89,44,0
BenchmarkTest00399,weakrand,CWE-330,43,1
BenchmarkTest00332,sqli,CWE-89,44,0
BenchmarkTest00331,sqli,CWE-89,44,0
BenchmarkTest00062,pathtraver,CWE-22,51,1
BenchmarkTest00126,crypto,CWE-327,44,0
BenchmarkTest00062,pathtraver,CWE-22,41,1
BenchmarkTest00062,pathtraver,CWE-22,40,1
BenchmarkTest00126,crypto,CWE-327,45,0
BenchmarkTest00399,weakrand,CWE-330,64,1
BenchmarkTest00061,pathtraver,CWE-22,51,1
BenchmarkTest00399,weakrand,CWE-330,75,1
BenchmarkTest00398,weakrand,CWE-330,56,1
BenchmarkTest00401,weakrand,CWE-330,65,1
BenchmarkTest00058,crypto,CWE-327,41,0
BenchmarkTest02573,hash,CWE-328,43,1
BenchmarkTest00323,trustbound,CWE-501,44,0
BenchmarkTest00322,trustbound,CWE-501,44,0
BenchmarkTest00321,trustbound,CWE-501,44,1
BenchmarkTest00405,securecookie,CWE-614,75,0
BenchmarkTest00056,crypto,CWE-327,51,1
BenchmarkTest00320,weakrand,CWE-330,95,0
BenchmarkTest00056,crypto,CWE-327,41,1
BenchmarkTest00320,weakrand,CWE-330,75,0
BenchmarkTest00406,cmdi,CWE-78,43,0
BenchmarkTest00056,crypto,CWE-327,40,1
BenchmarkTest00320,weakrand,CWE-330,44,0
BenchmarkTest00406,cmdi,CWE-78,77,0
BenchmarkTest00319,weakrand,CWE-330,108,0
BenchmarkTest00319,weakrand,CWE-330,88,0
BenchmarkTest00319,weakrand,CWE-330,44,0
BenchmarkTest00407,cmdi,CWE-78,43,1
BenchmarkTest00130,crypto,CWE-327,44,0
BenchmarkTest00318,weakrand,CWE-330,103,0
BenchmarkTest00407,cmdi,CWE-78,83,1
BenchmarkTest00130,crypto,CWE-327,45,0
BenchmarkTest00318,weakrand,CWE-330,83,0
BenchmarkTest02574,hash,CWE-328,43,1
BenchmarkTest00055,crypto,CWE-327,51,1
BenchmarkTest00055,crypto,CWE-327,41,1
BenchmarkTest00405,securecookie,CWE-614,43,0
BenchmarkTest00058,crypto,CWE-327,51,0
BenchmarkTest00129,crypto,CWE-327,45,0
BenchmarkTest00404,securecookie,CWE-614,76,0
BenchmarkTest00401,weakrand,CWE-330,85,1
BenchmarkTest02572,ldapi,CWE-90,43,0
BenchmarkTest00401,weakrand,CWE-330,96,1
BenchmarkTest00058,crypto,CWE-327,40,0
BenchmarkTest00327,trustbound,CWE-501,44,1
BenchmarkTest00402,weakrand,CWE-330,43,1
BenchmarkTest00128,crypto,CWE-327,44,0
BenchmarkTest00128,crypto,CWE-327,45,0
BenchmarkTest00402,weakrand,CWE-330,54,1
BenchmarkTest00326,trustbound,CWE-501,44,1
BenchmarkTest00402,weakrand,CWE-330,65,1
BenchmarkTest02554,pathtraver,CWE-22,43,0
BenchmarkTest00402,weakrand,CWE-330,85,1
BenchmarkTest00402,weakrand,CWE-330,96,1
BenchmarkTest00057,crypto,CWE-327,51,1
BenchmarkTest00403,securecookie,CWE-614,43,1
BenchmarkTest00057,crypto,CWE-327,41,1
BenchmarkTest00057,crypto,CWE-327,40,1
BenchmarkTest00325,trustbound,CWE-501,44,1
BenchmarkTest00403,securecookie,CWE-614,75,1
BenchmarkTest02656,sqli,CWE-89,43,1
BenchmarkTest00324,trustbound,CWE-501,44,1
BenchmarkTest02629,sqli,CWE-89,43,0
BenchmarkTest00404,securecookie,CWE-614,43,0
BenchmarkTest00129,crypto,CWE-327,44,0
BenchmarkTest02553,ldapi,CWE-90,43,0
BenchmarkTest00398,weakrand,CWE-330,43,1
BenchmarkTest00064,pathtraver,CWE-22,40,0
BenchmarkTest00397,weakrand,CWE-330,95,1
BenchmarkTest00072,hash,CWE-328,51,0
BenchmarkTest00072,hash,CWE-328,41,0
BenchmarkTest02568,pathtraver,CWE-22,43,0
BenchmarkTest00072,hash,CWE-328,40,0
BenchmarkTest00386,xss,CWE-79,43,0
BenchmarkTest00344,sqli,CWE-89,44,0
BenchmarkTest02649,sqli,CWE-89,43,1
BenchmarkTest00119,crypto,CWE-327,44,1
BenchmarkTest00119,crypto,CWE-327,45,1
BenchmarkTest02605,weakrand,CWE-330,93,1
BenchmarkTest00071,hash,CWE-328,51,1
BenchmarkTest00071,hash,CWE-328,41,1
BenchmarkTest00071,hash,CWE-328,40,1
BenchmarkTest00343,sqli,CWE-89,44,0
BenchmarkTest00387,xss,CWE-79,43,1
BenchmarkTest02633,sqli,CWE-89,43,0
BenchmarkTest00120,crypto,CWE-327,44,1
BenchmarkTest00120,crypto,CWE-327,45,1
BenchmarkTest02650,sqli,CWE-89,43,1
BenchmarkTest00070,hash,CWE-328,51,1
BenchmarkTest00070,hash,CWE-328,41,1
BenchmarkTest00070,hash,CWE-328,40,1
BenchmarkTest00388,xss,CWE-79,43,1
BenchmarkTest00342,sqli,CWE-89,44,1
BenchmarkTest00121,crypto,CWE-327,44,0
BenchmarkTest00385,xss,CWE-79,43,1
BenchmarkTest00121,crypto,CWE-327,45,0
BenchmarkTest00118,xpathi,CWE-643,51,0
BenchmarkTest00118,xpathi,CWE-643,40,0
BenchmarkTest00380,xss,CWE-79,43,1
BenchmarkTest00115,sqli,CWE-89,51,1
BenchmarkTest00075,hash,CWE-328,51,0
BenchmarkTest00381,xss,CWE-79,43,0
BenchmarkTest00075,hash,CWE-328,41,0
BenchmarkTest00347,weakrand,CWE-330,49,1
BenchmarkTest00075,hash,CWE-328,40,0
BenchmarkTest00382,xss,CWE-79,43,1
BenchmarkTest00116,xpathi,CWE-643,40,0
BenchmarkTest00116,xpathi,CWE-643,41,0
BenchmarkTest00116,xpathi,CWE-643,51,0
BenchmarkTest00074,hash,CWE-328,51,1
BenchmarkTest00383,xss,CWE-79,43,1
BenchmarkTest00074,hash,CWE-328,41,1
BenchmarkTest00117,xpathi,CWE-643,40,0
BenchmarkTest00074,hash,CWE-328,40,1
BenchmarkTest02648,sqli,CWE-89,43,0
BenchmarkTest00117,xpathi,CWE-643,41,0
BenchmarkTest00117,xpathi,CWE-643,51,0
BenchmarkTest02634,sqli,CWE-89,43,0
BenchmarkTest00384,xss,CWE-79,43,1
BenchmarkTest00073,hash,CWE-328,51,1
BenchmarkTest02559,pathtraver,CWE-22,43,1
BenchmarkTest00073,hash,CWE-328,41,1
BenchmarkTest00073,hash,CWE-328,40,1
BenchmarkTest00118,xpathi,CWE-643,41,0
BenchmarkTest00069,hash,CWE-328,51,0
BenchmarkTest00389,xss,CWE-79,43,0
BenchmarkTest02558,pathtraver,CWE-22,43,0
BenchmarkTest00066,weakrand,CWE-330,84,1
BenchmarkTest00394,xss,CWE-79,43,0
BenchmarkTest00066,weakrand,CWE-330,51,1
BenchmarkTest02557,pathtraver,CWE-22,43,0
BenchmarkTest00395,xss,CWE-79,43,1
BenchmarkTest00066,weakrand,CWE-330,41,1
BenchmarkTest00066,weakrand,CWE-330,40,1
BenchmarkTest00396,cmdi,CWE-78,43,0
BenchmarkTest00065,pathtraver,CWE-22,51,1
BenchmarkTest00065,pathtraver,CWE-22,41,1
BenchmarkTest00065,pathtraver,CWE-22,40,1
BenchmarkTest02653,sqli,CWE-89,43,1
BenchmarkTest00124,crypto,CWE-327,44,1
BenchmarkTest00124,crypto,CWE-327,45,1
BenchmarkTest00397,weakrand,CWE-330,43,1
BenchmarkTest00397,weakrand,CWE-330,52,1
BenchmarkTest00397,weakrand,CWE-330,63,1
BenchmarkTest02569,pathtraver,CWE-22,43,1
BenchmarkTest00397,weakrand,CWE-330,83,1
BenchmarkTest00397,weakrand,CWE-330,84,1
BenchmarkTest00338,sqli,CWE-89,44,0
BenchmarkTest00337,sqli,CWE-89,44,1
BenchmarkTest00064,pathtraver,CWE-22,51,0
BenchmarkTest02631,sqli,CWE-89,43,0
BenchmarkTest00064,pathtraver,CWE-22,41,0
BenchmarkTest00339,sqli,CWE-89,44,1
BenchmarkTest00066,weakrand,CWE-330,105,1
BenchmarkTest00066,weakrand,CWE-330,106,1
BenchmarkTest00067,weakrand,CWE-330,40,1
BenchmarkTest00069,hash,CWE-328,41,0
BenchmarkTest00069,hash,CWE-328,40,0
BenchmarkTest02651,sqli,CWE-89,43,1
BenchmarkTest00068,weakrand,CWE-330,106,1
BenchmarkTest00068,weakrand,CWE-330,105,1
BenchmarkTest00390,xss,CWE-79,43,1
BenchmarkTest02632,sqli,CWE-89,43,1
BenchmarkTest00068,weakrand,CWE-330,84,1
BenchmarkTest00122,crypto,CWE-327,44,0
BenchmarkTest00341,sqli,CWE-89,44,1
BenchmarkTest00391,xss,CWE-79,43,0
BenchmarkTest00068,weakrand,CWE-330,51,1
BenchmarkTest00462,hash,CWE-328,43,1
BenchmarkTest00122,crypto,CWE-327,45,0
BenchmarkTest00340,sqli,CWE-89,44,0
BenchmarkTest00068,weakrand,CWE-330,40,1
BenchmarkTest00392,xss,CWE-79,43,1
BenchmarkTest00067,weakrand,CWE-330,114,1
BenchmarkTest00067,weakrand,CWE-330,113,1
BenchmarkTest00067,weakrand,CWE-330,92,1
BenchmarkTest02652,sqli,CWE-89,43,0
BenchmarkTest00123,crypto,CWE-327,44,1
BenchmarkTest00123,crypto,CWE-327,45,1
BenchmarkTest00067,weakrand,CWE-330,51,1
BenchmarkTest00067,weakrand,CWE-330,41,1
BenchmarkTest00393,xss,CWE-79,43,0
BenchmarkTest00068,weakrand,CWE-330,41,1
BenchmarkTest02706,weakrand,CWE-330,48,1
BenchmarkTest00160,weakrand,CWE-330,44,1
BenchmarkTest00358,crypto,CWE-327,43,0
BenchmarkTest00235,weakrand,CWE-330,52,1
BenchmarkTest00235,weakrand,CWE-330,44,1
BenchmarkTest00485,weakrand,CWE-330,87,1
BenchmarkTest00485,weakrand,CWE-330,98,1
BenchmarkTest00179,weakrand,CWE-330,90,0
BenchmarkTest02514,cmdi,CWE-78,43,1
BenchmarkTest02616,weakrand,CWE-330,63,0
BenchmarkTest00180,weakrand,CWE-330,44,0
BenchmarkTest00486,weakrand,CWE-330,43,1
BenchmarkTest00234,weakrand,CWE-330,112,1
BenchmarkTest00486,weakrand,CWE-330,55,1
BenchmarkTest00180,weakrand,CWE-330,45,0
BenchmarkTest00234,weakrand,CWE-330,101,1
BenchmarkTest02604,weakrand,CWE-330,43,1
BenchmarkTest02501,weakrand,CWE-330,62,1
BenchmarkTest00234,weakrand,CWE-330,81,1
BenchmarkTest00486,weakrand,CWE-330,66,1
BenchmarkTest00180,weakrand,CWE-330,62,0
BenchmarkTest00486,weakrand,CWE-330,86,1
BenchmarkTest00235,weakrand,CWE-330,65,1
BenchmarkTest02514,cmdi,CWE-78,57,1
BenchmarkTest00179,weakrand,CWE-330,68,0
BenchmarkTest00206,sqli,CWE-89,44,0
BenchmarkTest00178,weakrand,CWE-330,72,0
BenchmarkTest00236,weakrand,CWE-330,52,1
BenchmarkTest00236,weakrand,CWE-330,44,1
BenchmarkTest00484,weakrand,CWE-330,72,1
BenchmarkTest02616,weakrand,CWE-330,96,0
BenchmarkTest02515,cmdi,CWE-78,57,1
BenchmarkTest00178,weakrand,CWE-330,92,0
BenchmarkTest00178,weakrand,CWE-330,112,0
BenchmarkTest00235,weakrand,CWE-330,107,1
BenchmarkTest00484,weakrand,CWE-330,92,1
BenchmarkTest00180,weakrand,CWE-330,75,0
BenchmarkTest00484,weakrand,CWE-330,93,1
BenchmarkTest00235,weakrand,CWE-330,96,1
BenchmarkTest00484,weakrand,CWE-330,104,1
BenchmarkTest02515,cmdi,CWE-78,43,1
BenchmarkTest00485,weakrand,CWE-330,43,1
BenchmarkTest02602,weakrand,CWE-330,43,1
BenchmarkTest00485,weakrand,CWE-330,56,1
BenchmarkTest00235,weakrand,CWE-330,76,1
BenchmarkTest00179,weakrand,CWE-330,45,0
BenchmarkTest02616,weakrand,CWE-330,76,0
BenchmarkTest00485,weakrand,CWE-330,67,1
BenchmarkTest00179,weakrand,CWE-330,44,0
BenchmarkTest00486,weakrand,CWE-330,97,1
BenchmarkTest02513,cmdi,CWE-78,43,0
BenchmarkTest00487,weakrand,CWE-330,43,1
BenchmarkTest00205,sqli,CWE-89,44,0
BenchmarkTest00233,weakrand,CWE-330,65,1
BenchmarkTest00488,weakrand,CWE-330,76,1
BenchmarkTest00181,weakrand,CWE-330,90,0
BenchmarkTest00233,weakrand,CWE-330,52,1
BenchmarkTest00233,weakrand,CWE-330,44,1
BenchmarkTest02602,weakrand,CWE-330,74,1
BenchmarkTest00488,weakrand,CWE-330,97,1
BenchmarkTest02615,weakrand,CWE-330,97,0
BenchmarkTest00488,weakrand,CWE-330,108,1
BenchmarkTest02511,cmdi,CWE-78,58,1
BenchmarkTest00489,weakrand,CWE-330,43,1
BenchmarkTest00232,weakrand,CWE-330,112,1
BenchmarkTest00489,weakrand,CWE-330,60,1
BenchmarkTest00232,weakrand,CWE-330,101,1
BenchmarkTest00522,crypto,CWE-327,45,1
BenchmarkTest02511,cmdi,CWE-78,43,1
BenchmarkTest00182,weakrand,CWE-330,44,0
BenchmarkTest00484,weakrand,CWE-330,61,1
BenchmarkTest00488,weakrand,CWE-330,65,1
BenchmarkTest00488,weakrand,CWE-330,43,1
BenchmarkTest00180,weakrand,CWE-330,95,0
BenchmarkTest00487,weakrand,CWE-330,60,1
BenchmarkTest00227,hash,CWE-328,44,1
BenchmarkTest00234,weakrand,CWE-330,70,1
BenchmarkTest00234,weakrand,CWE-330,52,1
BenchmarkTest00180,weakrand,CWE-330,115,0
BenchmarkTest00234,weakrand,CWE-330,44,1
BenchmarkTest00487,weakrand,CWE-330,71,1
BenchmarkTest00227,hash,CWE-328,52,1
BenchmarkTest00181,weakrand,CWE-330,44,0
BenchmarkTest02616,weakrand,CWE-330,43,0
BenchmarkTest00181,weakrand,CWE-330,45,0
BenchmarkTest00233,weakrand,CWE-330,96,1
BenchmarkTest00487,weakrand,CWE-330,91,1
BenchmarkTest02501,weakrand,CWE-330,82,1
BenchmarkTest00205,sqli,CWE-89,45,0
BenchmarkTest00522,crypto,CWE-327,48,1
BenchmarkTest00487,weakrand,CWE-330,102,1
BenchmarkTest02602,weakrand,CWE-330,63,1
BenchmarkTest02512,cmdi,CWE-78,43,1
BenchmarkTest00181,weakrand,CWE-330,68,0
BenchmarkTest00233,weakrand,CWE-330,76,1
BenchmarkTest00233,weakrand,CWE-330,107,1
BenchmarkTest02603,weakrand,CWE-330,106,1
BenchmarkTest00206,sqli,CWE-89,45,0
BenchmarkTest00484,weakrand,CWE-330,43,1
BenchmarkTest00174,cmdi,CWE-78,44,1
BenchmarkTest02607,securecookie,CWE-614,84,0
BenchmarkTest00174,cmdi,CWE-78,45,1
BenchmarkTest00482,weakrand,CWE-330,56,1
BenchmarkTest00239,weakrand,CWE-330,52,1
BenchmarkTest02604,weakrand,CWE-330,73,1
BenchmarkTest00239,weakrand,CWE-330,44,1
BenchmarkTest02608,xss,CWE-79,43,1
BenchmarkTest00174,cmdi,CWE-78,62,1
BenchmarkTest00524,crypto,CWE-327,45,0
BenchmarkTest00238,weakrand,CWE-330,111,1
BenchmarkTest00175,cmdi,CWE-78,44,0
BenchmarkTest00238,weakrand,CWE-330,100,1
BenchmarkTest00482,weakrand,CWE-330,67,1
BenchmarkTest02500,weakrand,CWE-330,82,1
BenchmarkTest00225,hash,CWE-328,44,0
BenchmarkTest02518,cmdi,CWE-78,43,0
BenchmarkTest00238,weakrand,CWE-330,79,1
BenchmarkTest00175,cmdi,CWE-78,45,0
BenchmarkTest00225,hash,CWE-328,52,0
BenchmarkTest00209,crypto,CWE-327,44,0
BenchmarkTest00524,crypto,CWE-327,48,0
BenchmarkTest02500,weakrand,CWE-330,62,1
BenchmarkTest00209,crypto,CWE-327,52,0
BenchmarkTest00240,weakrand,CWE-330,97,1
BenchmarkTest00172,cmdi,CWE-78,44,1
BenchmarkTest00240,weakrand,CWE-330,76,1
BenchmarkTest00172,cmdi,CWE-78,45,1
BenchmarkTest00481,cmdi,CWE-78,43,0
BenchmarkTest00240,weakrand,CWE-330,65,1
BenchmarkTest00240,weakrand,CWE-330,52,1
BenchmarkTest00240,weakrand,CWE-330,44,1
BenchmarkTest02500,weakrand,CWE-330,43,1
BenchmarkTest00173,cmdi,CWE-78,44,1
BenchmarkTest00238,weakrand,CWE-330,68,1
BenchmarkTest02519,weakrand,CWE-330,43,0
BenchmarkTest00239,weakrand,CWE-330,120,1
BenchmarkTest00239,weakrand,CWE-330,109,1
BenchmarkTest00173,cmdi,CWE-78,66,1
BenchmarkTest02500,weakrand,CWE-330,51,1
BenchmarkTest00239,weakrand,CWE-330,88,1
BenchmarkTest02617,weakrand,CWE-330,79,0
BenchmarkTest00482,weakrand,CWE-330,43,1
BenchmarkTest00239,weakrand,CWE-330,77,1
BenchmarkTest02600,xss,CWE-79,43,1
BenchmarkTest00173,cmdi,CWE-78,45,1
BenchmarkTest02604,weakrand,CWE-330,62,1
BenchmarkTest00175,cmdi,CWE-78,67,0
BenchmarkTest00238,weakrand,CWE-330,52,1
BenchmarkTest00237,weakrand,CWE-330,44,1
BenchmarkTest00207,xpathi,CWE-643,44,1
BenchmarkTest00483,weakrand,CWE-330,43,1
BenchmarkTest02617,weakrand,CWE-330,43,0
BenchmarkTest00483,weakrand,CWE-330,62,1
BenchmarkTest00178,weakrand,CWE-330,44,0
BenchmarkTest00236,weakrand,CWE-330,112,1
BenchmarkTest00236,weakrand,CWE-330,101,1
BenchmarkTest02517,cmdi,CWE-78,43,1
BenchmarkTest00483,weakrand,CWE-330,73,1
BenchmarkTest00523,crypto,CWE-327,45,0
BenchmarkTest00178,weakrand,CWE-330,45,0
BenchmarkTest00483,weakrand,CWE-330,93,1
BenchmarkTest00236,weakrand,CWE-330,81,1
BenchmarkTest00483,weakrand,CWE-330,94,1
BenchmarkTest02609,xss,CWE-79,43,0
BenchmarkTest00483,weakrand,CWE-330,105,1
BenchmarkTest00178,weakrand,CWE-330,56,0
BenchmarkTest02616,weakrand,CWE-330,116,0
BenchmarkTest00236,weakrand,CWE-330,70,1
BenchmarkTest02501,weakrand,CWE-330,51,1
BenchmarkTest02516,cmdi,CWE-78,43,1
BenchmarkTest00207,xpathi,CWE-643,45,1
BenchmarkTest00237,weakrand,CWE-330,83,1
BenchmarkTest00482,weakrand,CWE-330,87,1
BenchmarkTest00176,cmdi,CWE-78,44,1
BenchmarkTest00208,crypto,CWE-327,52,1
BenchmarkTest00482,weakrand,CWE-330,88,1
BenchmarkTest02500,weakrand,CWE-330,93,1
BenchmarkTest00208,crypto,CWE-327,44,1
BenchmarkTest00238,weakrand,CWE-330,44,1
BenchmarkTest00176,cmdi,CWE-78,45,1
BenchmarkTest00237,weakrand,CWE-330,125,1
BenchmarkTest00226,hash,CWE-328,44,1
BenchmarkTest00237,weakrand,CWE-330,52,1
BenchmarkTest00226,hash,CWE-328,52,1
BenchmarkTest00482,weakrand,CWE-330,99,1
BenchmarkTest00177,cmdi,CWE-78,44,0
BenchmarkTest00177,cmdi,CWE-78,45,0
BenchmarkTest00237,weakrand,CWE-330,94,1
BenchmarkTest00195,sqli,CWE-89,45,1
BenchmarkTest02501,weakrand,CWE-330,43,1
BenchmarkTest00523,crypto,CWE-327,48,0
BenchmarkTest00237,weakrand,CWE-330,114,1
BenchmarkTest02721,weakrand,CWE-330,80,0
BenchmarkTest00489,weakrand,CWE-330,71,1
BenchmarkTest02503,weakrand,CWE-330,93,1
BenchmarkTest00501,weakrand,CWE-330,102,0
BenchmarkTest02506,weakrand,CWE-330,62,1
BenchmarkTest00187,weakrand,CWE-330,45,0
BenchmarkTest00511,sqli,CWE-89,43,0
BenchmarkTest00502,weakrand,CWE-330,43,0
BenchmarkTest00502,weakrand,CWE-330,57,0
BenchmarkTest00187,weakrand,CWE-330,77,0
BenchmarkTest02614,weakrand,CWE-330,43,0
BenchmarkTest00510,sqli,CWE-89,43,1
BenchmarkTest00502,weakrand,CWE-330,73,0
BenchmarkTest00187,weakrand,CWE-330,97,0
BenchmarkTest00198,sqli,CWE-89,45,1
BenchmarkTest02506,weakrand,CWE-330,51,1
BenchmarkTest00509,sqli,CWE-89,43,0
BenchmarkTest00502,weakrand,CWE-330,93,0
BenchmarkTest02603,weakrand,CWE-330,74,1
BenchmarkTest00198,sqli,CWE-89,44,1
BenchmarkTest00502,weakrand,CWE-330,113,0
BenchmarkTest00188,weakrand,CWE-330,44,0
BenchmarkTest00188,weakrand,CWE-330,45,0
BenchmarkTest00187,weakrand,CWE-330,44,0
BenchmarkTest00199,sqli,CWE-89,44,1
BenchmarkTest00512,sqli,CWE-89,43,1
BenchmarkTest00186,weakrand,CWE-330,44,0
BenchmarkTest00500,cmdi,CWE-78,43,1
BenchmarkTest02503,weakrand,CWE-330,51,1
BenchmarkTest00228,hash,CWE-328,44,0
BenchmarkTest00186,weakrand,CWE-330,45,0
BenchmarkTest02507,securecookie,CWE-614,43,1
BenchmarkTest00515,sqli,CWE-89,43,1
BenchmarkTest00228,hash,CWE-328,52,0
BenchmarkTest00230,weakrand,CWE-330,52,1
BenchmarkTest00230,weakrand,CWE-330,44,1
BenchmarkTest00508,trustbound,CWE-501,43,1
BenchmarkTest00199,sqli,CWE-89,45,1
BenchmarkTest02503,weakrand,CWE-330,62,1
BenchmarkTest02506,weakrand,CWE-330,94,1
BenchmarkTest00514,sqli,CWE-89,43,0
BenchmarkTest00501,weakrand,CWE-330,43,0
BenchmarkTest00513,sqli,CWE-89,43,0
BenchmarkTest02506,weakrand,CWE-330,83,1
BenchmarkTest00186,weakrand,CWE-330,81,0
BenchmarkTest02503,weakrand,CWE-330,82,1
BenchmarkTest00501,weakrand,CWE-330,82,0
BenchmarkTest00186,weakrand,CWE-330,101,0
BenchmarkTest02614,weakrand,CWE-330,63,0
BenchmarkTest02504,weakrand,CWE-330,43,1
BenchmarkTest02506,weakrand,CWE-330,43,1
BenchmarkTest00188,weakrand,CWE-330,73,0
BenchmarkTest00504,weakrand,CWE-330,67,0
BenchmarkTest00196,sqli,CWE-89,45,1
BenchmarkTest02504,weakrand,CWE-330,82,1
BenchmarkTest00192,sqli,CWE-89,45,1
BenchmarkTest02505,weakrand,CWE-330,62,1
BenchmarkTest00504,weakrand,CWE-330,87,0
BenchmarkTest00193,sqli,CWE-89,44,1
BenchmarkTest02504,weakrand,CWE-330,93,1
BenchmarkTest00193,sqli,CWE-89,45,1
BenchmarkTest00229,hash,CWE-328,52,0
BenchmarkTest00192,sqli,CWE-89,44,1
BenchmarkTest00229,hash,CWE-328,44,0
BenchmarkTest00506,weakrand,CWE-330,43,0
BenchmarkTest02505,weakrand,CWE-330,51,1
BenchmarkTest00505,weakrand,CWE-330,72,0
BenchmarkTest00194,sqli,CWE-89,44,1
BenchmarkTest02505,weakrand,CWE-330,43,1
BenchmarkTest00194,sqli,CWE-89,45,1
BenchmarkTest00196,sqli,CWE-89,44,1
BenchmarkTest02612,cmdi,CWE-78,43,1
BenchmarkTest02603,weakrand,CWE-330,63,1
BenchmarkTest00195,sqli,CWE-89,44,1
BenchmarkTest00505,weakrand,CWE-330,43,0
BenchmarkTest00516,sqli,CWE-89,43,1
BenchmarkTest00191,sqli,CWE-89,45,0
BenchmarkTest00503,weakrand,CWE-330,43,0
BenchmarkTest00188,weakrand,CWE-330,93,0
BenchmarkTest00189,trustbound,CWE-501,44,0
BenchmarkTest00189,trustbound,CWE-501,45,0
BenchmarkTest00507,weakrand,CWE-330,88,0
BenchmarkTest02613,cmdi,CWE-78,43,1
BenchmarkTest02504,weakrand,CWE-330,51,1
BenchmarkTest00507,weakrand,CWE-330,68,0
BenchmarkTest00503,weakrand,CWE-330,78,0
BenchmarkTest00506,weakrand,CWE-330,81,0
BenchmarkTest00197,sqli,CWE-89,45,0
BenchmarkTest00197,sqli,CWE-89,44,0
BenchmarkTest00190,sqli,CWE-89,44,0
BenchmarkTest02504,weakrand,CWE-330,62,1
BenchmarkTest00190,sqli,CWE-89,45,0
BenchmarkTest02505,weakrand,CWE-330,94,1
BenchmarkTest00503,weakrand,CWE-330,100,0
BenchmarkTest00506,weakrand,CWE-330,101,0
BenchmarkTest02505,weakrand,CWE-330,83,1
BenchmarkTest00191,sqli,CWE-89,44,0
BenchmarkTest00504,weakrand,CWE-330,43,0
BenchmarkTest00507,weakrand,CWE-330,43,0
BenchmarkTest00204,sqli,CWE-89,45,1
BenchmarkTest02503,weakrand,CWE-330,43,1
BenchmarkTest00517,sqli,CWE-89,43,0
BenchmarkTest00202,sqli,CWE-89,45,0
BenchmarkTest02510,cmdi,CWE-78,58,0
BenchmarkTest00183,weakrand,CWE-330,45,0
BenchmarkTest00202,sqli,CWE-89,44,0
BenchmarkTest00201,sqli,CWE-89,45,0
BenchmarkTest00490,weakrand,CWE-330,97,1
BenchmarkTest00231,weakrand,CWE-330,111,1
BenchmarkTest00490,weakrand,CWE-330,108,1
BenchmarkTest02502,weakrand,CWE-330,43,1
BenchmarkTest00231,weakrand,CWE-330,100,1
BenchmarkTest02510,cmdi,CWE-78,43,0
BenchmarkTest02602,weakrand,CWE-330,106,1
BenchmarkTest02502,weakrand,CWE-330,51,1
BenchmarkTest00183,weakrand,CWE-330,86,0
BenchmarkTest00491,securecookie,CWE-614,43,1
BenchmarkTest00183,weakrand,CWE-330,106,0
BenchmarkTest00231,weakrand,CWE-330,80,1
BenchmarkTest00521,crypto,CWE-327,48,1
BenchmarkTest00184,weakrand,CWE-330,44,0
BenchmarkTest00491,securecookie,CWE-614,78,1
BenchmarkTest00490,weakrand,CWE-330,76,1
BenchmarkTest02602,weakrand,CWE-330,95,1
BenchmarkTest00232,weakrand,CWE-330,44,1
BenchmarkTest00489,weakrand,CWE-330,92,1
BenchmarkTest00182,weakrand,CWE-330,45,0
BenchmarkTest00489,weakrand,CWE-330,103,1
BenchmarkTest02501,weakrand,CWE-330,93,1
BenchmarkTest02615,weakrand,CWE-330,75,0
BenchmarkTest00232,weakrand,CWE-330,81,1
BenchmarkTest00182,weakrand,CWE-330,81,0
BenchmarkTest02603,weakrand,CWE-330,95,1
BenchmarkTest02706,weakrand,CWE-330,59,1
BenchmarkTest00490,weakrand,CWE-330,43,1
BenchmarkTest00203,sqli,CWE-89,45,1
BenchmarkTest02602,weakrand,CWE-330,94,1
BenchmarkTest00203,sqli,CWE-89,44,1
BenchmarkTest00182,weakrand,CWE-330,101,0
BenchmarkTest00232,weakrand,CWE-330,70,1
BenchmarkTest00490,weakrand,CWE-330,65,1
BenchmarkTest00232,weakrand,CWE-330,52,1
BenchmarkTest02610,cmdi,CWE-78,43,0
BenchmarkTest00183,weakrand,CWE-330,44,0
BenchmarkTest00204,sqli,CWE-89,44,1
BenchmarkTest00201,sqli,CWE-89,44,0
BenchmarkTest00521,crypto,CWE-327,45,1
BenchmarkTest02509,xss,CWE-79,43,0
BenchmarkTest02603,weakrand,CWE-330,94,1
BenchmarkTest00497,cmdi,CWE-78,81,1
BenchmarkTest02610,cmdi,CWE-78,85,0
BenchmarkTest02614,weakrand,CWE-330,119,0
BenchmarkTest00519,sqli,CWE-89,43,0
BenchmarkTest00184,weakrand,CWE-330,92,0
BenchmarkTest02502,weakrand,CWE-330,82,1
BenchmarkTest00498,cmdi,CWE-78,43,1
BenchmarkTest02611,cmdi,CWE-78,43,1
BenchmarkTest00518,sqli,CWE-89,43,1
BenchmarkTest00520,xpathi,CWE-643,43,0
BenchmarkTest02614,weakrand,CWE-330,99,0
BenchmarkTest00185,weakrand,CWE-330,45,0
BenchmarkTest00230,weakrand,CWE-330,79,1
BenchmarkTest02502,weakrand,CWE-330,93,1
BenchmarkTest00230,weakrand,CWE-330,68,1
BenchmarkTest00499,cmdi,CWE-78,43,1
BenchmarkTest00499,cmdi,CWE-78,65,1
BenchmarkTest00185,weakrand,CWE-330,73,0
BenchmarkTest02614,weakrand,CWE-330,79,0
BenchmarkTest02507,securecookie,CWE-614,70,1
BenchmarkTest00185,weakrand,CWE-330,93,0
BenchmarkTest00185,weakrand,CWE-330,44,0
BenchmarkTest00497,cmdi,CWE-78,43,1
BenchmarkTest02502,weakrand,CWE-330,62,1
BenchmarkTest00231,weakrand,CWE-330,69,1
BenchmarkTest00492,xss,CWE-79,43,1
BenchmarkTest00231,weakrand,CWE-330,52,1
BenchmarkTest00200,sqli,CWE-89,45,0
BenchmarkTest00493,xss,CWE-79,43,0
BenchmarkTest00231,weakrand,CWE-330,44,1
BenchmarkTest00184,weakrand,CWE-330,45,0
BenchmarkTest02615,weakrand,CWE-330,43,0
BenchmarkTest00230,weakrand,CWE-330,111,1
BenchmarkTest00494,cmdi,CWE-78,43,0
BenchmarkTest00200,sqli,CWE-89,44,0
BenchmarkTest00494,cmdi,CWE-78,86,0
BenchmarkTest00184,weakrand,CWE-330,72,0
BenchmarkTest00495,cmdi,CWE-78,43,1
BenchmarkTest00230,weakrand,CWE-330,100,1
BenchmarkTest00495,cmdi,CWE-78,72,1
BenchmarkTest00230,weakrand,CWE-330,99,1
BenchmarkTest02603,weakrand,CWE-330,43,1
BenchmarkTest00496,cmdi,CWE-78,43,1
BenchmarkTest00496,cmdi,CWE-78,66,1
BenchmarkTest02508,securecookie,CWE-614,43,0
BenchmarkTest02508,securecookie,CWE-614,73,0
BenchmarkTest02721,weakrand,CWE-330,60,0
BenchmarkTest02601,xss,CWE-79,43,0
BenchmarkTest00505,weakrand,CWE-330,92,0
BenchmarkTest00245,weakrand,CWE-330,92,0
BenchmarkTest00253,trustbound,CWE-501,52,0
BenchmarkTest00474,xss,CWE-79,43,0
BenchmarkTest02606,weakrand,CWE-330,93,1
BenchmarkTest00168,weakrand,CWE-330,61,1
BenchmarkTest00212,crypto,CWE-327,44,0
BenchmarkTest02718,weakrand,CWE-330,80,0
BenchmarkTest00245,weakrand,CWE-330,112,0
BenchmarkTest02520,weakrand,CWE-330,86,0
BenchmarkTest00253,trustbound,CWE-501,44,0
BenchmarkTest00212,crypto,CWE-327,52,0
BenchmarkTest00245,weakrand,CWE-330,132,0
BenchmarkTest00473,xss,CWE-79,43,1
BenchmarkTest02618,weakrand,CWE-330,75,0
BenchmarkTest00246,weakrand,CWE-330,44,0
BenchmarkTest00246,weakrand,CWE-330,52,0
BenchmarkTest02718,weakrand,CWE-330,60,0
BenchmarkTest02594,xss,CWE-79,43,0
BenchmarkTest02522,weakrand,CWE-330,83,0
BenchmarkTest02606,weakrand,CWE-330,73,1
BenchmarkTest00223,hash,CWE-328,52,1
BenchmarkTest02708,weakrand,CWE-330,80,1
BenchmarkTest02708,weakrand,CWE-330,91,1
BenchmarkTest00223,hash,CWE-328,44,1
BenchmarkTest00246,weakrand,CWE-330,87,0
BenchmarkTest00168,weakrand,CWE-330,45,1
BenchmarkTest02709,securecookie,CWE-614,67,1
BenchmarkTest00215,pathtraver,CWE-22,52,1
BenchmarkTest00527,pathtraver,CWE-22,48,1
BenchmarkTest00466,hash,CWE-328,43,0
BenchmarkTest02597,xss,CWE-79,43,1
BenchmarkTest00245,weakrand,CWE-330,79,0
BenchmarkTest02606,weakrand,CWE-330,94,1
BenchmarkTest00526,pathtraver,CWE-22,45,1
BenchmarkTest00476,xss,CWE-79,43,0
BenchmarkTest00216,pathtraver,CWE-22,52,1
BenchmarkTest00169,securecookie,CWE-614,44,1
BenchmarkTest00216,pathtraver,CWE-22,44,1
BenchmarkTest02523,trustbound,CWE-501,43,0
BenchmarkTest00168,weakrand,CWE-330,104,1
BenchmarkTest02607,securecookie,CWE-614,43,0
BenchmarkTest00244,weakrand,CWE-330,107,0
BenchmarkTest00211,crypto,CWE-327,44,0
BenchmarkTest00168,weakrand,CWE-330,93,1
BenchmarkTest02498,weakrand,CWE-330,94,1
BenchmarkTest00211,crypto,CWE-327,52,0
BenchmarkTest00526,pathtraver,CWE-22,48,1
BenchmarkTest00168,weakrand,CWE-330,44,1
BenchmarkTest00244,weakrand,CWE-330,127,0
BenchmarkTest02707,weakrand,CWE-330,90,1
BenchmarkTest00245,weakrand,CWE-330,44,0
BenchmarkTest00168,weakrand,CWE-330,72,1
BenchmarkTest02708,weakrand,CWE-330,48,1
BenchmarkTest02520,weakrand,CWE-330,64,0
BenchmarkTest00219,pathtraver,CWE-22,44,1
BenchmarkTest00245,weakrand,CWE-330,52,0
BenchmarkTest00475,xss,CWE-79,43,1
BenchmarkTest02499,weakrand,CWE-330,62,1
BenchmarkTest02708,weakrand,CWE-330,59,1
BenchmarkTest00167,weakrand,CWE-330,70,1
BenchmarkTest02604,weakrand,CWE-330,105,1
BenchmarkTest00254,crypto,CWE-327,44,1
BenchmarkTest00219,pathtraver,CWE-22,52,1
BenchmarkTest02606,weakrand,CWE-330,106,1
BenchmarkTest00472,xss,CWE-79,43,1
BenchmarkTest02521,weakrand,CWE-330,43,0
BenchmarkTest00246,weakrand,CWE-330,107,0
BenchmarkTest02710,securecookie,CWE-614,67,1
BenchmarkTest02499,weakrand,CWE-330,43,1
BenchmarkTest00221,pathtraver,CWE-22,52,0
BenchmarkTest00248,weakrand,CWE-330,52,0
BenchmarkTest02522,weakrand,CWE-330,63,0
BenchmarkTest02521,weakrand,CWE-330,83,0
BenchmarkTest02711,securecookie,CWE-614,70,0
BenchmarkTest00221,pathtraver,CWE-22,44,0
BenchmarkTest02715,weakrand,CWE-330,83,0
BenchmarkTest02715,weakrand,CWE-330,61,0
BenchmarkTest00248,weakrand,CWE-330,76,0
BenchmarkTest02595,xss,CWE-79,43,1
BenchmarkTest00248,weakrand,CWE-330,96,0
BenchmarkTest00469,xss,CWE-79,43,0
BenchmarkTest00528,pathtraver,CWE-22,48,1
BenchmarkTest00249,weakrand,CWE-330,44,0
BenchmarkTest00249,weakrand,CWE-330,52,0
BenchmarkTest00250,trustbound,CWE-501,52,0
BenchmarkTest00468,xss,CWE-79,43,0
BenchmarkTest00220,pathtraver,CWE-22,44,0
BenchmarkTest00249,weakrand,CWE-330,76,0
BenchmarkTest00214,crypto,CWE-327,44,0
BenchmarkTest00529,pathtraver,CWE-22,45,1
BenchmarkTest02618,weakrand,CWE-330,97,0
BenchmarkTest00249,weakrand,CWE-330,96,0
BenchmarkTest00467,xss,CWE-79,43,1
BenchmarkTest00250,trustbound,CWE-501,44,0
BenchmarkTest00214,crypto,CWE-327,52,0
BenchmarkTest00220,pathtraver,CWE-22,52,0
BenchmarkTest00529,pathtraver,CWE-22,48,1
BenchmarkTest02522,weakrand,CWE-330,43,0
BenchmarkTest00244,weakrand,CWE-330,87,0
BenchmarkTest00248,weakrand,CWE-330,44,0
BenchmarkTest00247,weakrand,CWE-330,103,0
BenchmarkTest02596,xss,CWE-79,43,0
BenchmarkTest00252,trustbound,CWE-501,52,0
BenchmarkTest02605,weakrand,CWE-330,62,1
BenchmarkTest00215,pathtraver,CWE-22,44,1
BenchmarkTest00222,pathtraver,CWE-22,52,1
BenchmarkTest00247,weakrand,CWE-330,44,0
BenchmarkTest02499,weakrand,CWE-330,51,1
BenchmarkTest00252,trustbound,CWE-501,44,0
BenchmarkTest02717,weakrand,CWE-330,80,0
BenchmarkTest00471,xss,CWE-79,43,0
BenchmarkTest00251,trustbound,CWE-501,52,1
BenchmarkTest00247,weakrand,CWE-330,52,0
BenchmarkTest02605,weakrand,CWE-330,43,1
BenchmarkTest00222,pathtraver,CWE-22,44,1
BenchmarkTest00528,pathtraver,CWE-22,45,1
BenchmarkTest02521,weakrand,CWE-330,63,0
BenchmarkTest00247,weakrand,CWE-330,81,0
BenchmarkTest00167,weakrand,CWE-330,102,1
BenchmarkTest02606,weakrand,CWE-330,43,1
BenchmarkTest00167,weakrand,CWE-330,91,1
BenchmarkTest00213,crypto,CWE-327,44,0
BenchmarkTest02717,weakrand,CWE-330,60,0
BenchmarkTest00213,crypto,CWE-327,52,0
BenchmarkTest00251,trustbound,CWE-501,44,1
BenchmarkTest02716,weakrand,CWE-330,80,0
BenchmarkTest02716,weakrand,CWE-330,60,0
BenchmarkTest00470,xss,CWE-79,43,0
BenchmarkTest02606,weakrand,CWE-330,62,1
BenchmarkTest00465,hash,CWE-328,43,1
BenchmarkTest00527,pathtraver,CWE-22,45,1
BenchmarkTest02706,weakrand,CWE-330,79,1
BenchmarkTest00243,weakrand,CWE-330,106,0
BenchmarkTest00171,cmdi,CWE-78,44,0
BenchmarkTest00241,securecookie,CWE-614,89,1
BenchmarkTest02706,weakrand,CWE-330,90,1
BenchmarkTest00464,hash,CWE-328,43,1
BenchmarkTest00171,cmdi,CWE-78,45,0
BenchmarkTest00243,weakrand,CWE-330,126,0
BenchmarkTest00218,pathtraver,CWE-22,52,1
BenchmarkTest00480,cmdi,CWE-78,43,1
BenchmarkTest02525,trustbound,CWE-501,43,1
BenchmarkTest00170,securecookie,CWE-614,44,1
BenchmarkTest00224,hash,CWE-328,52,0
BenchmarkTest02605,weakrand,CWE-330,105,1
BenchmarkTest02604,weakrand,CWE-330,93,1
BenchmarkTest00243,weakrand,CWE-330,52,0
BenchmarkTest02604,weakrand,CWE-330,94,1
BenchmarkTest02720,weakrand,CWE-330,60,0
BenchmarkTest02599,xss,CWE-79,43,0
BenchmarkTest02519,weakrand,CWE-330,64,0
BenchmarkTest02598,xss,CWE-79,43,1
BenchmarkTest02499,weakrand,CWE-330,95,1
BenchmarkTest00241,securecookie,CWE-614,52,1
BenchmarkTest00210,crypto,CWE-327,44,1
BenchmarkTest02520,weakrand,CWE-330,43,0
BenchmarkTest00242,securecookie,CWE-614,44,0
BenchmarkTest00479,xss,CWE-79,43,0
BenchmarkTest00478,xss,CWE-79,43,1
BenchmarkTest02605,weakrand,CWE-330,73,1
BenchmarkTest02605,weakrand,CWE-330,94,1
BenchmarkTest00167,weakrand,CWE-330,59,1
BenchmarkTest02519,weakrand,CWE-330,86,0
BenchmarkTest00243,weakrand,CWE-330,70,0
BenchmarkTest00530,ldapi,CWE-90,48,0
BenchmarkTest00170,securecookie,CWE-614,45,1
BenchmarkTest00525,pathtraver,CWE-22,48,1
BenchmarkTest02499,weakrand,CWE-330,83,1
BenchmarkTest00525,pathtraver,CWE-22,45,1
BenchmarkTest00243,weakrand,CWE-330,44,0
BenchmarkTest00530,ldapi,CWE-90,45,0
BenchmarkTest00170,securecookie,CWE-614,88,1
BenchmarkTest02707,weakrand,CWE-330,48,1
BenchmarkTest00243,weakrand,CWE-330,86,0
BenchmarkTest00242,securecookie,CWE-614,96,0
BenchmarkTest00210,crypto,CWE-327,52,1
BenchmarkTest00224,hash,CWE-328,44,0
BenchmarkTest00242,securecookie,CWE-614,52,0
BenchmarkTest00218,pathtraver,CWE-22,44,1
BenchmarkTest02526,trustbound,CWE-501,43,1
BenchmarkTest00477,xss,CWE-79,43,1
BenchmarkTest00244,weakrand,CWE-330,44,0
BenchmarkTest02618,weakrand,CWE-330,43,0
BenchmarkTest00241,securecookie,CWE-614,44,1
BenchmarkTest00463,hash,CWE-328,43,0
BenchmarkTest00255,crypto,CWE-327,44,0
BenchmarkTest02719,weakrand,CWE-330,80,0
BenchmarkTest02617,weakrand,CWE-330,99,0
BenchmarkTest00244,weakrand,CWE-330,71,0
BenchmarkTest02528,sqli,CWE-89,43,1
BenchmarkTest02499,weakrand,CWE-330,82,1
BenchmarkTest02719,weakrand,CWE-330,60,0
BenchmarkTest00217,pathtraver,CWE-22,44,0
BenchmarkTest02707,weakrand,CWE-330,79,1
BenchmarkTest02498,weakrand,CWE-330,82,1
BenchmarkTest02498,weakrand,CWE-330,83,1
BenchmarkTest02524,trustbound,CWE-501,43,1
BenchmarkTest02720,weakrand,CWE-330,80,0
BenchmarkTest00240,weakrand,CWE-330,108,1
BenchmarkTest02527,trustbound,CWE-501,43,1
BenchmarkTest00169,securecookie,CWE-614,45,1
BenchmarkTest02707,weakrand,CWE-330,59,1
BenchmarkTest00169,securecookie,CWE-614,84,1
BenchmarkTest00244,weakrand,CWE-330,52,0
BenchmarkTest01323,crypto,CWE-327,64,1
BenchmarkTest00691,crypto,CWE-327,74,1
BenchmarkTest01398,crypto,CWE-327,73,1
BenchmarkTest00053,crypto,CWE-327,84,1
BenchmarkTest01484,crypto,CWE-327,60,1
BenchmarkTest00005,crypto,CWE-327,65,1
BenchmarkTest01322,crypto,CWE-327,64,1
BenchmarkTest00615,crypto,CWE-327,68,1
BenchmarkTest01318,crypto,CWE-327,64,1
BenchmarkTest01150,crypto,CWE-327,66,1
BenchmarkTest00781,crypto,CWE-327,75,1
BenchmarkTest01320,crypto,CWE-327,64,1
BenchmarkTest00614,crypto,CWE-327,72,1
BenchmarkTest00446,crypto,CWE-327,72,1
BenchmarkTest00120,crypto,CWE-327,70,1
BenchmarkTest01822,crypto,CWE-327,76,1
BenchmarkTest02550,crypto,CWE-327,73,1
BenchmarkTest00857,crypto,CWE-327,80,1
BenchmarkTest02294,crypto,CWE-327,73,1
BenchmarkTest01149,crypto,CWE-327,66,1
BenchmarkTest00688,crypto,CWE-327,68,1
BenchmarkTest02661,crypto,CWE-327,59,1
BenchmarkTest01483,crypto,CWE-327,60,1
BenchmarkTest01823,crypto,CWE-327,76,1
BenchmarkTest01317,crypto,CWE-327,64,1
BenchmarkTest02658,crypto,CWE-327,59,1
BenchmarkTest01015,crypto,CWE-327,64,1
BenchmarkTest01018,crypto,CWE-327,64,1
BenchmarkTest01017,crypto,CWE-327,64,1
BenchmarkTest00125,crypto,CWE-327,66,1
BenchmarkTest01634,crypto,CWE-327,73,1
BenchmarkTest00684,crypto,CWE-327,64,1
BenchmarkTest00055,crypto,CWE-327,78,1
BenchmarkTest02192,crypto,CWE-327,64,1
BenchmarkTest01486,crypto,CWE-327,60,1
BenchmarkTest01895,crypto,CWE-327,64,1
BenchmarkTest02295,crypto,CWE-327,73,1
BenchmarkTest00445,crypto,CWE-327,79,1
BenchmarkTest00692,crypto,CWE-327,64,1
BenchmarkTest02193,crypto,CWE-327,64,1
BenchmarkTest00521,crypto,CWE-327,81,1
BenchmarkTest00050,crypto,CWE-327,60,1
BenchmarkTest02660,crypto,CWE-327,59,1
BenchmarkTest00056,crypto,CWE-327,88,1
BenchmarkTest00693,crypto,CWE-327,67,1
BenchmarkTest01016,crypto,CWE-327,64,1
BenchmarkTest00258,crypto,CWE-327,68,1
BenchmarkTest00119,crypto,CWE-327,79,1
BenchmarkTest00685,crypto,CWE-327,68,1
BenchmarkTest00608,crypto,CWE-327,72,1
BenchmarkTest01099,crypto,CWE-327,73,1
BenchmarkTest02290,crypto,CWE-327,73,1
BenchmarkTest00210,crypto,CWE-327,78,1
BenchmarkTest01480,crypto,CWE-327,60,1
BenchmarkTest00855,crypto,CWE-327,71,1
BenchmarkTest02549,crypto,CWE-327,73,1
BenchmarkTest00257,crypto,CWE-327,69,1
BenchmarkTest01898,crypto,CWE-327,64,1
BenchmarkTest01639,crypto,CWE-327,73,1
BenchmarkTest01638,crypto,CWE-327,73,1
BenchmarkTest00853,crypto,CWE-327,62,1
BenchmarkTest01229,crypto,CWE-327,59,1
BenchmarkTest02017,crypto,CWE-327,66,1
BenchmarkTest00610,crypto,CWE-327,76,1
BenchmarkTest02018,crypto,CWE-327,66,1
BenchmarkTest01637,crypto,CWE-327,73,1
BenchmarkTest01102,crypto,CWE-327,73,1
BenchmarkTest01565,crypto,CWE-327,62,1
BenchmarkTest01228,crypto,CWE-327,59,1
BenchmarkTest00057,crypto,CWE-327,84,1
BenchmarkTest00208,crypto,CWE-327,81,1
BenchmarkTest02019,crypto,CWE-327,66,1
BenchmarkTest02293,crypto,CWE-327,73,1
BenchmarkTest02373,crypto,CWE-327,60,1
BenchmarkTest01103,crypto,CWE-327,73,1
BenchmarkTest00020,crypto,CWE-327,60,1
BenchmarkTest00123,crypto,CWE-327,66,1
BenchmarkTest02194,crypto,CWE-327,64,1
BenchmarkTest00779,crypto,CWE-327,75,1
BenchmarkTest02195,crypto,CWE-327,64,1
BenchmarkTest02458,crypto,CWE-327,62,1
BenchmarkTest02548,crypto,CWE-327,73,1
BenchmarkTest00256,crypto,CWE-327,78,1
BenchmarkTest00609,crypto,CWE-327,63,1
BenchmarkTest00611,crypto,CWE-327,68,1
BenchmarkTest00522,crypto,CWE-327,81,1
BenchmarkTest00124,crypto,CWE-327,72,1
BenchmarkTest02020,crypto,CWE-327,66,1
BenchmarkTest00856,crypto,CWE-327,74,1
BenchmarkTest00254,crypto,CWE-327,72,1
BenchmarkTest01978,crypto,CWE-327,73,1
BenchmarkTest02374,crypto,CWE-327,60,1
BenchmarkTest02291,crypto,CWE-327,73,1
BenchmarkTest01897,crypto,CWE-327,64,1
BenchmarkTest02101,crypto,CWE-327,59,1
BenchmarkTest01148,crypto,CWE-327,66,1
BenchmarkTest02292,crypto,CWE-327,73,1
BenchmarkTest02595,xss,CWE-79,52,1
BenchmarkTest02618,weakrand,CWE-330,55,0
BenchmarkTest02135,xss,CWE-79,63,0
BenchmarkTest02134,xss,CWE-79,57,1
BenchmarkTest02391,hash,CWE-328,77,1
BenchmarkTest02044,hash,CWE-328,83,0
BenchmarkTest02601,xss,CWE-79,45,0
BenchmarkTest02618,weakrand,CWE-330,69,0
BenchmarkTest02520,weakrand,CWE-330,66,0
BenchmarkTest02050,xss,CWE-79,67,1
BenchmarkTest02427,securecookie,CWE-614,83,1
BenchmarkTest02597,xss,CWE-79,55,1
BenchmarkTest01857,weakrand,CWE-330,78,1
BenchmarkTest01846,hash,CWE-328,98,1
BenchmarkTest02530,sqli,CWE-89,77,1
BenchmarkTest02702,weakrand,CWE-330,61,1
BenchmarkTest02617,weakrand,CWE-330,45,0
BenchmarkTest02418,weakrand,CWE-330,54,1
BenchmarkTest02135,xss,CWE-79,59,0
BenchmarkTest02061,weakrand,CWE-330,68,1
BenchmarkTest02718,weakrand,CWE-330,105,0
BenchmarkTest01847,hash,CWE-328,98,0
BenchmarkTest02427,securecookie,CWE-614,55,1
BenchmarkTest02426,weakrand,CWE-330,104,1
BenchmarkTest02392,hash,CWE-328,60,1
BenchmarkTest02601,xss,CWE-79,47,0
BenchmarkTest01864,cmdi,CWE-78,75,1
BenchmarkTest02061,weakrand,CWE-330,109,1
BenchmarkTest02426,weakrand,CWE-330,62,1
BenchmarkTest01857,weakrand,CWE-330,70,1
BenchmarkTest01847,hash,CWE-328,81,0
BenchmarkTest02418,weakrand,CWE-330,62,1
BenchmarkTest02406,xss,CWE-79,60,0
BenchmarkTest02416,weakrand,CWE-330,54,1
BenchmarkTest02132,xss,CWE-79,59,1
BenchmarkTest02434,weakrand,CWE-330,60,0
BenchmarkTest02132,xss,CWE-79,63,1
BenchmarkTest02597,xss,CWE-79,47,1
BenchmarkTest01866,weakrand,CWE-330,81,0
BenchmarkTest02141,weakrand,CWE-330,53,1
BenchmarkTest02597,xss,CWE-79,45,1
BenchmarkTest02416,weakrand,CWE-330,62,1
BenchmarkTest01866,weakrand,CWE-330,73,0
BenchmarkTest02062,weakrand,CWE-330,112,1
BenchmarkTest02062,weakrand,CWE-330,108,1
BenchmarkTest02616,weakrand,CWE-330,70,0
BenchmarkTest02719,weakrand,CWE-330,62,0
BenchmarkTest01845,hash,CWE-328,81,1
BenchmarkTest02594,xss,CWE-79,52,0
BenchmarkTest02145,xss,CWE-79,59,1
BenchmarkTest02705,weakrand,CWE-330,100,1
BenchmarkTest02048,xss,CWE-79,71,0
BenchmarkTest02063,weakrand,CWE-330,60,1
BenchmarkTest02390,hash,CWE-328,57,0
BenchmarkTest02616,weakrand,CWE-330,56,0
BenchmarkTest02519,weakrand,CWE-330,110,0
BenchmarkTest02594,xss,CWE-79,45,0
BenchmarkTest02434,weakrand,CWE-330,68,0
BenchmarkTest01844,hash,CWE-328,98,1
BenchmarkTest01858,weakrand,CWE-330,70,1
BenchmarkTest02700,weakrand,CWE-330,62,1
BenchmarkTest01844,hash,CWE-328,121,1
BenchmarkTest02602,weakrand,CWE-330,47,1
BenchmarkTest01844,hash,CWE-328,125,1
BenchmarkTest02145,xss,CWE-79,63,1
BenchmarkTest02594,xss,CWE-79,47,0
BenchmarkTest01858,weakrand,CWE-330,78,1
BenchmarkTest02048,xss,CWE-79,67,0
BenchmarkTest02417,weakrand,CWE-330,104,1
BenchmarkTest02594,xss,CWE-79,55,0
BenchmarkTest02531,sqli,CWE-89,79,1
BenchmarkTest02062,weakrand,CWE-330,60,1
BenchmarkTest02719,weakrand,CWE-330,54,0
BenchmarkTest02595,xss,CWE-79,45,1
BenchmarkTest02718,weakrand,CWE-330,109,0
BenchmarkTest02417,weakrand,CWE-330,62,1
BenchmarkTest02520,weakrand,CWE-330,58,0
BenchmarkTest02702,weakrand,CWE-330,53,1
BenchmarkTest01846,hash,CWE-328,81,1
BenchmarkTest02706,weakrand,CWE-330,61,1
BenchmarkTest02595,xss,CWE-79,47,1
BenchmarkTest02601,xss,CWE-79,55,0
BenchmarkTest01864,cmdi,CWE-78,94,1
BenchmarkTest02601,xss,CWE-79,52,0
BenchmarkTest02428,cmdi,CWE-78,58,0
BenchmarkTest02597,xss,CWE-79,52,1
BenchmarkTest02601,xss,CWE-79,56,0
BenchmarkTest02144,securecookie,CWE-614,54,0
BenchmarkTest02594,xss,CWE-79,74,0
BenchmarkTest02417,weakrand,CWE-330,54,1
BenchmarkTest02390,hash,CWE-328,94,0
BenchmarkTest02390,hash,CWE-328,98,0
BenchmarkTest02602,weakrand,CWE-330,45,1
BenchmarkTest02701,weakrand,CWE-330,54,1
BenchmarkTest02133,xss,CWE-79,60,1
BenchmarkTest02618,weakrand,CWE-330,56,0
BenchmarkTest02701,weakrand,CWE-330,62,1
BenchmarkTest01845,hash,CWE-328,98,1
BenchmarkTest02391,hash,CWE-328,60,1
BenchmarkTest02062,weakrand,CWE-330,68,1
BenchmarkTest01845,hash,CWE-328,122,1
BenchmarkTest01865,cmdi,CWE-78,75,0
BenchmarkTest02594,xss,CWE-79,56,0
BenchmarkTest02616,weakrand,CWE-330,78,0
BenchmarkTest02390,hash,CWE-328,74,0
BenchmarkTest02596,xss,CWE-79,56,0
BenchmarkTest02137,cmdi,CWE-78,80,1
BenchmarkTest02702,weakrand,CWE-330,103,1
BenchmarkTest02708,weakrand,CWE-330,61,1
BenchmarkTest02715,weakrand,CWE-330,63,0
BenchmarkTest02704,weakrand,CWE-330,61,1
BenchmarkTest02403,xss,CWE-79,61,1
BenchmarkTest02423,weakrand,CWE-330,62,1
BenchmarkTest02060,weakrand,CWE-330,60,1
BenchmarkTest02420,weakrand,CWE-330,54,1
BenchmarkTest02618,weakrand,CWE-330,45,0
BenchmarkTest02596,xss,CWE-79,52,0
BenchmarkTest02420,weakrand,CWE-330,62,1
BenchmarkTest01855,weakrand,CWE-330,70,1
BenchmarkTest02403,xss,CWE-79,65,1
BenchmarkTest01853,weakrand,CWE-330,71,1
BenchmarkTest02408,xss,CWE-79,60,0
BenchmarkTest02715,weakrand,CWE-330,55,0
BenchmarkTest02397,xss,CWE-79,59,1
BenchmarkTest02704,weakrand,CWE-330,53,1
BenchmarkTest02138,weakrand,CWE-330,62,1
BenchmarkTest01852,cmdi,CWE-78,96,1
BenchmarkTest02716,weakrand,CWE-330,54,0
BenchmarkTest02598,xss,CWE-79,47,1
BenchmarkTest01855,weakrand,CWE-330,78,1
BenchmarkTest02396,xss,CWE-79,61,1
BenchmarkTest02408,xss,CWE-79,64,0
BenchmarkTest01861,securecookie,CWE-614,71,1
BenchmarkTest02053,xss,CWE-79,67,0
BenchmarkTest02599,xss,CWE-79,73,0
BenchmarkTest02522,weakrand,CWE-330,109,0
BenchmarkTest02138,weakrand,CWE-330,54,1
BenchmarkTest02047,xss,CWE-79,66,1
BenchmarkTest02419,weakrand,CWE-330,104,1
BenchmarkTest02419,weakrand,CWE-330,108,1
BenchmarkTest02600,xss,CWE-79,47,1
BenchmarkTest02396,xss,CWE-79,65,1
BenchmarkTest02600,xss,CWE-79,45,1
BenchmarkTest02617,weakrand,CWE-330,73,0
BenchmarkTest02596,xss,CWE-79,47,0
BenchmarkTest02704,weakrand,CWE-330,102,1
BenchmarkTest02599,xss,CWE-79,56,0
BenchmarkTest02421,weakrand,CWE-330,62,1
BenchmarkTest02599,xss,CWE-79,47,0
BenchmarkTest02598,xss,CWE-79,52,1
BenchmarkTest02139,weakrand,CWE-330,53,1
BenchmarkTest02599,xss,CWE-79,45,0
BenchmarkTest02598,xss,CWE-79,55,1
BenchmarkTest02617,weakrand,CWE-330,125,0
BenchmarkTest02617,weakrand,CWE-330,129,0
BenchmarkTest02139,weakrand,CWE-330,61,1
BenchmarkTest02422,weakrand,CWE-330,54,1
BenchmarkTest02711,securecookie,CWE-614,54,0
BenchmarkTest01854,weakrand,CWE-330,70,1
BenchmarkTest02522,weakrand,CWE-330,65,0
BenchmarkTest01854,weakrand,CWE-330,78,1
BenchmarkTest02598,xss,CWE-79,56,1
BenchmarkTest02598,xss,CWE-79,74,1
BenchmarkTest01860,weakrand,CWE-330,70,1
BenchmarkTest02423,weakrand,CWE-330,102,1
BenchmarkTest02421,weakrand,CWE-330,54,1
BenchmarkTest02522,weakrand,CWE-330,57,0
BenchmarkTest02420,weakrand,CWE-330,103,1
BenchmarkTest02423,weakrand,CWE-330,54,1
BenchmarkTest02599,xss,CWE-79,55,0
BenchmarkTest01853,weakrand,CWE-330,79,1
BenchmarkTest02138,weakrand,CWE-330,104,1
BenchmarkTest02709,securecookie,CWE-614,54,1
BenchmarkTest01860,weakrand,CWE-330,78,1
BenchmarkTest02422,weakrand,CWE-330,62,1
BenchmarkTest02709,securecookie,CWE-614,85,1
BenchmarkTest02404,xss,CWE-79,61,0
BenchmarkTest01854,weakrand,CWE-330,124,1
BenchmarkTest01854,weakrand,CWE-330,120,1
BenchmarkTest01853,weakrand,CWE-330,120,1
BenchmarkTest02599,xss,CWE-79,52,0
BenchmarkTest02407,xss,CWE-79,59,1
BenchmarkTest02710,securecookie,CWE-614,54,1
BenchmarkTest02617,weakrand,CWE-330,81,0
BenchmarkTest02597,xss,CWE-79,56,1
BenchmarkTest02423,weakrand,CWE-330,106,1
BenchmarkTest02395,xss,CWE-79,59,1
BenchmarkTest02045,xss,CWE-79,70,0
BenchmarkTest02051,xss,CWE-79,68,1
BenchmarkTest02717,weakrand,CWE-330,103,0
BenchmarkTest02392,hash,CWE-328,77,1
BenchmarkTest02425,weakrand,CWE-330,62,1
BenchmarkTest02600,xss,CWE-79,78,1
BenchmarkTest02617,weakrand,CWE-330,55,0
BenchmarkTest02595,xss,CWE-79,56,1
BenchmarkTest02393,hash,CWE-328,60,1
BenchmarkTest02703,weakrand,CWE-330,53,1
BenchmarkTest01859,weakrand,CWE-330,78,1
BenchmarkTest02705,weakrand,CWE-330,61,1
BenchmarkTest02600,xss,CWE-79,56,1
BenchmarkTest02703,weakrand,CWE-330,61,1
BenchmarkTest02425,weakrand,CWE-330,54,1
BenchmarkTest02707,weakrand,CWE-330,61,1
BenchmarkTest02617,weakrand,CWE-330,52,0
BenchmarkTest02595,xss,CWE-79,55,1
BenchmarkTest02143,securecookie,CWE-614,54,0
BenchmarkTest02141,weakrand,CWE-330,61,1
BenchmarkTest02061,weakrand,CWE-330,60,1
BenchmarkTest02415,weakrand,CWE-330,63,1
BenchmarkTest02718,weakrand,CWE-330,62,0
BenchmarkTest01859,weakrand,CWE-330,70,1
BenchmarkTest02707,weakrand,CWE-330,53,1
BenchmarkTest02426,weakrand,CWE-330,54,1
BenchmarkTest02140,weakrand,CWE-330,61,1
BenchmarkTest02520,weakrand,CWE-330,111,0
BenchmarkTest02617,weakrand,CWE-330,47,0
BenchmarkTest02597,xss,CWE-79,72,1
BenchmarkTest02136,xss,CWE-79,64,1
BenchmarkTest02718,weakrand,CWE-330,54,0
BenchmarkTest01863,securecookie,CWE-614,71,0
BenchmarkTest01844,hash,CWE-328,81,1
BenchmarkTest01848,hash,CWE-328,90,0
BenchmarkTest01848,hash,CWE-328,73,0
BenchmarkTest01849,hash,CWE-328,73,0
BenchmarkTest02521,weakrand,CWE-330,57,0
BenchmarkTest01862,securecookie,CWE-614,71,0
BenchmarkTest01849,hash,CWE-328,117,0
BenchmarkTest02060,weakrand,CWE-330,68,1
BenchmarkTest01861,securecookie,CWE-614,101,1
BenchmarkTest02140,weakrand,CWE-330,53,1
BenchmarkTest02717,weakrand,CWE-330,54,0
BenchmarkTest02707,weakrand,CWE-330,101,1
BenchmarkTest02716,weakrand,CWE-330,109,0
BenchmarkTest02419,weakrand,CWE-330,62,1
BenchmarkTest01850,cmdi,CWE-78,96,1
BenchmarkTest02716,weakrand,CWE-330,105,0
BenchmarkTest02598,xss,CWE-79,45,1
BenchmarkTest02393,hash,CWE-328,97,1
BenchmarkTest02393,hash,CWE-328,101,1
BenchmarkTest02716,weakrand,CWE-330,62,0
BenchmarkTest02424,weakrand,CWE-330,54,1
BenchmarkTest02708,weakrand,CWE-330,53,1
BenchmarkTest02596,xss,CWE-79,45,0
BenchmarkTest02413,cmdi,CWE-78,82,0
BenchmarkTest02705,weakrand,CWE-330,53,1
BenchmarkTest02600,xss,CWE-79,55,1
BenchmarkTest02618,weakrand,CWE-330,77,0
BenchmarkTest01856,weakrand,CWE-330,78,1
BenchmarkTest02618,weakrand,CWE-330,52,0
BenchmarkTest02142,securecookie,CWE-614,54,1
BenchmarkTest02419,weakrand,CWE-330,54,1
BenchmarkTest02617,weakrand,CWE-330,56,0
BenchmarkTest01856,weakrand,CWE-330,70,1
BenchmarkTest02600,xss,CWE-79,52,1
BenchmarkTest02717,weakrand,CWE-330,62,0
BenchmarkTest01849,hash,CWE-328,113,0
BenchmarkTest02618,weakrand,CWE-330,47,0
BenchmarkTest02393,hash,CWE-328,77,1
BenchmarkTest02596,xss,CWE-79,55,0
BenchmarkTest02415,weakrand,CWE-330,55,1
BenchmarkTest02424,weakrand,CWE-330,62,1
BenchmarkTest02521,weakrand,CWE-330,65,0
BenchmarkTest01849,hash,CWE-328,90,0
BenchmarkTest02706,weakrand,CWE-330,53,1
BenchmarkTest02509,xss,CWE-79,63,0
BenchmarkTest02602,weakrand,CWE-330,52,1
BenchmarkTest02608,xss,CWE-79,52,1
BenchmarkTest02083,weakrand,CWE-330,61,0
BenchmarkTest02477,hash,CWE-328,59,0
BenchmarkTest01762,hash,CWE-328,73,0
BenchmarkTest01762,hash,CWE-328,96,0
BenchmarkTest01763,hash,CWE-328,56,0
BenchmarkTest02501,weakrand,CWE-330,64,1
BenchmarkTest02604,weakrand,CWE-330,47,1
BenchmarkTest02117,weakrand,CWE-330,53,1
BenchmarkTest01763,hash,CWE-328,73,0
BenchmarkTest02476,hash,CWE-328,76,1
BenchmarkTest02083,weakrand,CWE-330,69,0
BenchmarkTest01764,hash,CWE-328,56,0
BenchmarkTest02608,xss,CWE-79,55,1
BenchmarkTest02608,xss,CWE-79,56,1
BenchmarkTest01764,hash,CWE-328,73,0
BenchmarkTest01765,hash,CWE-328,59,1
BenchmarkTest02476,hash,CWE-328,59,1
BenchmarkTest02082,weakrand,CWE-330,61,0
BenchmarkTest02501,weakrand,CWE-330,105,1
BenchmarkTest02475,hash,CWE-328,76,1
BenchmarkTest01765,hash,CWE-328,76,1
BenchmarkTest02117,weakrand,CWE-330,61,1
BenchmarkTest02082,weakrand,CWE-330,69,0
BenchmarkTest01762,hash,CWE-328,56,0
BenchmarkTest01761,hash,CWE-328,73,1
BenchmarkTest02604,weakrand,CWE-330,52,1
BenchmarkTest02479,hash,CWE-328,79,0
BenchmarkTest02500,weakrand,CWE-330,64,1
BenchmarkTest02607,securecookie,CWE-614,68,0
BenchmarkTest02089,sqli,CWE-89,82,0
BenchmarkTest02479,hash,CWE-328,62,0
BenchmarkTest01756,ldapi,CWE-90,104,0
BenchmarkTest01757,hash,CWE-328,64,1
BenchmarkTest01757,hash,CWE-328,81,1
BenchmarkTest02478,hash,CWE-328,79,1
BenchmarkTest01758,hash,CWE-328,64,0
BenchmarkTest02604,weakrand,CWE-330,67,1
BenchmarkTest01758,hash,CWE-328,81,0
BenchmarkTest02500,weakrand,CWE-330,104,1
BenchmarkTest01758,hash,CWE-328,107,0
BenchmarkTest02477,hash,CWE-328,76,0
BenchmarkTest02477,hash,CWE-328,96,0
BenchmarkTest02477,hash,CWE-328,100,0
BenchmarkTest02501,weakrand,CWE-330,56,1
BenchmarkTest01761,hash,CWE-328,56,1
BenchmarkTest01760,hash,CWE-328,81,0
BenchmarkTest01766,hash,CWE-328,59,1
BenchmarkTest02608,xss,CWE-79,47,1
BenchmarkTest02608,xss,CWE-79,45,1
BenchmarkTest01760,hash,CWE-328,64,0
BenchmarkTest02478,hash,CWE-328,62,1
BenchmarkTest01759,hash,CWE-328,81,0
BenchmarkTest02604,weakrand,CWE-330,56,1
BenchmarkTest01759,hash,CWE-328,64,0
BenchmarkTest02604,weakrand,CWE-330,55,1
BenchmarkTest02609,xss,CWE-79,45,0
BenchmarkTest01782,weakrand,CWE-330,53,1
BenchmarkTest01782,weakrand,CWE-330,61,1
BenchmarkTest02503,weakrand,CWE-330,56,1
BenchmarkTest02503,weakrand,CWE-330,64,1
BenchmarkTest02473,weakrand,CWE-330,64,1
BenchmarkTest02503,weakrand,CWE-330,104,1
BenchmarkTest01783,weakrand,CWE-330,53,1
BenchmarkTest02473,weakrand,CWE-330,56,1
BenchmarkTest01783,weakrand,CWE-330,61,1
BenchmarkTest02503,weakrand,CWE-330,108,1
BenchmarkTest02081,weakrand,CWE-330,61,0
BenchmarkTest01784,weakrand,CWE-330,53,1
BenchmarkTest02609,xss,CWE-79,52,0
BenchmarkTest01786,weakrand,CWE-330,53,1
BenchmarkTest02080,weakrand,CWE-330,69,0
BenchmarkTest01785,weakrand,CWE-330,61,1
BenchmarkTest02474,hash,CWE-328,59,1
BenchmarkTest02471,pathtraver,CWE-22,91,0
BenchmarkTest01785,weakrand,CWE-330,53,1
BenchmarkTest02609,xss,CWE-79,56,0
BenchmarkTest01784,weakrand,CWE-330,61,1
BenchmarkTest02609,xss,CWE-79,55,0
BenchmarkTest02504,weakrand,CWE-330,56,1
BenchmarkTest01751,pathtraver,CWE-22,84,0
BenchmarkTest01766,hash,CWE-328,76,1
BenchmarkTest01766,hash,CWE-328,96,1
BenchmarkTest02475,hash,CWE-328,59,1
BenchmarkTest01767,xss,CWE-79,62,0
BenchmarkTest02604,weakrand,CWE-330,45,1
BenchmarkTest02502,weakrand,CWE-330,56,1
BenchmarkTest02081,weakrand,CWE-330,116,0
BenchmarkTest02081,weakrand,CWE-330,112,0
BenchmarkTest01771,xss,CWE-79,61,0
BenchmarkTest01771,xss,CWE-79,65,0
BenchmarkTest02474,hash,CWE-328,76,1
BenchmarkTest01775,xss,CWE-79,61,0
BenchmarkTest02502,weakrand,CWE-330,64,1
BenchmarkTest01781,weakrand,CWE-330,61,1
BenchmarkTest02609,xss,CWE-79,47,0
BenchmarkTest01781,weakrand,CWE-330,53,1
BenchmarkTest02081,weakrand,CWE-330,69,0
BenchmarkTest02603,weakrand,CWE-330,115,1
BenchmarkTest01777,xss,CWE-79,65,0
BenchmarkTest02118,hash,CWE-328,64,1
BenchmarkTest02604,weakrand,CWE-330,75,1
BenchmarkTest02607,securecookie,CWE-614,56,0
BenchmarkTest01732,sqli,CWE-89,52,0
BenchmarkTest01732,sqli,CWE-89,55,0
BenchmarkTest01732,sqli,CWE-89,56,0
BenchmarkTest02103,crypto,CWE-327,146,0
BenchmarkTest01732,sqli,CWE-89,89,0
BenchmarkTest02605,weakrand,CWE-330,116,1
BenchmarkTest02497,weakrand,CWE-330,109,1
BenchmarkTest02497,weakrand,CWE-330,105,1
BenchmarkTest01733,sqli,CWE-89,45,1
BenchmarkTest01733,sqli,CWE-89,47,1
BenchmarkTest01733,sqli,CWE-89,52,1
BenchmarkTest01733,sqli,CWE-89,55,1
BenchmarkTest01733,sqli,CWE-89,56,1
BenchmarkTest02605,weakrand,CWE-330,67,1
BenchmarkTest02103,crypto,CWE-327,91,0
BenchmarkTest01734,xpathi,CWE-643,45,1
BenchmarkTest01734,xpathi,CWE-643,47,1
BenchmarkTest01734,xpathi,CWE-643,52,1
BenchmarkTest01734,xpathi,CWE-643,55,1
BenchmarkTest01734,xpathi,CWE-643,56,1
BenchmarkTest02606,weakrand,CWE-330,45,1
BenchmarkTest01734,xpathi,CWE-643,79,1
BenchmarkTest02605,weakrand,CWE-330,56,1
BenchmarkTest01734,xpathi,CWE-643,106,1
BenchmarkTest01735,xpathi,CWE-643,45,0
BenchmarkTest01735,xpathi,CWE-643,47,0
BenchmarkTest01735,xpathi,CWE-643,52,0
BenchmarkTest02498,weakrand,CWE-330,103,1
BenchmarkTest01735,xpathi,CWE-643,55,0
BenchmarkTest01732,sqli,CWE-89,47,0
BenchmarkTest01732,sqli,CWE-89,45,0
BenchmarkTest01728,sqli,CWE-89,47,1
BenchmarkTest01728,sqli,CWE-89,52,1
BenchmarkTest01728,sqli,CWE-89,55,1
BenchmarkTest01728,sqli,CWE-89,56,1
BenchmarkTest02498,weakrand,CWE-330,64,1
BenchmarkTest01728,sqli,CWE-89,90,1
BenchmarkTest01729,sqli,CWE-89,45,0
BenchmarkTest01729,sqli,CWE-89,47,0
BenchmarkTest01729,sqli,CWE-89,52,0
BenchmarkTest01729,sqli,CWE-89,55,0
BenchmarkTest01729,sqli,CWE-89,56,0
BenchmarkTest01730,sqli,CWE-89,45,1
BenchmarkTest02498,weakrand,CWE-330,56,1
BenchmarkTest01731,sqli,CWE-89,56,1
BenchmarkTest01731,sqli,CWE-89,55,1
BenchmarkTest01731,sqli,CWE-89,52,1
BenchmarkTest01731,sqli,CWE-89,47,1
BenchmarkTest02497,weakrand,CWE-330,64,1
BenchmarkTest01730,sqli,CWE-89,56,1
BenchmarkTest01730,sqli,CWE-89,55,1
BenchmarkTest01730,sqli,CWE-89,52,1
BenchmarkTest01730,sqli,CWE-89,47,1
BenchmarkTest01731,sqli,CWE-89,45,1
BenchmarkTest02107,pathtraver,CWE-22,68,0
BenchmarkTest01735,xpathi,CWE-643,56,0
BenchmarkTest01735,xpathi,CWE-643,79,0
BenchmarkTest01740,crypto,CWE-327,81,1
BenchmarkTest01741,crypto,CWE-327,65,1
BenchmarkTest02491,xss,CWE-79,66,0
BenchmarkTest02491,xss,CWE-79,62,0
BenchmarkTest01741,crypto,CWE-327,81,1
BenchmarkTest02604,weakrand,CWE-330,116,1
BenchmarkTest01741,crypto,CWE-327,130,1
BenchmarkTest02101,crypto,CWE-327,72,1
BenchmarkTest01742,crypto,CWE-327,65,1
BenchmarkTest02490,xss,CWE-79,67,0
BenchmarkTest02490,xss,CWE-79,63,0
BenchmarkTest02606,weakrand,CWE-330,75,1
BenchmarkTest01742,crypto,CWE-327,81,1
BenchmarkTest01744,pathtraver,CWE-22,70,0
BenchmarkTest01744,pathtraver,CWE-22,74,0
BenchmarkTest02500,weakrand,CWE-330,56,1
BenchmarkTest02607,securecookie,CWE-614,55,0
BenchmarkTest02094,sqli,CWE-89,79,1
BenchmarkTest02607,securecookie,CWE-614,52,0
BenchmarkTest02607,securecookie,CWE-614,47,0
BenchmarkTest01749,pathtraver,CWE-22,88,0
BenchmarkTest02499,weakrand,CWE-330,56,1
BenchmarkTest01749,pathtraver,CWE-22,58,0
BenchmarkTest01748,pathtraver,CWE-22,58,0
BenchmarkTest02486,xss,CWE-79,62,1
BenchmarkTest01747,pathtraver,CWE-22,84,0
BenchmarkTest01746,pathtraver,CWE-22,85,0
BenchmarkTest02100,xpathi,CWE-643,72,1
BenchmarkTest02499,weakrand,CWE-330,64,1
BenchmarkTest02607,securecookie,CWE-614,45,0
BenchmarkTest02480,xss,CWE-79,63,1
BenchmarkTest02101,crypto,CWE-327,88,1
BenchmarkTest02604,weakrand,CWE-330,120,1
BenchmarkTest02605,weakrand,CWE-330,55,1
BenchmarkTest01735,xpathi,CWE-643,106,0
BenchmarkTest02497,weakrand,CWE-330,56,1
BenchmarkTest01736,xpathi,CWE-643,45,1
BenchmarkTest02103,crypto,CWE-327,75,0
BenchmarkTest02605,weakrand,CWE-330,52,1
BenchmarkTest01736,xpathi,CWE-643,47,1
BenchmarkTest01736,xpathi,CWE-643,52,1
BenchmarkTest01736,xpathi,CWE-643,55,1
BenchmarkTest01736,xpathi,CWE-643,56,1
BenchmarkTest02606,weakrand,CWE-330,47,1
BenchmarkTest02605,weakrand,CWE-330,47,1
BenchmarkTest02102,crypto,CWE-327,103,0
BenchmarkTest01737,crypto,CWE-327,76,0
BenchmarkTest02606,weakrand,CWE-330,52,1
BenchmarkTest02496,cmdi,CWE-78,83,1
BenchmarkTest02102,crypto,CWE-327,76,0
BenchmarkTest02101,crypto,CWE-327,145,1
BenchmarkTest01740,crypto,CWE-327,65,1
BenchmarkTest01739,crypto,CWE-327,76,0
BenchmarkTest02102,crypto,CWE-327,60,0
BenchmarkTest02606,weakrand,CWE-330,56,1
BenchmarkTest02606,weakrand,CWE-330,67,1
BenchmarkTest01739,crypto,CWE-327,60,0
BenchmarkTest01738,crypto,CWE-327,76,0
BenchmarkTest02605,weakrand,CWE-330,45,1
BenchmarkTest01738,crypto,CWE-327,60,0
BenchmarkTest02606,weakrand,CWE-330,55,1
BenchmarkTest01737,crypto,CWE-327,92,0
BenchmarkTest02494,xss,CWE-79,61,1
BenchmarkTest02435,weakrand,CWE-330,60,0
BenchmarkTest02470,pathtraver,CWE-22,84,0
BenchmarkTest01786,weakrand,CWE-330,61,1
BenchmarkTest02447,trustbound,CWE-501,65,0
BenchmarkTest02603,weakrand,CWE-330,47,1
BenchmarkTest02071,weakrand,CWE-330,66,0
BenchmarkTest02446,trustbound,CWE-501,65,1
BenchmarkTest01830,crypto,CWE-327,82,1
BenchmarkTest02445,weakrand,CWE-330,104,0
BenchmarkTest02614,weakrand,CWE-330,73,0
BenchmarkTest02445,weakrand,CWE-330,63,0
BenchmarkTest01830,crypto,CWE-327,98,1
BenchmarkTest01830,crypto,CWE-327,147,1
BenchmarkTest02070,cmdi,CWE-78,78,1
BenchmarkTest02445,weakrand,CWE-330,55,0
BenchmarkTest02614,weakrand,CWE-330,81,0
BenchmarkTest02444,weakrand,CWE-330,107,0
BenchmarkTest01829,crypto,CWE-327,150,1
BenchmarkTest02444,weakrand,CWE-330,63,0
BenchmarkTest01832,ldapi,CWE-90,116,1
BenchmarkTest02124,xss,CWE-79,58,1
BenchmarkTest02444,weakrand,CWE-330,55,0
BenchmarkTest02443,weakrand,CWE-330,106,0
BenchmarkTest02069,cmdi,CWE-78,65,0
BenchmarkTest02443,weakrand,CWE-330,63,0
BenchmarkTest01835,pathtraver,CWE-22,85,1
BenchmarkTest02602,weakrand,CWE-330,121,1
BenchmarkTest02603,weakrand,CWE-330,45,1
BenchmarkTest01829,crypto,CWE-327,146,1
BenchmarkTest01829,crypto,CWE-327,98,1
BenchmarkTest02450,sqli,CWE-89,76,0
BenchmarkTest01825,crypto,CWE-327,164,0
BenchmarkTest02073,weakrand,CWE-330,66,0
BenchmarkTest02613,cmdi,CWE-78,52,1
BenchmarkTest01826,crypto,CWE-327,93,0
BenchmarkTest02458,crypto,CWE-327,92,1
BenchmarkTest02613,cmdi,CWE-78,55,1
BenchmarkTest02613,cmdi,CWE-78,56,1
BenchmarkTest01826,crypto,CWE-327,109,0
BenchmarkTest01827,crypto,CWE-327,93,0
BenchmarkTest02603,weakrand,CWE-330,55,1
BenchmarkTest02614,weakrand,CWE-330,45,0
BenchmarkTest02458,crypto,CWE-327,76,1
BenchmarkTest02072,weakrand,CWE-330,74,0
BenchmarkTest01827,crypto,CWE-327,109,0
BenchmarkTest02121,hash,CWE-328,76,1
BenchmarkTest02614,weakrand,CWE-330,47,0
BenchmarkTest02603,weakrand,CWE-330,52,1
BenchmarkTest02071,weakrand,CWE-330,74,0
BenchmarkTest02452,sqli,CWE-89,86,0
BenchmarkTest01829,crypto,CWE-327,82,1
BenchmarkTest02452,sqli,CWE-89,90,0
BenchmarkTest02455,sqli,CWE-89,74,1
BenchmarkTest02443,weakrand,CWE-330,55,0
BenchmarkTest02614,weakrand,CWE-330,56,0
BenchmarkTest02614,weakrand,CWE-330,55,0
BenchmarkTest01828,crypto,CWE-327,93,0
BenchmarkTest02456,sqli,CWE-89,73,0
BenchmarkTest02614,weakrand,CWE-330,52,0
BenchmarkTest02072,weakrand,CWE-330,66,0
BenchmarkTest01828,crypto,CWE-327,77,0
BenchmarkTest02442,weakrand,CWE-330,105,0
BenchmarkTest02126,xss,CWE-79,59,1
BenchmarkTest02068,cmdi,CWE-78,81,0
BenchmarkTest02437,weakrand,CWE-330,109,0
BenchmarkTest02602,weakrand,CWE-330,68,1
BenchmarkTest01841,pathtraver,CWE-22,107,0
BenchmarkTest02730,sqli,CWE-89,74,0
BenchmarkTest01841,pathtraver,CWE-22,111,0
BenchmarkTest02726,trustbound,CWE-501,62,0
BenchmarkTest02725,trustbound,CWE-501,65,0
BenchmarkTest02437,weakrand,CWE-330,64,0
BenchmarkTest01842,weakrand,CWE-330,70,1
BenchmarkTest02721,weakrand,CWE-330,62,0
BenchmarkTest01842,weakrand,CWE-330,78,1
BenchmarkTest02519,weakrand,CWE-330,58,0
BenchmarkTest02721,weakrand,CWE-330,54,0
BenchmarkTest02437,weakrand,CWE-330,56,0
BenchmarkTest02064,securecookie,CWE-614,61,0
BenchmarkTest02616,weakrand,CWE-330,45,0
BenchmarkTest02602,weakrand,CWE-330,56,1
BenchmarkTest02616,weakrand,CWE-330,55,0
BenchmarkTest02435,weakrand,CWE-330,68,0
BenchmarkTest02063,weakrand,CWE-330,68,1
BenchmarkTest02519,weakrand,CWE-330,66,0
BenchmarkTest02720,weakrand,CWE-330,54,0
BenchmarkTest02436,weakrand,CWE-330,56,0
BenchmarkTest02438,weakrand,CWE-330,56,0
BenchmarkTest02616,weakrand,CWE-330,52,0
BenchmarkTest01843,weakrand,CWE-330,78,1
BenchmarkTest02602,weakrand,CWE-330,55,1
BenchmarkTest01843,weakrand,CWE-330,70,1
BenchmarkTest02616,weakrand,CWE-330,47,0
BenchmarkTest02436,weakrand,CWE-330,64,0
BenchmarkTest02720,weakrand,CWE-330,62,0
BenchmarkTest02131,xss,CWE-79,58,1
BenchmarkTest01825,crypto,CWE-327,109,0
BenchmarkTest02065,securecookie,CWE-614,61,0
BenchmarkTest02128,xss,CWE-79,57,1
BenchmarkTest02602,weakrand,CWE-330,117,1
BenchmarkTest01837,pathtraver,CWE-22,100,0
BenchmarkTest02442,weakrand,CWE-330,63,0
BenchmarkTest02442,weakrand,CWE-330,55,0
BenchmarkTest02441,weakrand,CWE-330,107,0
BenchmarkTest02615,weakrand,CWE-330,45,0
BenchmarkTest02126,xss,CWE-79,63,1
BenchmarkTest02615,weakrand,CWE-330,47,0
BenchmarkTest01838,pathtraver,CWE-22,75,0
BenchmarkTest02441,weakrand,CWE-330,63,0
BenchmarkTest02441,weakrand,CWE-330,55,0
BenchmarkTest02615,weakrand,CWE-330,52,0
BenchmarkTest02127,xss,CWE-79,59,1
BenchmarkTest02440,weakrand,CWE-330,63,0
BenchmarkTest02737,sqli,CWE-89,84,0
BenchmarkTest02740,sqli,CWE-89,72,0
BenchmarkTest02438,weakrand,CWE-330,64,0
BenchmarkTest02615,weakrand,CWE-330,77,0
BenchmarkTest02602,weakrand,CWE-330,76,1
BenchmarkTest02615,weakrand,CWE-330,69,0
BenchmarkTest02730,sqli,CWE-89,78,0
BenchmarkTest02065,securecookie,CWE-614,95,0
BenchmarkTest02439,weakrand,CWE-330,68,0
BenchmarkTest02615,weakrand,CWE-330,56,0
BenchmarkTest01839,pathtraver,CWE-22,99,1
BenchmarkTest02066,securecookie,CWE-614,61,0
BenchmarkTest02440,weakrand,CWE-330,55,0
BenchmarkTest02615,weakrand,CWE-330,55,0
BenchmarkTest02439,weakrand,CWE-330,60,0
BenchmarkTest02610,cmdi,CWE-78,45,0
BenchmarkTest02511,cmdi,CWE-78,76,1
BenchmarkTest02613,cmdi,CWE-78,47,1
BenchmarkTest01797,weakrand,CWE-330,55,0
BenchmarkTest02078,weakrand,CWE-330,113,0
BenchmarkTest02505,weakrand,CWE-330,56,1
BenchmarkTest01797,weakrand,CWE-330,63,0
BenchmarkTest02078,weakrand,CWE-330,70,0
BenchmarkTest01798,weakrand,CWE-330,54,0
BenchmarkTest02603,weakrand,CWE-330,76,1
BenchmarkTest01798,weakrand,CWE-330,62,0
BenchmarkTest02118,hash,CWE-328,81,1
BenchmarkTest02505,weakrand,CWE-330,64,1
BenchmarkTest02078,weakrand,CWE-330,62,0
BenchmarkTest01794,cmdi,CWE-78,91,0
BenchmarkTest01799,weakrand,CWE-330,54,0
BenchmarkTest01799,weakrand,CWE-330,62,0
BenchmarkTest01800,weakrand,CWE-330,54,0
BenchmarkTest01800,weakrand,CWE-330,62,0
BenchmarkTest01800,weakrand,CWE-330,107,0
BenchmarkTest01800,weakrand,CWE-330,111,0
BenchmarkTest01801,weakrand,CWE-330,54,0
BenchmarkTest02467,pathtraver,CWE-22,91,0
BenchmarkTest01801,weakrand,CWE-330,62,0
BenchmarkTest02077,weakrand,CWE-330,122,0
BenchmarkTest02077,weakrand,CWE-330,118,0
BenchmarkTest02118,hash,CWE-328,105,1
BenchmarkTest02610,cmdi,CWE-78,56,0
BenchmarkTest02079,weakrand,CWE-330,61,0
BenchmarkTest02504,weakrand,CWE-330,64,1
BenchmarkTest01787,weakrand,CWE-330,53,1
BenchmarkTest01787,weakrand,CWE-330,61,1
BenchmarkTest02080,weakrand,CWE-330,61,0
BenchmarkTest02610,cmdi,CWE-78,47,0
BenchmarkTest01788,weakrand,CWE-330,53,1
BenchmarkTest01788,weakrand,CWE-330,61,1
BenchmarkTest02610,cmdi,CWE-78,52,0
BenchmarkTest02504,weakrand,CWE-330,102,1
BenchmarkTest01791,cmdi,CWE-78,78,0
BenchmarkTest01791,cmdi,CWE-78,57,0
BenchmarkTest02079,weakrand,CWE-330,69,0
BenchmarkTest01789,securecookie,CWE-614,54,1
BenchmarkTest01788,weakrand,CWE-330,104,1
BenchmarkTest02610,cmdi,CWE-78,55,0
BenchmarkTest01789,securecookie,CWE-614,87,1
BenchmarkTest02119,hash,CWE-328,56,0
BenchmarkTest02467,pathtraver,CWE-22,87,0
BenchmarkTest02463,pathtraver,CWE-22,71,1
BenchmarkTest01822,crypto,CWE-327,90,1
BenchmarkTest02075,weakrand,CWE-330,71,0
BenchmarkTest02508,securecookie,CWE-614,91,0
BenchmarkTest02461,crypto,CWE-327,84,0
BenchmarkTest02075,weakrand,CWE-330,63,0
BenchmarkTest02612,cmdi,CWE-78,45,1
BenchmarkTest01822,crypto,CWE-327,106,1
BenchmarkTest02612,cmdi,CWE-78,47,1
BenchmarkTest02120,hash,CWE-328,73,0
BenchmarkTest01823,crypto,CWE-327,90,1
BenchmarkTest02612,cmdi,CWE-78,52,1
BenchmarkTest02461,crypto,CWE-327,68,0
BenchmarkTest02074,weakrand,CWE-330,70,0
BenchmarkTest02460,crypto,CWE-327,95,0
BenchmarkTest02510,cmdi,CWE-78,76,0
BenchmarkTest01823,crypto,CWE-327,106,1
BenchmarkTest02073,weakrand,CWE-330,74,0
BenchmarkTest01825,crypto,CWE-327,93,0
BenchmarkTest02613,cmdi,CWE-78,45,1
BenchmarkTest02121,hash,CWE-328,59,1
BenchmarkTest01824,crypto,CWE-327,109,0
BenchmarkTest02459,crypto,CWE-327,95,0
BenchmarkTest02508,securecookie,CWE-614,57,0
BenchmarkTest02460,crypto,CWE-327,79,0
BenchmarkTest02510,cmdi,CWE-78,80,0
BenchmarkTest01824,crypto,CWE-327,93,0
BenchmarkTest02074,weakrand,CWE-330,62,0
BenchmarkTest02603,weakrand,CWE-330,56,1
BenchmarkTest01823,crypto,CWE-327,158,1
BenchmarkTest02612,cmdi,CWE-78,55,1
BenchmarkTest02612,cmdi,CWE-78,56,1
BenchmarkTest02459,crypto,CWE-327,79,0
BenchmarkTest01821,xpathi,CWE-643,87,0
BenchmarkTest02603,weakrand,CWE-330,68,1
BenchmarkTest02611,cmdi,CWE-78,45,1
BenchmarkTest02077,weakrand,CWE-330,74,0
BenchmarkTest02077,weakrand,CWE-330,66,0
BenchmarkTest02506,weakrand,CWE-330,56,1
BenchmarkTest02466,pathtraver,CWE-22,61,1
BenchmarkTest01809,sqli,CWE-89,87,0
BenchmarkTest01809,sqli,CWE-89,91,0
BenchmarkTest02506,weakrand,CWE-330,64,1
BenchmarkTest02611,cmdi,CWE-78,47,1
BenchmarkTest01810,sqli,CWE-89,84,0
BenchmarkTest02119,hash,CWE-328,73,0
BenchmarkTest02611,cmdi,CWE-78,52,1
BenchmarkTest01813,sqli,CWE-89,83,0
BenchmarkTest02120,hash,CWE-328,56,0
BenchmarkTest02076,weakrand,CWE-330,63,0
BenchmarkTest02507,securecookie,CWE-614,88,1
BenchmarkTest01817,sqli,CWE-89,75,0
BenchmarkTest02611,cmdi,CWE-78,56,1
BenchmarkTest01816,sqli,CWE-89,76,0
BenchmarkTest02611,cmdi,CWE-78,55,1
BenchmarkTest02465,pathtraver,CWE-22,61,1
BenchmarkTest02076,weakrand,CWE-330,71,0
BenchmarkTest02507,securecookie,CWE-614,57,1
BenchmarkTest02465,pathtraver,CWE-22,89,1
BenchmarkTest01867,weakrand,CWE-330,73,0
BenchmarkTest02211,hash,CWE-328,78,1
BenchmarkTest02044,hash,CWE-328,66,0
BenchmarkTest01953,weakrand,CWE-330,67,0
BenchmarkTest02649,sqli,CWE-89,56,1
BenchmarkTest02649,sqli,CWE-89,55,1
BenchmarkTest02297,crypto,CWE-327,160,0
BenchmarkTest01953,weakrand,CWE-330,110,0
BenchmarkTest02629,sqli,CWE-89,45,0
BenchmarkTest02297,crypto,CWE-327,105,0
BenchmarkTest02007,weakrand,CWE-330,73,0
BenchmarkTest02649,sqli,CWE-89,52,1
BenchmarkTest02572,ldapi,CWE-90,52,0
BenchmarkTest02649,sqli,CWE-89,47,1
BenchmarkTest02629,sqli,CWE-89,47,0
BenchmarkTest02572,ldapi,CWE-90,47,0
BenchmarkTest02194,crypto,CWE-327,78,1
BenchmarkTest01954,weakrand,CWE-330,59,0
BenchmarkTest02297,crypto,CWE-327,89,0
BenchmarkTest02649,sqli,CWE-89,45,1
BenchmarkTest02629,sqli,CWE-89,55,0
BenchmarkTest02006,securecookie,CWE-614,68,0
BenchmarkTest02296,crypto,CWE-327,89,0
BenchmarkTest02648,sqli,CWE-89,52,0
BenchmarkTest02629,sqli,CWE-89,52,0
BenchmarkTest02648,sqli,CWE-89,55,0
BenchmarkTest02558,pathtraver,CWE-22,52,0
BenchmarkTest02296,crypto,CWE-327,105,0
BenchmarkTest02558,pathtraver,CWE-22,82,0
BenchmarkTest01954,weakrand,CWE-330,110,0
BenchmarkTest02558,pathtraver,CWE-22,56,0
BenchmarkTest02558,pathtraver,CWE-22,55,0
BenchmarkTest02297,crypto,CWE-327,50,0
BenchmarkTest01954,weakrand,CWE-330,67,0
BenchmarkTest02648,sqli,CWE-89,56,0
BenchmarkTest02298,crypto,CWE-327,50,0
BenchmarkTest02558,pathtraver,CWE-22,47,0
BenchmarkTest01953,weakrand,CWE-330,59,0
BenchmarkTest02300,pathtraver,CWE-22,82,0
BenchmarkTest02300,pathtraver,CWE-22,86,0
BenchmarkTest02008,weakrand,CWE-330,73,0
BenchmarkTest01951,weakrand,CWE-330,59,0
BenchmarkTest02651,sqli,CWE-89,45,1
BenchmarkTest02301,pathtraver,CWE-22,50,0
BenchmarkTest01951,weakrand,CWE-330,67,0
BenchmarkTest02628,sqli,CWE-89,56,1
BenchmarkTest02651,sqli,CWE-89,52,1
BenchmarkTest02573,hash,CWE-328,45,1
BenchmarkTest01950,weakrand,CWE-330,67,0
BenchmarkTest02557,pathtraver,CWE-22,56,0
BenchmarkTest02193,crypto,CWE-327,77,1
BenchmarkTest02302,pathtraver,CWE-22,50,1
BenchmarkTest02651,sqli,CWE-89,47,1
BenchmarkTest01956,trustbound,CWE-501,69,0
BenchmarkTest02300,pathtraver,CWE-22,50,0
BenchmarkTest02650,sqli,CWE-89,55,1
BenchmarkTest02298,crypto,CWE-327,89,0
BenchmarkTest02007,weakrand,CWE-330,81,0
BenchmarkTest02650,sqli,CWE-89,45,1
BenchmarkTest02193,crypto,CWE-327,93,1
BenchmarkTest02298,crypto,CWE-327,105,0
BenchmarkTest02650,sqli,CWE-89,47,1
BenchmarkTest02650,sqli,CWE-89,56,1
BenchmarkTest01952,weakrand,CWE-330,67,0
BenchmarkTest02007,weakrand,CWE-330,125,0
BenchmarkTest02572,ldapi,CWE-90,55,0
BenchmarkTest02572,ldapi,CWE-90,56,0
BenchmarkTest01952,weakrand,CWE-330,59,0
BenchmarkTest02558,pathtraver,CWE-22,45,0
BenchmarkTest02299,ldapi,CWE-90,50,1
BenchmarkTest02650,sqli,CWE-89,52,1
BenchmarkTest02296,crypto,CWE-327,50,0
BenchmarkTest02648,sqli,CWE-89,47,0
BenchmarkTest02572,ldapi,CWE-90,45,0
BenchmarkTest02291,crypto,CWE-327,165,1
BenchmarkTest02570,pathtraver,CWE-22,56,0
BenchmarkTest02571,ldapi,CWE-90,45,0
BenchmarkTest02560,pathtraver,CWE-22,52,1
BenchmarkTest02646,sqli,CWE-89,47,1
BenchmarkTest02004,weakrand,CWE-330,75,1
BenchmarkTest02291,crypto,CWE-327,161,1
BenchmarkTest02646,sqli,CWE-89,52,1
BenchmarkTest02292,crypto,CWE-327,86,1
BenchmarkTest02646,sqli,CWE-89,55,1
BenchmarkTest02292,crypto,CWE-327,102,1
BenchmarkTest02560,pathtraver,CWE-22,47,1
BenchmarkTest02560,pathtraver,CWE-22,45,1
BenchmarkTest02293,crypto,CWE-327,50,1
BenchmarkTest02292,crypto,CWE-327,50,1
BenchmarkTest02646,sqli,CWE-89,56,1
BenchmarkTest02291,crypto,CWE-327,102,1
BenchmarkTest02004,weakrand,CWE-330,67,1
BenchmarkTest02195,crypto,CWE-327,147,1
BenchmarkTest02645,sqli,CWE-89,56,1
BenchmarkTest02630,sqli,CWE-89,52,1
BenchmarkTest02630,sqli,CWE-89,47,1
BenchmarkTest01966,sqli,CWE-89,86,0
BenchmarkTest02290,crypto,CWE-327,102,1
BenchmarkTest02646,sqli,CWE-89,45,1
BenchmarkTest02560,pathtraver,CWE-22,56,1
BenchmarkTest02630,sqli,CWE-89,45,1
BenchmarkTest02291,crypto,CWE-327,50,1
BenchmarkTest02560,pathtraver,CWE-22,55,1
BenchmarkTest02291,crypto,CWE-327,86,1
BenchmarkTest02195,crypto,CWE-327,94,1
BenchmarkTest01965,sqli,CWE-89,88,0
BenchmarkTest02645,sqli,CWE-89,98,1
BenchmarkTest02573,hash,CWE-328,47,1
BenchmarkTest02293,crypto,CWE-327,87,1
BenchmarkTest02571,ldapi,CWE-90,52,0
BenchmarkTest02294,crypto,CWE-327,103,1
BenchmarkTest02294,crypto,CWE-327,157,1
BenchmarkTest02559,pathtraver,CWE-22,55,1
BenchmarkTest02647,sqli,CWE-89,56,1
BenchmarkTest02194,crypto,CWE-327,94,1
BenchmarkTest02295,crypto,CWE-327,50,1
BenchmarkTest02571,ldapi,CWE-90,56,0
BenchmarkTest02295,crypto,CWE-327,87,1
BenchmarkTest01958,trustbound,CWE-501,68,1
BenchmarkTest02559,pathtraver,CWE-22,47,1
BenchmarkTest02648,sqli,CWE-89,45,0
BenchmarkTest02295,crypto,CWE-327,103,1
BenchmarkTest02295,crypto,CWE-327,156,1
BenchmarkTest02559,pathtraver,CWE-22,45,1
BenchmarkTest02559,pathtraver,CWE-22,52,1
BenchmarkTest02571,ldapi,CWE-90,47,0
BenchmarkTest02571,ldapi,CWE-90,55,0
BenchmarkTest02647,sqli,CWE-89,52,1
BenchmarkTest02293,crypto,CWE-327,103,1
BenchmarkTest01961,sqli,CWE-89,84,0
BenchmarkTest02293,crypto,CWE-327,156,1
BenchmarkTest02293,crypto,CWE-327,160,1
BenchmarkTest01961,sqli,CWE-89,80,0
BenchmarkTest02195,crypto,CWE-327,78,1
BenchmarkTest02647,sqli,CWE-89,55,1
BenchmarkTest02647,sqli,CWE-89,45,1
BenchmarkTest02629,sqli,CWE-89,56,0
BenchmarkTest02294,crypto,CWE-327,50,1
BenchmarkTest02294,crypto,CWE-327,87,1
BenchmarkTest01960,trustbound,CWE-501,67,1
BenchmarkTest02005,securecookie,CWE-614,68,1
BenchmarkTest02559,pathtraver,CWE-22,56,1
BenchmarkTest02647,sqli,CWE-89,47,1
BenchmarkTest02651,sqli,CWE-89,55,1
BenchmarkTest02008,weakrand,CWE-330,81,0
BenchmarkTest01950,weakrand,CWE-330,59,0
BenchmarkTest02575,hash,CWE-328,47,1
BenchmarkTest02311,hash,CWE-328,87,1
BenchmarkTest02311,hash,CWE-328,105,1
BenchmarkTest02575,hash,CWE-328,52,1
BenchmarkTest02555,pathtraver,CWE-22,47,1
BenchmarkTest02010,weakrand,CWE-330,123,0
BenchmarkTest01944,cmdi,CWE-78,63,1
BenchmarkTest02312,hash,CWE-328,50,0
BenchmarkTest02654,sqli,CWE-89,45,1
BenchmarkTest02654,sqli,CWE-89,47,1
BenchmarkTest01943,cmdi,CWE-78,63,0
BenchmarkTest02575,hash,CWE-328,55,1
BenchmarkTest02312,hash,CWE-328,87,0
BenchmarkTest02190,crypto,CWE-327,81,0
BenchmarkTest02312,hash,CWE-328,70,0
BenchmarkTest02555,pathtraver,CWE-22,45,1
BenchmarkTest02311,hash,CWE-328,70,1
BenchmarkTest02555,pathtraver,CWE-22,52,1
BenchmarkTest02555,pathtraver,CWE-22,56,1
BenchmarkTest02310,hash,CWE-328,50,0
BenchmarkTest02310,hash,CWE-328,70,0
BenchmarkTest01945,weakrand,CWE-330,72,0
BenchmarkTest02628,sqli,CWE-89,45,1
BenchmarkTest02574,hash,CWE-328,108,1
BenchmarkTest02311,hash,CWE-328,50,1
BenchmarkTest02010,weakrand,CWE-330,69,0
BenchmarkTest02190,crypto,CWE-327,97,0
BenchmarkTest02653,sqli,CWE-89,86,1
BenchmarkTest02310,hash,CWE-328,87,0
BenchmarkTest01945,weakrand,CWE-330,64,0
BenchmarkTest02010,weakrand,CWE-330,77,0
BenchmarkTest02575,hash,CWE-328,45,1
BenchmarkTest02555,pathtraver,CWE-22,55,1
BenchmarkTest02574,hash,CWE-328,87,1
BenchmarkTest02575,hash,CWE-328,56,1
BenchmarkTest02313,xss,CWE-79,50,0
BenchmarkTest02188,sqli,CWE-89,76,0
BenchmarkTest02554,pathtraver,CWE-22,56,0
BenchmarkTest02318,xss,CWE-79,50,0
BenchmarkTest01940,cmdi,CWE-78,63,1
BenchmarkTest02554,pathtraver,CWE-22,55,0
BenchmarkTest02627,sqli,CWE-89,56,1
BenchmarkTest02317,xss,CWE-79,74,1
BenchmarkTest02319,xss,CWE-79,50,0
BenchmarkTest02655,sqli,CWE-89,45,1
BenchmarkTest02655,sqli,CWE-89,47,1
BenchmarkTest02554,pathtraver,CWE-22,52,0
BenchmarkTest02188,sqli,CWE-89,72,0
BenchmarkTest02575,hash,CWE-328,87,1
BenchmarkTest01939,cmdi,CWE-78,78,0
BenchmarkTest02319,xss,CWE-79,73,0
BenchmarkTest02575,hash,CWE-328,70,1
BenchmarkTest02317,xss,CWE-79,50,1
BenchmarkTest02011,weakrand,CWE-330,77,0
BenchmarkTest01942,cmdi,CWE-78,63,1
BenchmarkTest02313,xss,CWE-79,77,0
BenchmarkTest02313,xss,CWE-79,81,0
BenchmarkTest02654,sqli,CWE-89,52,1
BenchmarkTest02189,xpathi,CWE-643,65,1
BenchmarkTest02314,xss,CWE-79,50,1
BenchmarkTest02316,xss,CWE-79,50,1
BenchmarkTest02314,xss,CWE-79,75,1
BenchmarkTest02554,pathtraver,CWE-22,83,0
BenchmarkTest01941,cmdi,CWE-78,81,0
BenchmarkTest02315,xss,CWE-79,50,1
BenchmarkTest02654,sqli,CWE-89,55,1
BenchmarkTest01941,cmdi,CWE-78,77,0
BenchmarkTest02654,sqli,CWE-89,56,1
BenchmarkTest02011,weakrand,CWE-330,69,0
BenchmarkTest02003,weakrand,CWE-330,119,1
BenchmarkTest02191,crypto,CWE-327,81,0
BenchmarkTest02309,hash,CWE-328,87,0
BenchmarkTest02304,pathtraver,CWE-22,50,1
BenchmarkTest01948,weakrand,CWE-330,115,0
BenchmarkTest02008,weakrand,CWE-330,133,0
BenchmarkTest02652,sqli,CWE-89,55,0
BenchmarkTest02628,sqli,CWE-89,55,1
BenchmarkTest02652,sqli,CWE-89,56,0
BenchmarkTest02557,pathtraver,CWE-22,45,0
BenchmarkTest02652,sqli,CWE-89,86,0
BenchmarkTest02556,pathtraver,CWE-22,82,1
BenchmarkTest02628,sqli,CWE-89,52,1
BenchmarkTest02652,sqli,CWE-89,90,0
BenchmarkTest02192,crypto,CWE-327,77,1
BenchmarkTest01948,weakrand,CWE-330,64,0
BenchmarkTest02305,ldapi,CWE-90,50,1
BenchmarkTest01948,weakrand,CWE-330,72,0
BenchmarkTest02573,hash,CWE-328,87,1
BenchmarkTest02652,sqli,CWE-89,52,0
BenchmarkTest02557,pathtraver,CWE-22,47,0
BenchmarkTest02557,pathtraver,CWE-22,55,0
BenchmarkTest02303,pathtraver,CWE-22,50,1
BenchmarkTest02573,hash,CWE-328,52,1
BenchmarkTest02651,sqli,CWE-89,56,1
BenchmarkTest02557,pathtraver,CWE-22,52,0
BenchmarkTest02192,crypto,CWE-327,93,1
BenchmarkTest02573,hash,CWE-328,70,1
BenchmarkTest02573,hash,CWE-328,55,1
BenchmarkTest02652,sqli,CWE-89,47,0
BenchmarkTest01949,weakrand,CWE-330,68,0
BenchmarkTest02303,pathtraver,CWE-22,72,1
BenchmarkTest01949,weakrand,CWE-330,60,0
BenchmarkTest02573,hash,CWE-328,56,1
BenchmarkTest02008,weakrand,CWE-330,129,0
BenchmarkTest02652,sqli,CWE-89,45,0
BenchmarkTest02309,hash,CWE-328,111,0
BenchmarkTest02574,hash,CWE-328,45,1
BenchmarkTest02306,ldapi,CWE-90,50,1
BenchmarkTest02556,pathtraver,CWE-22,45,1
BenchmarkTest02574,hash,CWE-328,56,1
BenchmarkTest02308,hash,CWE-328,50,1
BenchmarkTest02653,sqli,CWE-89,52,1
BenchmarkTest02308,hash,CWE-328,70,1
BenchmarkTest02574,hash,CWE-328,70,1
BenchmarkTest02191,crypto,CWE-327,97,0
BenchmarkTest02308,hash,CWE-328,87,1
BenchmarkTest02653,sqli,CWE-89,55,1
BenchmarkTest02309,hash,CWE-328,50,0
BenchmarkTest02309,hash,CWE-328,70,0
BenchmarkTest02009,weakrand,CWE-330,129,0
BenchmarkTest01946,weakrand,CWE-330,64,0
BenchmarkTest02653,sqli,CWE-89,56,1
BenchmarkTest01946,weakrand,CWE-330,72,0
BenchmarkTest02556,pathtraver,CWE-22,56,1
BenchmarkTest02009,weakrand,CWE-330,81,0
BenchmarkTest01947,weakrand,CWE-330,64,0
BenchmarkTest02009,weakrand,CWE-330,73,0
BenchmarkTest02574,hash,CWE-328,47,1
BenchmarkTest02556,pathtraver,CWE-22,55,1
BenchmarkTest02556,pathtraver,CWE-22,52,1
BenchmarkTest02307,hash,CWE-328,50,1
BenchmarkTest02307,hash,CWE-328,78,1
BenchmarkTest02653,sqli,CWE-89,47,1
BenchmarkTest02653,sqli,CWE-89,45,1
BenchmarkTest01947,weakrand,CWE-330,72,0
BenchmarkTest02574,hash,CWE-328,52,1
BenchmarkTest02574,hash,CWE-328,55,1
BenchmarkTest02628,sqli,CWE-89,47,1
BenchmarkTest02307,hash,CWE-328,95,1
BenchmarkTest02556,pathtraver,CWE-22,47,1
BenchmarkTest02191,crypto,CWE-327,151,0
BenchmarkTest02320,xss,CWE-79,50,0
BenchmarkTest02290,crypto,CWE-327,86,1
BenchmarkTest02570,pathtraver,CWE-22,55,0
BenchmarkTest01996,hash,CWE-328,90,1
BenchmarkTest02235,xss,CWE-79,64,0
BenchmarkTest02203,pathtraver,CWE-22,86,0
BenchmarkTest02640,sqli,CWE-89,45,0
BenchmarkTest02635,sqli,CWE-89,47,1
BenchmarkTest02203,pathtraver,CWE-22,90,0
BenchmarkTest02635,sqli,CWE-89,52,1
BenchmarkTest02231,xss,CWE-79,69,0
BenchmarkTest02635,sqli,CWE-89,55,1
BenchmarkTest01996,hash,CWE-328,73,1
BenchmarkTest02231,xss,CWE-79,65,0
BenchmarkTest01983,pathtraver,CWE-22,83,1
BenchmarkTest02230,xss,CWE-79,64,1
BenchmarkTest02563,pathtraver,CWE-22,95,0
BenchmarkTest02563,pathtraver,CWE-22,99,0
BenchmarkTest02226,xss,CWE-79,65,0
BenchmarkTest02635,sqli,CWE-89,56,1
BenchmarkTest02219,hash,CWE-328,64,1
BenchmarkTest02564,pathtraver,CWE-22,45,1
BenchmarkTest02639,sqli,CWE-89,88,0
BenchmarkTest02639,sqli,CWE-89,92,0
BenchmarkTest02219,hash,CWE-328,81,1
BenchmarkTest02220,hash,CWE-328,64,0
BenchmarkTest01982,crypto,CWE-327,160,0
BenchmarkTest01995,hash,CWE-328,87,0
BenchmarkTest02220,hash,CWE-328,81,0
BenchmarkTest02220,hash,CWE-328,101,0
BenchmarkTest02220,hash,CWE-328,105,0
BenchmarkTest01995,hash,CWE-328,111,0
BenchmarkTest02221,xss,CWE-79,67,1
BenchmarkTest02224,xss,CWE-79,65,1
BenchmarkTest01995,hash,CWE-328,107,0
BenchmarkTest02236,xss,CWE-79,64,0
BenchmarkTest02635,sqli,CWE-89,45,1
BenchmarkTest01982,crypto,CWE-327,105,0
BenchmarkTest01998,hash,CWE-328,73,0
BenchmarkTest02640,sqli,CWE-89,56,0
BenchmarkTest02245,weakrand,CWE-330,58,1
BenchmarkTest02245,weakrand,CWE-330,66,1
BenchmarkTest01728,sqli,CWE-89,45,1
BenchmarkTest02634,sqli,CWE-89,52,0
BenchmarkTest01981,crypto,CWE-327,95,1
BenchmarkTest02567,pathtraver,CWE-22,52,1
BenchmarkTest02567,pathtraver,CWE-22,55,1
BenchmarkTest01998,hash,CWE-328,90,0
BenchmarkTest02641,sqli,CWE-89,45,1
BenchmarkTest01980,crypto,CWE-327,95,1
BenchmarkTest02563,pathtraver,CWE-22,56,0
BenchmarkTest02246,weakrand,CWE-330,58,1
BenchmarkTest01981,crypto,CWE-327,79,1
BenchmarkTest02564,pathtraver,CWE-22,47,1
BenchmarkTest02634,sqli,CWE-89,55,0
BenchmarkTest01981,crypto,CWE-327,143,1
BenchmarkTest02640,sqli,CWE-89,47,0
BenchmarkTest02238,xss,CWE-79,64,0
BenchmarkTest02238,xss,CWE-79,68,0
BenchmarkTest01997,hash,CWE-328,73,1
BenchmarkTest02640,sqli,CWE-89,52,0
BenchmarkTest02567,pathtraver,CWE-22,45,1
BenchmarkTest02634,sqli,CWE-89,56,0
BenchmarkTest01982,crypto,CWE-327,89,0
BenchmarkTest02567,pathtraver,CWE-22,47,1
BenchmarkTest02640,sqli,CWE-89,55,0
BenchmarkTest01997,hash,CWE-328,108,1
BenchmarkTest02242,cmdi,CWE-78,85,0
BenchmarkTest02242,cmdi,CWE-78,89,0
BenchmarkTest02202,pathtraver,CWE-22,86,0
BenchmarkTest01997,hash,CWE-328,90,1
BenchmarkTest01995,hash,CWE-328,70,0
BenchmarkTest02564,pathtraver,CWE-22,52,1
BenchmarkTest02218,hash,CWE-328,78,0
BenchmarkTest02210,hash,CWE-328,86,0
BenchmarkTest02565,pathtraver,CWE-22,56,1
BenchmarkTest02214,hash,CWE-328,61,0
BenchmarkTest02638,sqli,CWE-89,52,1
BenchmarkTest02637,sqli,CWE-89,47,0
BenchmarkTest01993,hash,CWE-328,78,0
BenchmarkTest02213,hash,CWE-328,78,1
BenchmarkTest02638,sqli,CWE-89,55,1
BenchmarkTest02637,sqli,CWE-89,45,0
BenchmarkTest02214,hash,CWE-328,78,0
BenchmarkTest01989,pathtraver,CWE-22,96,1
BenchmarkTest02565,pathtraver,CWE-22,55,1
BenchmarkTest02565,pathtraver,CWE-22,52,1
BenchmarkTest02215,hash,CWE-328,61,0
BenchmarkTest02638,sqli,CWE-89,56,1
BenchmarkTest02210,hash,CWE-328,69,0
BenchmarkTest02637,sqli,CWE-89,52,0
BenchmarkTest02211,hash,CWE-328,61,1
BenchmarkTest02212,hash,CWE-328,61,1
BenchmarkTest01992,weakrand,CWE-330,75,1
BenchmarkTest02637,sqli,CWE-89,56,0
BenchmarkTest02637,sqli,CWE-89,89,0
BenchmarkTest01992,weakrand,CWE-330,67,1
BenchmarkTest02212,hash,CWE-328,78,1
BenchmarkTest02638,sqli,CWE-89,47,1
BenchmarkTest02212,hash,CWE-328,102,1
BenchmarkTest01992,weakrand,CWE-330,117,1
BenchmarkTest01991,pathtraver,CWE-22,106,0
BenchmarkTest01991,pathtraver,CWE-22,102,0
BenchmarkTest02638,sqli,CWE-89,45,1
BenchmarkTest01992,weakrand,CWE-330,121,1
BenchmarkTest02213,hash,CWE-328,61,1
BenchmarkTest02637,sqli,CWE-89,55,0
BenchmarkTest02567,pathtraver,CWE-22,56,1
BenchmarkTest02566,pathtraver,CWE-22,45,0
BenchmarkTest02215,hash,CWE-328,78,0
BenchmarkTest02639,sqli,CWE-89,47,0
BenchmarkTest02636,sqli,CWE-89,52,0
BenchmarkTest02217,hash,CWE-328,78,1
BenchmarkTest02217,hash,CWE-328,99,1
BenchmarkTest02205,pathtraver,CWE-22,86,1
BenchmarkTest02218,hash,CWE-328,61,0
BenchmarkTest02206,pathtraver,CWE-22,93,0
BenchmarkTest01994,hash,CWE-328,95,0
BenchmarkTest02564,pathtraver,CWE-22,56,1
BenchmarkTest02636,sqli,CWE-89,47,0
BenchmarkTest02564,pathtraver,CWE-22,55,1
BenchmarkTest02639,sqli,CWE-89,55,0
BenchmarkTest02636,sqli,CWE-89,45,0
BenchmarkTest02639,sqli,CWE-89,56,0
BenchmarkTest02639,sqli,CWE-89,52,0
BenchmarkTest02566,pathtraver,CWE-22,47,0
BenchmarkTest02566,pathtraver,CWE-22,56,0
BenchmarkTest02217,hash,CWE-328,61,1
BenchmarkTest02215,hash,CWE-328,102,0
BenchmarkTest02565,pathtraver,CWE-22,47,1
BenchmarkTest02209,weakrand,CWE-330,66,1
BenchmarkTest02216,hash,CWE-328,61,0
BenchmarkTest02565,pathtraver,CWE-22,45,1
BenchmarkTest01993,hash,CWE-328,95,0
BenchmarkTest01994,hash,CWE-328,78,0
BenchmarkTest02566,pathtraver,CWE-22,52,0
BenchmarkTest02639,sqli,CWE-89,45,0
BenchmarkTest02216,hash,CWE-328,78,0
BenchmarkTest01988,pathtraver,CWE-22,72,1
BenchmarkTest02566,pathtraver,CWE-22,55,0
BenchmarkTest02636,sqli,CWE-89,56,0
BenchmarkTest02636,sqli,CWE-89,55,0
BenchmarkTest02209,weakrand,CWE-330,58,1
BenchmarkTest02634,sqli,CWE-89,47,0
BenchmarkTest02246,weakrand,CWE-330,66,1
BenchmarkTest02634,sqli,CWE-89,45,0
BenchmarkTest02643,sqli,CWE-89,52,1
BenchmarkTest02631,sqli,CWE-89,47,0
BenchmarkTest01975,crypto,CWE-327,90,0
BenchmarkTest02643,sqli,CWE-89,55,1
BenchmarkTest02561,pathtraver,CWE-22,56,1
BenchmarkTest02643,sqli,CWE-89,56,1
BenchmarkTest02002,weakrand,CWE-330,67,1
BenchmarkTest02002,weakrand,CWE-330,75,1
BenchmarkTest02561,pathtraver,CWE-22,55,1
BenchmarkTest02561,pathtraver,CWE-22,52,1
BenchmarkTest02276,sqli,CWE-89,87,0
BenchmarkTest01974,xpathi,CWE-643,70,1
BenchmarkTest02631,sqli,CWE-89,45,0
BenchmarkTest02561,pathtraver,CWE-22,47,1
BenchmarkTest02275,sqli,CWE-89,88,1
BenchmarkTest02561,pathtraver,CWE-22,45,1
BenchmarkTest02272,sqli,CWE-89,79,1
BenchmarkTest02271,sqli,CWE-89,80,0
BenchmarkTest02260,weakrand,CWE-330,110,0
BenchmarkTest02562,pathtraver,CWE-22,56,1
BenchmarkTest01976,crypto,CWE-327,90,0
BenchmarkTest02562,pathtraver,CWE-22,55,1
BenchmarkTest02263,trustbound,CWE-501,70,1
BenchmarkTest02562,pathtraver,CWE-22,52,1
BenchmarkTest02631,sqli,CWE-89,52,0
BenchmarkTest02643,sqli,CWE-89,45,1
BenchmarkTest02562,pathtraver,CWE-22,45,1
BenchmarkTest02631,sqli,CWE-89,55,0
BenchmarkTest02200,pathtraver,CWE-22,74,0
BenchmarkTest01975,crypto,CWE-327,106,0
BenchmarkTest02269,sqli,CWE-89,81,1
BenchmarkTest02643,sqli,CWE-89,47,1
BenchmarkTest02562,pathtraver,CWE-22,47,1
BenchmarkTest02260,weakrand,CWE-330,67,0
BenchmarkTest02569,pathtraver,CWE-22,45,1
BenchmarkTest02279,sqli,CWE-89,88,0
BenchmarkTest02645,sqli,CWE-89,45,1
BenchmarkTest02003,weakrand,CWE-330,75,1
BenchmarkTest01969,sqli,CWE-89,79,0
BenchmarkTest02289,crypto,CWE-327,50,0
BenchmarkTest02289,crypto,CWE-327,90,0
BenchmarkTest02630,sqli,CWE-89,55,1
BenchmarkTest02003,weakrand,CWE-330,67,1
BenchmarkTest02645,sqli,CWE-89,47,1
BenchmarkTest02289,crypto,CWE-327,106,0
BenchmarkTest02570,pathtraver,CWE-22,47,0
BenchmarkTest02645,sqli,CWE-89,52,1
BenchmarkTest02645,sqli,CWE-89,55,1
BenchmarkTest02003,weakrand,CWE-330,115,1
BenchmarkTest02570,pathtraver,CWE-22,52,0
BenchmarkTest02570,pathtraver,CWE-22,45,0
BenchmarkTest02644,sqli,CWE-89,45,1
BenchmarkTest02288,sqli,CWE-89,77,1
BenchmarkTest02287,sqli,CWE-89,78,1
BenchmarkTest02560,pathtraver,CWE-22,100,1
BenchmarkTest02002,weakrand,CWE-330,115,1
BenchmarkTest02569,pathtraver,CWE-22,47,1
BenchmarkTest02282,sqli,CWE-89,79,0
BenchmarkTest02644,sqli,CWE-89,47,1
BenchmarkTest02569,pathtraver,CWE-22,52,1
BenchmarkTest02644,sqli,CWE-89,56,1
BenchmarkTest02644,sqli,CWE-89,52,1
BenchmarkTest02644,sqli,CWE-89,55,1
BenchmarkTest02284,sqli,CWE-89,78,1
BenchmarkTest02569,pathtraver,CWE-22,56,1
BenchmarkTest02285,sqli,CWE-89,78,0
BenchmarkTest02560,pathtraver,CWE-22,72,1
BenchmarkTest02630,sqli,CWE-89,56,1
BenchmarkTest02569,pathtraver,CWE-22,55,1
BenchmarkTest02290,crypto,CWE-327,50,1
BenchmarkTest02260,weakrand,CWE-330,59,0
BenchmarkTest02259,weakrand,CWE-330,68,0
BenchmarkTest02251,cmdi,CWE-78,92,1
BenchmarkTest02633,sqli,CWE-89,52,0
BenchmarkTest01979,crypto,CWE-327,79,0
BenchmarkTest02633,sqli,CWE-89,47,0
BenchmarkTest02000,weakrand,CWE-330,68,1
BenchmarkTest02641,sqli,CWE-89,56,1
BenchmarkTest02633,sqli,CWE-89,55,0
BenchmarkTest02568,pathtraver,CWE-22,47,0
BenchmarkTest01978,crypto,CWE-327,155,1
BenchmarkTest02568,pathtraver,CWE-22,52,0
BenchmarkTest01978,crypto,CWE-327,103,1
BenchmarkTest02000,weakrand,CWE-330,76,1
BenchmarkTest02633,sqli,CWE-89,45,0
BenchmarkTest02563,pathtraver,CWE-22,52,0
BenchmarkTest02252,cmdi,CWE-78,94,0
BenchmarkTest02254,weakrand,CWE-330,64,0
BenchmarkTest02568,pathtraver,CWE-22,45,0
BenchmarkTest02641,sqli,CWE-89,55,1
BenchmarkTest02641,sqli,CWE-89,47,1
BenchmarkTest01999,weakrand,CWE-330,68,1
BenchmarkTest02247,securecookie,CWE-614,59,0
BenchmarkTest01980,crypto,CWE-327,79,1
BenchmarkTest02248,securecookie,CWE-614,59,0
BenchmarkTest01999,weakrand,CWE-330,76,1
BenchmarkTest02633,sqli,CWE-89,56,0
BenchmarkTest02641,sqli,CWE-89,52,1
BenchmarkTest02633,sqli,CWE-89,93,0
BenchmarkTest01979,crypto,CWE-327,95,0
BenchmarkTest02633,sqli,CWE-89,89,0
BenchmarkTest02249,cmdi,CWE-78,62,1
BenchmarkTest02250,cmdi,CWE-78,62,1
BenchmarkTest02201,pathtraver,CWE-22,63,0
BenchmarkTest02563,pathtraver,CWE-22,55,0
BenchmarkTest02259,weakrand,CWE-330,113,0
BenchmarkTest02632,sqli,CWE-89,56,1
BenchmarkTest01978,crypto,CWE-327,87,1
BenchmarkTest02631,sqli,CWE-89,88,0
BenchmarkTest02642,sqli,CWE-89,55,1
BenchmarkTest02256,weakrand,CWE-330,114,0
BenchmarkTest02563,pathtraver,CWE-22,45,0
BenchmarkTest02642,sqli,CWE-89,56,1
BenchmarkTest02257,weakrand,CWE-330,60,0
BenchmarkTest01977,crypto,CWE-327,90,0
BenchmarkTest02001,weakrand,CWE-330,75,1
BenchmarkTest02258,weakrand,CWE-330,61,0
BenchmarkTest02562,pathtraver,CWE-22,99,1
BenchmarkTest01976,crypto,CWE-327,106,0
BenchmarkTest02258,weakrand,CWE-330,69,0
BenchmarkTest02259,weakrand,CWE-330,60,0
BenchmarkTest02631,sqli,CWE-89,56,0
BenchmarkTest02257,weakrand,CWE-330,68,0
BenchmarkTest02254,weakrand,CWE-330,72,0
BenchmarkTest02256,weakrand,CWE-330,68,0
BenchmarkTest02256,weakrand,CWE-330,60,0
BenchmarkTest02254,weakrand,CWE-330,120,0
BenchmarkTest02568,pathtraver,CWE-22,55,0
BenchmarkTest02642,sqli,CWE-89,45,1
BenchmarkTest02632,sqli,CWE-89,55,1
BenchmarkTest02632,sqli,CWE-89,52,1
BenchmarkTest02568,pathtraver,CWE-22,56,0
BenchmarkTest02632,sqli,CWE-89,45,1
BenchmarkTest02642,sqli,CWE-89,47,1
BenchmarkTest02255,weakrand,CWE-330,68,0
BenchmarkTest02632,sqli,CWE-89,47,1
BenchmarkTest01977,crypto,CWE-327,106,0
BenchmarkTest02001,weakrand,CWE-330,67,1
BenchmarkTest02642,sqli,CWE-89,52,1
BenchmarkTest02563,pathtraver,CWE-22,47,0
BenchmarkTest02255,weakrand,CWE-330,60,0
BenchmarkTest02389,hash,CWE-328,74,0
BenchmarkTest02554,pathtraver,CWE-22,47,0
BenchmarkTest02321,xss,CWE-79,50,1
BenchmarkTest02160,weakrand,CWE-330,64,0
BenchmarkTest02620,weakrand,CWE-330,118,0
BenchmarkTest02366,sqli,CWE-89,87,0
BenchmarkTest02366,sqli,CWE-89,50,0
BenchmarkTest02541,sqli,CWE-89,77,0
BenchmarkTest02588,xss,CWE-79,56,1
BenchmarkTest02588,xss,CWE-79,55,1
BenchmarkTest01894,xpathi,CWE-643,103,1
BenchmarkTest02588,xss,CWE-79,52,1
BenchmarkTest02030,pathtraver,CWE-22,93,0
BenchmarkTest02621,weakrand,CWE-330,45,0
BenchmarkTest02365,sqli,CWE-89,50,0
BenchmarkTest02030,pathtraver,CWE-22,89,0
BenchmarkTest02161,weakrand,CWE-330,54,0
BenchmarkTest02543,sqli,CWE-89,75,1
BenchmarkTest02621,weakrand,CWE-330,47,0
BenchmarkTest02364,sqli,CWE-89,87,1
BenchmarkTest02588,xss,CWE-79,45,1
BenchmarkTest02588,xss,CWE-79,47,1
BenchmarkTest02161,weakrand,CWE-330,106,0
BenchmarkTest02363,sqli,CWE-89,50,0
BenchmarkTest02621,weakrand,CWE-330,68,0
BenchmarkTest02363,sqli,CWE-89,87,0
BenchmarkTest02031,pathtraver,CWE-22,65,0
BenchmarkTest02545,sqli,CWE-89,76,1
BenchmarkTest02363,sqli,CWE-89,91,0
BenchmarkTest02621,weakrand,CWE-330,55,0
BenchmarkTest02621,weakrand,CWE-330,52,0
BenchmarkTest02161,weakrand,CWE-330,62,0
BenchmarkTest02364,sqli,CWE-89,50,1
BenchmarkTest01895,crypto,CWE-327,77,1
BenchmarkTest02621,weakrand,CWE-330,56,0
BenchmarkTest02367,sqli,CWE-89,50,0
BenchmarkTest02367,sqli,CWE-89,86,0
BenchmarkTest02367,sqli,CWE-89,90,0
BenchmarkTest02159,weakrand,CWE-330,63,0
BenchmarkTest02369,sqli,CWE-89,50,1
BenchmarkTest02369,sqli,CWE-89,87,1
BenchmarkTest02589,xss,CWE-79,45,0
BenchmarkTest02032,pathtraver,CWE-22,91,1
BenchmarkTest02159,weakrand,CWE-330,55,0
BenchmarkTest02620,weakrand,CWE-330,76,0
BenchmarkTest01891,sqli,CWE-89,90,1
BenchmarkTest02537,sqli,CWE-89,77,1
BenchmarkTest02589,xss,CWE-79,47,0
BenchmarkTest02370,xpathi,CWE-643,79,0
BenchmarkTest02371,crypto,CWE-327,77,0
BenchmarkTest02589,xss,CWE-79,52,0
BenchmarkTest02589,xss,CWE-79,55,0
BenchmarkTest02370,xpathi,CWE-643,50,0
BenchmarkTest02027,pathtraver,CWE-22,76,1
BenchmarkTest02538,sqli,CWE-89,84,0
BenchmarkTest02538,sqli,CWE-89,88,0
BenchmarkTest01893,xpathi,CWE-643,106,0
BenchmarkTest02540,sqli,CWE-89,76,0
BenchmarkTest01893,xpathi,CWE-643,82,0
BenchmarkTest02667,pathtraver,CWE-22,84,0
BenchmarkTest02160,weakrand,CWE-330,56,0
BenchmarkTest02031,pathtraver,CWE-22,93,0
BenchmarkTest02159,weakrand,CWE-330,108,0
BenchmarkTest02588,xss,CWE-79,74,1
BenchmarkTest02539,sqli,CWE-89,91,0
BenchmarkTest02368,sqli,CWE-89,50,0
BenchmarkTest02539,sqli,CWE-89,87,0
BenchmarkTest02368,sqli,CWE-89,87,0
BenchmarkTest02159,weakrand,CWE-330,112,0
BenchmarkTest01892,xpathi,CWE-643,82,1
BenchmarkTest02588,xss,CWE-79,78,1
BenchmarkTest01895,crypto,CWE-327,93,1
BenchmarkTest02362,sqli,CWE-89,99,1
BenchmarkTest02362,sqli,CWE-89,50,1
BenchmarkTest02623,trustbound,CWE-501,45,1
BenchmarkTest02357,sqli,CWE-89,50,1
BenchmarkTest02548,crypto,CWE-327,102,1
BenchmarkTest02164,weakrand,CWE-330,54,0
BenchmarkTest02622,trustbound,CWE-501,56,1
BenchmarkTest01898,crypto,CWE-327,78,1
BenchmarkTest01898,crypto,CWE-327,94,1
BenchmarkTest02023,crypto,CWE-327,88,1
BenchmarkTest02548,crypto,CWE-327,86,1
BenchmarkTest02622,trustbound,CWE-501,55,1
BenchmarkTest02587,xss,CWE-79,52,1
BenchmarkTest02587,xss,CWE-79,55,1
BenchmarkTest02358,sqli,CWE-89,50,1
BenchmarkTest02548,crypto,CWE-327,56,1
BenchmarkTest02023,crypto,CWE-327,136,1
BenchmarkTest01897,crypto,CWE-327,94,1
BenchmarkTest02164,weakrand,CWE-330,62,0
BenchmarkTest01899,crypto,CWE-327,70,0
BenchmarkTest02355,sqli,CWE-89,50,1
BenchmarkTest02623,trustbound,CWE-501,55,1
BenchmarkTest02549,crypto,CWE-327,56,1
BenchmarkTest02587,xss,CWE-79,45,1
BenchmarkTest01899,crypto,CWE-327,86,0
BenchmarkTest02549,crypto,CWE-327,55,1
BenchmarkTest02549,crypto,CWE-327,45,1
BenchmarkTest02549,crypto,CWE-327,52,1
BenchmarkTest02356,sqli,CWE-89,50,1
BenchmarkTest02023,crypto,CWE-327,72,1
BenchmarkTest02356,sqli,CWE-89,88,1
BenchmarkTest02549,crypto,CWE-327,47,1
BenchmarkTest02623,trustbound,CWE-501,47,1
BenchmarkTest02587,xss,CWE-79,47,1
BenchmarkTest02623,trustbound,CWE-501,52,1
BenchmarkTest02620,weakrand,CWE-330,68,0
BenchmarkTest02622,trustbound,CWE-501,52,1
BenchmarkTest02024,crypto,CWE-327,82,0
BenchmarkTest02162,weakrand,CWE-330,62,0
BenchmarkTest02547,crypto,CWE-327,90,0
BenchmarkTest02361,sqli,CWE-89,50,0
BenchmarkTest02587,xss,CWE-79,78,1
BenchmarkTest02547,crypto,CWE-327,56,0
BenchmarkTest02361,sqli,CWE-89,95,0
BenchmarkTest01896,crypto,CWE-327,81,0
BenchmarkTest02547,crypto,CWE-327,55,0
BenchmarkTest02547,crypto,CWE-327,52,0
BenchmarkTest02621,weakrand,CWE-330,76,0
BenchmarkTest02547,crypto,CWE-327,47,0
BenchmarkTest02547,crypto,CWE-327,45,0
BenchmarkTest01895,crypto,CWE-327,152,1
BenchmarkTest02162,weakrand,CWE-330,54,0
BenchmarkTest01896,crypto,CWE-327,65,0
BenchmarkTest02548,crypto,CWE-327,55,1
BenchmarkTest02621,weakrand,CWE-330,118,0
BenchmarkTest02360,sqli,CWE-89,50,1
BenchmarkTest02548,crypto,CWE-327,52,1
BenchmarkTest02163,weakrand,CWE-330,62,0
BenchmarkTest02622,trustbound,CWE-501,47,1
BenchmarkTest02548,crypto,CWE-327,47,1
BenchmarkTest02548,crypto,CWE-327,45,1
BenchmarkTest02359,sqli,CWE-89,50,1
BenchmarkTest02025,ldapi,CWE-90,107,0
BenchmarkTest02587,xss,CWE-79,56,1
BenchmarkTest02359,sqli,CWE-89,96,1
BenchmarkTest02587,xss,CWE-79,74,1
BenchmarkTest01897,crypto,CWE-327,78,1
BenchmarkTest02622,trustbound,CWE-501,45,1
BenchmarkTest02547,crypto,CWE-327,106,0
BenchmarkTest02024,crypto,CWE-327,98,0
BenchmarkTest02163,weakrand,CWE-330,54,0
BenchmarkTest02371,crypto,CWE-327,93,0
BenchmarkTest02372,crypto,CWE-327,61,0
BenchmarkTest02158,weakrand,CWE-330,63,0
BenchmarkTest02677,hash,CWE-328,59,1
BenchmarkTest02149,cmdi,CWE-78,90,0
BenchmarkTest02592,xss,CWE-79,52,1
BenchmarkTest02592,xss,CWE-79,55,1
BenchmarkTest02386,hash,CWE-328,74,1
BenchmarkTest02386,hash,CWE-328,95,1
BenchmarkTest02619,weakrand,CWE-330,45,0
BenchmarkTest01870,weakrand,CWE-330,123,0
BenchmarkTest02387,hash,CWE-328,57,1
BenchmarkTest02677,hash,CWE-328,95,1
BenchmarkTest01870,weakrand,CWE-330,79,0
BenchmarkTest02042,hash,CWE-328,80,1
BenchmarkTest02678,hash,CWE-328,59,0
BenchmarkTest02592,xss,CWE-79,56,1
BenchmarkTest02677,hash,CWE-328,76,1
BenchmarkTest01870,weakrand,CWE-330,71,0
BenchmarkTest02676,hash,CWE-328,73,0
BenchmarkTest01871,weakrand,CWE-330,71,0
BenchmarkTest02674,hash,CWE-328,93,1
BenchmarkTest02592,xss,CWE-79,45,1
BenchmarkTest02674,hash,CWE-328,97,1
BenchmarkTest02675,hash,CWE-328,56,1
BenchmarkTest02042,hash,CWE-328,63,1
BenchmarkTest01871,weakrand,CWE-330,121,0
BenchmarkTest02592,xss,CWE-79,47,1
BenchmarkTest02385,hash,CWE-328,82,1
BenchmarkTest02675,hash,CWE-328,73,1
BenchmarkTest01871,weakrand,CWE-330,79,0
BenchmarkTest02385,hash,CWE-328,106,1
BenchmarkTest02675,hash,CWE-328,91,1
BenchmarkTest02386,hash,CWE-328,57,1
BenchmarkTest02676,hash,CWE-328,56,0
BenchmarkTest02619,weakrand,CWE-330,47,0
BenchmarkTest02674,hash,CWE-328,73,1
BenchmarkTest02592,xss,CWE-79,73,1
BenchmarkTest02148,cmdi,CWE-78,89,0
BenchmarkTest02388,hash,CWE-328,74,1
BenchmarkTest02693,xss,CWE-79,58,0
BenchmarkTest02593,xss,CWE-79,55,0
BenchmarkTest02699,cmdi,CWE-78,79,0
BenchmarkTest02389,hash,CWE-328,57,0
BenchmarkTest01868,weakrand,CWE-330,84,0
BenchmarkTest02692,xss,CWE-79,60,0
BenchmarkTest02043,hash,CWE-328,83,0
BenchmarkTest02618,weakrand,CWE-330,122,0
BenchmarkTest02700,weakrand,CWE-330,54,1
BenchmarkTest02593,xss,CWE-79,56,0
BenchmarkTest01867,weakrand,CWE-330,81,0
BenchmarkTest02146,cmdi,CWE-78,57,1
BenchmarkTest02593,xss,CWE-79,75,0
BenchmarkTest01868,weakrand,CWE-330,76,0
BenchmarkTest02148,cmdi,CWE-78,93,0
BenchmarkTest02593,xss,CWE-79,52,0
BenchmarkTest02689,xss,CWE-79,58,0
BenchmarkTest02387,hash,CWE-328,74,1
BenchmarkTest02388,hash,CWE-328,57,1
BenchmarkTest02043,hash,CWE-328,66,0
BenchmarkTest02678,hash,CWE-328,76,0
BenchmarkTest02679,xss,CWE-79,64,0
BenchmarkTest02680,xss,CWE-79,60,0
BenchmarkTest02147,cmdi,CWE-78,57,1
BenchmarkTest01869,weakrand,CWE-330,84,0
BenchmarkTest02593,xss,CWE-79,45,0
BenchmarkTest02683,xss,CWE-79,63,0
BenchmarkTest02684,xss,CWE-79,60,0
BenchmarkTest02593,xss,CWE-79,47,0
BenchmarkTest01869,weakrand,CWE-330,76,0
BenchmarkTest02687,xss,CWE-79,60,0
BenchmarkTest02683,xss,CWE-79,59,0
BenchmarkTest01900,crypto,CWE-327,70,1
BenchmarkTest02385,hash,CWE-328,65,1
BenchmarkTest02041,hash,CWE-328,111,0
BenchmarkTest02620,weakrand,CWE-330,47,0
BenchmarkTest01884,sqli,CWE-89,91,0
BenchmarkTest02037,ldapi,CWE-90,109,1
BenchmarkTest02374,crypto,CWE-327,90,1
BenchmarkTest02590,xss,CWE-79,45,0
BenchmarkTest02590,xss,CWE-79,47,0
BenchmarkTest02671,hash,CWE-328,64,1
BenchmarkTest02590,xss,CWE-79,52,0
BenchmarkTest02590,xss,CWE-79,55,0
BenchmarkTest02038,weakrand,CWE-330,60,1
BenchmarkTest02375,crypto,CWE-327,66,1
BenchmarkTest02620,weakrand,CWE-330,45,0
BenchmarkTest02038,weakrand,CWE-330,68,1
BenchmarkTest02671,hash,CWE-328,81,1
BenchmarkTest02157,weakrand,CWE-330,67,0
BenchmarkTest02672,hash,CWE-328,64,0
BenchmarkTest02670,hash,CWE-328,81,1
BenchmarkTest02035,pathtraver,CWE-22,96,0
BenchmarkTest02620,weakrand,CWE-330,56,0
BenchmarkTest02372,crypto,CWE-327,77,0
BenchmarkTest01888,sqli,CWE-89,89,1
BenchmarkTest02670,hash,CWE-328,64,1
BenchmarkTest02373,crypto,CWE-327,74,1
BenchmarkTest02158,weakrand,CWE-330,55,0
BenchmarkTest02620,weakrand,CWE-330,52,0
BenchmarkTest02620,weakrand,CWE-330,55,0
BenchmarkTest02589,xss,CWE-79,56,0
BenchmarkTest01886,sqli,CWE-89,93,0
BenchmarkTest01886,sqli,CWE-89,89,0
BenchmarkTest02373,crypto,CWE-327,90,1
BenchmarkTest02373,crypto,CWE-327,144,1
BenchmarkTest02374,crypto,CWE-327,74,1
BenchmarkTest02034,pathtraver,CWE-22,97,1
BenchmarkTest02591,xss,CWE-79,56,1
BenchmarkTest02157,weakrand,CWE-330,59,0
BenchmarkTest02590,xss,CWE-79,56,0
BenchmarkTest02154,cmdi,CWE-78,58,1
BenchmarkTest02619,weakrand,CWE-330,56,0
BenchmarkTest02673,hash,CWE-328,103,0
BenchmarkTest02041,hash,CWE-328,71,0
BenchmarkTest02674,hash,CWE-328,56,1
BenchmarkTest02591,xss,CWE-79,52,1
BenchmarkTest02591,xss,CWE-79,47,1
BenchmarkTest02591,xss,CWE-79,55,1
BenchmarkTest02153,cmdi,CWE-78,77,0
BenchmarkTest02153,cmdi,CWE-78,73,0
BenchmarkTest01876,trustbound,CWE-501,79,1
BenchmarkTest02041,hash,CWE-328,88,0
BenchmarkTest02382,pathtraver,CWE-22,82,0
BenchmarkTest02619,weakrand,CWE-330,52,0
BenchmarkTest02619,weakrand,CWE-330,55,0
BenchmarkTest02375,crypto,CWE-327,82,1
BenchmarkTest02673,hash,CWE-328,81,0
BenchmarkTest02154,cmdi,CWE-78,77,1
BenchmarkTest02375,crypto,CWE-327,131,1
BenchmarkTest02376,ldapi,CWE-90,101,0
BenchmarkTest02039,weakrand,CWE-330,60,1
BenchmarkTest02156,cmdi,CWE-78,70,0
BenchmarkTest02591,xss,CWE-79,45,1
BenchmarkTest02672,hash,CWE-328,81,0
BenchmarkTest02619,weakrand,CWE-330,68,0
BenchmarkTest02039,weakrand,CWE-330,68,1
BenchmarkTest02619,weakrand,CWE-330,76,0
BenchmarkTest02040,weakrand,CWE-330,60,1
BenchmarkTest02380,pathtraver,CWE-22,82,0
BenchmarkTest02040,weakrand,CWE-330,68,1
BenchmarkTest02380,pathtraver,CWE-22,86,0
BenchmarkTest01878,sqli,CWE-89,93,0
BenchmarkTest02673,hash,CWE-328,64,0
BenchmarkTest02012,weakrand,CWE-330,73,0
BenchmarkTest02022,crypto,CWE-327,134,1
BenchmarkTest02354,sqli,CWE-89,89,1
BenchmarkTest02552,crypto,CWE-327,52,0
BenchmarkTest02579,xss,CWE-79,47,1
BenchmarkTest02579,xss,CWE-79,45,1
BenchmarkTest01931,weakrand,CWE-330,58,1
BenchmarkTest02176,sqli,CWE-89,74,0
BenchmarkTest02337,weakrand,CWE-330,75,1
BenchmarkTest02552,crypto,CWE-327,55,0
BenchmarkTest02337,weakrand,CWE-330,67,1
BenchmarkTest02337,weakrand,CWE-330,50,1
BenchmarkTest02578,xss,CWE-79,75,1
BenchmarkTest02626,sqli,CWE-89,89,0
BenchmarkTest02578,xss,CWE-79,56,1
BenchmarkTest02578,xss,CWE-79,55,1
BenchmarkTest02336,cmdi,CWE-78,98,0
BenchmarkTest01931,weakrand,CWE-330,66,1
BenchmarkTest02552,crypto,CWE-327,56,0
BenchmarkTest02336,cmdi,CWE-78,94,0
BenchmarkTest02333,cmdi,CWE-78,50,1
BenchmarkTest01932,weakrand,CWE-330,58,1
BenchmarkTest02656,sqli,CWE-89,56,1
BenchmarkTest02656,sqli,CWE-89,87,1
BenchmarkTest02552,crypto,CWE-327,89,0
BenchmarkTest01931,weakrand,CWE-330,112,1
BenchmarkTest02579,xss,CWE-79,52,1
BenchmarkTest01931,weakrand,CWE-330,108,1
BenchmarkTest02577,hash,CWE-328,90,1
BenchmarkTest02578,xss,CWE-79,45,1
BenchmarkTest02335,cmdi,CWE-78,50,0
BenchmarkTest02578,xss,CWE-79,47,1
BenchmarkTest02578,xss,CWE-79,52,1
BenchmarkTest02336,cmdi,CWE-78,50,0
BenchmarkTest02334,cmdi,CWE-78,50,1
BenchmarkTest02552,crypto,CWE-327,47,0
BenchmarkTest02338,weakrand,CWE-330,50,1
BenchmarkTest02552,crypto,CWE-327,45,0
BenchmarkTest02580,xss,CWE-79,52,1
BenchmarkTest02339,securecookie,CWE-614,68,1
BenchmarkTest02017,crypto,CWE-327,96,1
BenchmarkTest02551,crypto,CWE-327,95,0
BenchmarkTest02657,sqli,CWE-89,56,0
BenchmarkTest02626,sqli,CWE-89,52,0
BenchmarkTest02580,xss,CWE-79,47,1
BenchmarkTest02657,sqli,CWE-89,87,0
BenchmarkTest02174,sqli,CWE-89,75,0
BenchmarkTest02626,sqli,CWE-89,47,0
BenchmarkTest01926,xss,CWE-79,64,1
BenchmarkTest02658,crypto,CWE-327,73,1
BenchmarkTest02580,xss,CWE-79,55,1
BenchmarkTest02580,xss,CWE-79,56,1
BenchmarkTest02340,cmdi,CWE-78,50,0
BenchmarkTest02577,hash,CWE-328,73,1
BenchmarkTest02339,securecookie,CWE-614,50,1
BenchmarkTest02551,crypto,CWE-327,142,0
BenchmarkTest02017,crypto,CWE-327,80,1
BenchmarkTest02338,weakrand,CWE-330,67,1
BenchmarkTest02657,sqli,CWE-89,45,0
BenchmarkTest02657,sqli,CWE-89,47,0
BenchmarkTest02579,xss,CWE-79,55,1
BenchmarkTest02579,xss,CWE-79,56,1
BenchmarkTest02657,sqli,CWE-89,55,0
BenchmarkTest02626,sqli,CWE-89,56,0
BenchmarkTest02338,weakrand,CWE-330,75,1
BenchmarkTest01930,weakrand,CWE-330,58,1
BenchmarkTest02657,sqli,CWE-89,52,0
BenchmarkTest02338,weakrand,CWE-330,117,1
BenchmarkTest02626,sqli,CWE-89,55,0
BenchmarkTest02580,xss,CWE-79,45,1
BenchmarkTest01930,weakrand,CWE-330,66,1
BenchmarkTest01932,weakrand,CWE-330,66,1
BenchmarkTest02014,weakrand,CWE-330,76,0
BenchmarkTest02577,hash,CWE-328,56,1
BenchmarkTest02553,ldapi,CWE-90,52,0
BenchmarkTest02655,sqli,CWE-89,56,1
BenchmarkTest02553,ldapi,CWE-90,47,0
BenchmarkTest02325,xss,CWE-79,50,0
BenchmarkTest02325,xss,CWE-79,74,0
BenchmarkTest02627,sqli,CWE-89,52,1
BenchmarkTest02012,weakrand,CWE-330,81,0
BenchmarkTest02576,hash,CWE-328,47,0
BenchmarkTest01935,securecookie,CWE-614,96,0
BenchmarkTest02553,ldapi,CWE-90,45,0
BenchmarkTest01935,securecookie,CWE-614,92,0
BenchmarkTest02326,xss,CWE-79,50,1
BenchmarkTest02012,weakrand,CWE-330,125,0
BenchmarkTest02327,xss,CWE-79,50,1
BenchmarkTest02576,hash,CWE-328,52,0
BenchmarkTest02576,hash,CWE-328,55,0
BenchmarkTest02324,xss,CWE-79,73,1
BenchmarkTest01936,cmdi,CWE-78,62,1
BenchmarkTest02554,pathtraver,CWE-22,45,0
BenchmarkTest02321,xss,CWE-79,74,1
BenchmarkTest02321,xss,CWE-79,78,1
BenchmarkTest02655,sqli,CWE-89,52,1
BenchmarkTest02575,hash,CWE-328,107,1
BenchmarkTest02627,sqli,CWE-89,55,1
BenchmarkTest02324,xss,CWE-79,50,1
BenchmarkTest02322,xss,CWE-79,50,1
BenchmarkTest02655,sqli,CWE-89,55,1
BenchmarkTest02553,ldapi,CWE-90,56,0
BenchmarkTest02323,xss,CWE-79,50,1
BenchmarkTest01937,cmdi,CWE-78,62,0
BenchmarkTest02576,hash,CWE-328,45,0
BenchmarkTest02553,ldapi,CWE-90,55,0
BenchmarkTest02322,xss,CWE-79,75,1
BenchmarkTest01925,xss,CWE-79,63,1
BenchmarkTest01935,securecookie,CWE-614,59,0
BenchmarkTest02576,hash,CWE-328,56,0
BenchmarkTest02331,xss,CWE-79,50,0
BenchmarkTest01933,weakrand,CWE-330,66,1
BenchmarkTest02183,sqli,CWE-89,85,0
BenchmarkTest02183,sqli,CWE-89,81,0
BenchmarkTest01933,weakrand,CWE-330,58,1
BenchmarkTest02577,hash,CWE-328,45,1
BenchmarkTest02576,hash,CWE-328,107,0
BenchmarkTest02627,sqli,CWE-89,45,1
BenchmarkTest02577,hash,CWE-328,52,1
BenchmarkTest02014,weakrand,CWE-330,68,0
BenchmarkTest02332,xss,CWE-79,50,1
BenchmarkTest02656,sqli,CWE-89,55,1
BenchmarkTest02332,xss,CWE-79,74,1
BenchmarkTest02577,hash,CWE-328,55,1
BenchmarkTest02577,hash,CWE-328,47,1
BenchmarkTest02012,weakrand,CWE-330,129,0
BenchmarkTest02576,hash,CWE-328,87,0
BenchmarkTest02656,sqli,CWE-89,47,1
BenchmarkTest02576,hash,CWE-328,70,0
BenchmarkTest02552,crypto,CWE-327,159,0
BenchmarkTest02328,xss,CWE-79,50,1
BenchmarkTest02656,sqli,CWE-89,45,1
BenchmarkTest02013,weakrand,CWE-330,69,0
BenchmarkTest02552,crypto,CWE-327,105,0
BenchmarkTest02656,sqli,CWE-89,52,1
BenchmarkTest01934,weakrand,CWE-330,66,1
BenchmarkTest02627,sqli,CWE-89,47,1
BenchmarkTest02329,xss,CWE-79,77,0
BenchmarkTest01934,weakrand,CWE-330,58,1
BenchmarkTest02013,weakrand,CWE-330,77,0
BenchmarkTest02330,xss,CWE-79,50,0
BenchmarkTest02330,xss,CWE-79,78,0
BenchmarkTest02329,xss,CWE-79,50,0
BenchmarkTest02626,sqli,CWE-89,45,0
BenchmarkTest02018,crypto,CWE-327,80,1
BenchmarkTest02581,xss,CWE-79,45,0
BenchmarkTest02348,weakrand,CWE-330,76,0
BenchmarkTest01907,pathtraver,CWE-22,87,1
BenchmarkTest02663,crypto,CWE-327,65,1
BenchmarkTest02624,trustbound,CWE-501,52,1
BenchmarkTest02585,xss,CWE-79,52,1
BenchmarkTest02585,xss,CWE-79,55,1
BenchmarkTest02550,crypto,CWE-327,87,1
BenchmarkTest02021,crypto,CWE-327,72,0
BenchmarkTest02349,weakrand,CWE-330,68,0
BenchmarkTest02550,crypto,CWE-327,56,1
BenchmarkTest02349,weakrand,CWE-330,76,0
BenchmarkTest02349,weakrand,CWE-330,119,0
BenchmarkTest02550,crypto,CWE-327,55,1
BenchmarkTest02349,weakrand,CWE-330,123,0
BenchmarkTest02349,weakrand,CWE-330,50,0
BenchmarkTest02624,trustbound,CWE-501,47,1
BenchmarkTest02348,weakrand,CWE-330,68,0
BenchmarkTest02624,trustbound,CWE-501,55,1
BenchmarkTest01911,hash,CWE-328,69,1
BenchmarkTest02661,crypto,CWE-327,89,1
BenchmarkTest02661,crypto,CWE-327,140,1
BenchmarkTest02585,xss,CWE-79,45,1
BenchmarkTest02662,crypto,CWE-327,65,0
BenchmarkTest02347,weakrand,CWE-330,50,0
BenchmarkTest02348,weakrand,CWE-330,50,0
BenchmarkTest02347,weakrand,CWE-330,69,0
BenchmarkTest02347,weakrand,CWE-330,77,0
BenchmarkTest01910,weakrand,CWE-330,58,1
BenchmarkTest02585,xss,CWE-79,47,1
BenchmarkTest02020,crypto,CWE-327,95,1
BenchmarkTest02662,crypto,CWE-327,81,0
BenchmarkTest02169,sqli,CWE-89,74,1
BenchmarkTest01910,weakrand,CWE-330,66,1
BenchmarkTest02584,xss,CWE-79,56,1
BenchmarkTest02585,xss,CWE-79,56,1
BenchmarkTest02350,weakrand,CWE-330,50,0
BenchmarkTest02586,xss,CWE-79,52,1
BenchmarkTest02586,xss,CWE-79,55,1
BenchmarkTest02022,crypto,CWE-327,72,1
BenchmarkTest01901,crypto,CWE-327,96,0
BenchmarkTest02586,xss,CWE-79,56,1
BenchmarkTest02353,sqli,CWE-89,50,0
BenchmarkTest02352,trustbound,CWE-501,50,1
BenchmarkTest02353,sqli,CWE-89,89,0
BenchmarkTest02623,trustbound,CWE-501,56,1
BenchmarkTest02665,pathtraver,CWE-22,58,0
BenchmarkTest02354,sqli,CWE-89,50,1
BenchmarkTest01900,crypto,CWE-327,135,1
BenchmarkTest01900,crypto,CWE-327,86,1
BenchmarkTest02022,crypto,CWE-327,88,1
BenchmarkTest01901,crypto,CWE-327,80,0
BenchmarkTest02550,crypto,CWE-327,52,1
BenchmarkTest02624,trustbound,CWE-501,45,1
BenchmarkTest02586,xss,CWE-79,45,1
BenchmarkTest02350,weakrand,CWE-330,68,0
BenchmarkTest02585,xss,CWE-79,71,1
BenchmarkTest02350,weakrand,CWE-330,76,0
BenchmarkTest02550,crypto,CWE-327,47,1
BenchmarkTest02550,crypto,CWE-327,45,1
BenchmarkTest02351,weakrand,CWE-330,50,0
BenchmarkTest02586,xss,CWE-79,47,1
BenchmarkTest02663,crypto,CWE-327,81,1
BenchmarkTest02351,weakrand,CWE-330,76,0
BenchmarkTest02549,crypto,CWE-327,102,1
BenchmarkTest02351,weakrand,CWE-330,119,0
BenchmarkTest02351,weakrand,CWE-330,123,0
BenchmarkTest01903,ldapi,CWE-90,104,0
BenchmarkTest02021,crypto,CWE-327,88,0
BenchmarkTest02351,weakrand,CWE-330,68,0
BenchmarkTest02549,crypto,CWE-327,86,1
BenchmarkTest02346,weakrand,CWE-330,128,0
BenchmarkTest02346,weakrand,CWE-330,81,0
BenchmarkTest02659,crypto,CWE-327,92,0
BenchmarkTest02625,sqli,CWE-89,56,1
BenchmarkTest02660,crypto,CWE-327,73,1
BenchmarkTest02582,xss,CWE-79,52,1
BenchmarkTest02343,cmdi,CWE-78,50,1
BenchmarkTest02343,cmdi,CWE-78,72,1
BenchmarkTest02582,xss,CWE-79,47,1
BenchmarkTest02582,xss,CWE-79,55,1
BenchmarkTest02660,crypto,CWE-327,89,1
BenchmarkTest02660,crypto,CWE-327,142,1
BenchmarkTest02660,crypto,CWE-327,146,1
BenchmarkTest01915,xss,CWE-79,66,0
BenchmarkTest02582,xss,CWE-79,56,1
BenchmarkTest02019,crypto,CWE-327,80,1
BenchmarkTest02551,crypto,CWE-327,79,0
BenchmarkTest02661,crypto,CWE-327,73,1
BenchmarkTest02172,sqli,CWE-89,76,0
BenchmarkTest02018,crypto,CWE-327,152,1
BenchmarkTest02341,cmdi,CWE-78,50,0
BenchmarkTest02581,xss,CWE-79,47,0
BenchmarkTest02581,xss,CWE-79,52,0
BenchmarkTest02581,xss,CWE-79,55,0
BenchmarkTest02581,xss,CWE-79,56,0
BenchmarkTest02018,crypto,CWE-327,96,1
BenchmarkTest01918,xss,CWE-79,66,0
BenchmarkTest02582,xss,CWE-79,45,1
BenchmarkTest02658,crypto,CWE-327,89,1
BenchmarkTest02658,crypto,CWE-327,141,1
BenchmarkTest02659,crypto,CWE-327,76,0
BenchmarkTest02342,cmdi,CWE-78,72,1
BenchmarkTest02018,crypto,CWE-327,148,1
BenchmarkTest01919,xss,CWE-79,65,1
BenchmarkTest02342,cmdi,CWE-78,50,1
BenchmarkTest02550,crypto,CWE-327,103,1
BenchmarkTest02625,sqli,CWE-89,55,1
BenchmarkTest01914,xss,CWE-79,68,0
BenchmarkTest01912,hash,CWE-328,78,0
BenchmarkTest02625,sqli,CWE-89,47,1
BenchmarkTest02625,sqli,CWE-89,45,1
BenchmarkTest02551,crypto,CWE-327,47,0
BenchmarkTest02019,crypto,CWE-327,146,1
BenchmarkTest02551,crypto,CWE-327,45,0
BenchmarkTest02019,crypto,CWE-327,96,1
BenchmarkTest02346,weakrand,CWE-330,50,0
BenchmarkTest01912,hash,CWE-328,61,0
BenchmarkTest02584,xss,CWE-79,55,1
BenchmarkTest02346,weakrand,CWE-330,73,0
BenchmarkTest01911,hash,CWE-328,86,1
BenchmarkTest02020,crypto,CWE-327,79,1
BenchmarkTest02624,trustbound,CWE-501,56,1
BenchmarkTest02584,xss,CWE-79,52,1
BenchmarkTest02344,cmdi,CWE-78,50,1
BenchmarkTest01913,hash,CWE-328,61,0
BenchmarkTest02551,crypto,CWE-327,52,0
BenchmarkTest02625,sqli,CWE-89,52,1
BenchmarkTest02344,cmdi,CWE-78,85,1
BenchmarkTest02583,xss,CWE-79,45,1
BenchmarkTest02551,crypto,CWE-327,56,0
BenchmarkTest02583,xss,CWE-79,47,1
BenchmarkTest02583,xss,CWE-79,52,1
BenchmarkTest02584,xss,CWE-79,47,1
BenchmarkTest01913,hash,CWE-328,78,0
BenchmarkTest02583,xss,CWE-79,56,1
BenchmarkTest02551,crypto,CWE-327,55,0
BenchmarkTest02345,weakrand,CWE-330,50,0
BenchmarkTest02584,xss,CWE-79,45,1
BenchmarkTest02345,weakrand,CWE-330,73,0
BenchmarkTest02345,weakrand,CWE-330,81,0
BenchmarkTest02583,xss,CWE-79,55,1
BenchmarkTest02605,weakrand,CWE-330,75,1
BenchmarkTest01727,sqli,CWE-89,89,1
BenchmarkTest00801,xss,CWE-79,56,1
BenchmarkTest00801,xss,CWE-79,55,1
BenchmarkTest00801,xss,CWE-79,52,1
BenchmarkTest00801,xss,CWE-79,47,1
BenchmarkTest00801,xss,CWE-79,45,1
BenchmarkTest00800,xss,CWE-79,56,1
BenchmarkTest00800,xss,CWE-79,55,1
BenchmarkTest00800,xss,CWE-79,52,1
BenchmarkTest00800,xss,CWE-79,47,1
BenchmarkTest00800,xss,CWE-79,45,1
BenchmarkTest00799,xss,CWE-79,56,0
BenchmarkTest00799,xss,CWE-79,55,0
BenchmarkTest00799,xss,CWE-79,52,0
BenchmarkTest00799,xss,CWE-79,47,0
BenchmarkTest00802,xss,CWE-79,45,1
BenchmarkTest00799,xss,CWE-79,45,0
BenchmarkTest00798,hash,CWE-328,79,0
BenchmarkTest00798,hash,CWE-328,64,0
BenchmarkTest00798,hash,CWE-328,56,0
BenchmarkTest00798,hash,CWE-328,55,0
BenchmarkTest00798,hash,CWE-328,52,0
BenchmarkTest00798,hash,CWE-328,47,0
BenchmarkTest00798,hash,CWE-328,45,0
BenchmarkTest00797,hash,CWE-328,96,1
BenchmarkTest00797,hash,CWE-328,79,1
BenchmarkTest00797,hash,CWE-328,64,1
BenchmarkTest00797,hash,CWE-328,56,1
BenchmarkTest00797,hash,CWE-328,55,1
BenchmarkTest00797,hash,CWE-328,52,1
BenchmarkTest00797,hash,CWE-328,47,1
BenchmarkTest00798,hash,CWE-328,96,0
BenchmarkTest00797,hash,CWE-328,45,1
BenchmarkTest00802,xss,CWE-79,47,1
BenchmarkTest00802,xss,CWE-79,55,1
BenchmarkTest00808,xss,CWE-79,47,0
BenchmarkTest00808,xss,CWE-79,45,0
BenchmarkTest00807,xss,CWE-79,56,1
BenchmarkTest00807,xss,CWE-79,55,1
BenchmarkTest00807,xss,CWE-79,52,1
BenchmarkTest00807,xss,CWE-79,47,1
BenchmarkTest00807,xss,CWE-79,45,1
BenchmarkTest00806,xss,CWE-79,56,1
BenchmarkTest00806,xss,CWE-79,55,1
BenchmarkTest00806,xss,CWE-79,52,1
BenchmarkTest00806,xss,CWE-79,47,1
BenchmarkTest00806,xss,CWE-79,45,1
BenchmarkTest00805,xss,CWE-79,69,1
BenchmarkTest00805,xss,CWE-79,65,1
BenchmarkTest00802,xss,CWE-79,52,1
BenchmarkTest00805,xss,CWE-79,56,1
BenchmarkTest00805,xss,CWE-79,52,1
BenchmarkTest00805,xss,CWE-79,47,1
BenchmarkTest00805,xss,CWE-79,45,1
BenchmarkTest00804,xss,CWE-79,56,1
BenchmarkTest00804,xss,CWE-79,55,1
BenchmarkTest00804,xss,CWE-79,52,1
BenchmarkTest00804,xss,CWE-79,47,1
BenchmarkTest00804,xss,CWE-79,45,1
BenchmarkTest00803,xss,CWE-79,56,1
BenchmarkTest00803,xss,CWE-79,55,1
BenchmarkTest00803,xss,CWE-79,52,1
BenchmarkTest00803,xss,CWE-79,47,1
BenchmarkTest00803,xss,CWE-79,45,1
BenchmarkTest00802,xss,CWE-79,56,1
BenchmarkTest00805,xss,CWE-79,55,1
BenchmarkTest00808,xss,CWE-79,52,0
BenchmarkTest00796,hash,CWE-328,97,1
BenchmarkTest00796,hash,CWE-328,56,1
BenchmarkTest00791,hash,CWE-328,89,0
BenchmarkTest00791,hash,CWE-328,72,0
BenchmarkTest00791,hash,CWE-328,56,0
BenchmarkTest00791,hash,CWE-328,55,0
BenchmarkTest00791,hash,CWE-328,52,0
BenchmarkTest00791,hash,CWE-328,47,0
BenchmarkTest00791,hash,CWE-328,45,0
BenchmarkTest00790,hash,CWE-328,89,1
BenchmarkTest00790,hash,CWE-328,72,1
BenchmarkTest00790,hash,CWE-328,56,1
BenchmarkTest00790,hash,CWE-328,55,1
BenchmarkTest00790,hash,CWE-328,52,1
BenchmarkTest00790,hash,CWE-328,47,1
BenchmarkTest00790,hash,CWE-328,45,1
BenchmarkTest00792,hash,CWE-328,45,0
BenchmarkTest00789,hash,CWE-328,93,1
BenchmarkTest00789,hash,CWE-328,56,1
BenchmarkTest00789,hash,CWE-328,55,1
BenchmarkTest00789,hash,CWE-328,52,1
BenchmarkTest00789,hash,CWE-328,47,1
BenchmarkTest00789,hash,CWE-328,45,1
BenchmarkTest00788,pathtraver,CWE-22,56,1
BenchmarkTest00788,pathtraver,CWE-22,55,1
BenchmarkTest00788,pathtraver,CWE-22,52,1
BenchmarkTest00788,pathtraver,CWE-22,47,1
BenchmarkTest00788,pathtraver,CWE-22,45,1
BenchmarkTest00787,pathtraver,CWE-22,56,1
BenchmarkTest00787,pathtraver,CWE-22,55,1
BenchmarkTest00787,pathtraver,CWE-22,52,1
BenchmarkTest00787,pathtraver,CWE-22,47,1
BenchmarkTest00789,hash,CWE-328,76,1
BenchmarkTest00796,hash,CWE-328,80,1
BenchmarkTest00792,hash,CWE-328,47,0
BenchmarkTest00792,hash,CWE-328,55,0
BenchmarkTest00796,hash,CWE-328,55,1
BenchmarkTest00796,hash,CWE-328,52,1
BenchmarkTest00796,hash,CWE-328,47,1
BenchmarkTest00796,hash,CWE-328,45,1
BenchmarkTest00795,hash,CWE-328,92,0
BenchmarkTest00795,hash,CWE-328,75,0
BenchmarkTest00795,hash,CWE-328,63,0
BenchmarkTest00795,hash,CWE-328,56,0
BenchmarkTest00795,hash,CWE-328,55,0
BenchmarkTest00795,hash,CWE-328,52,0
BenchmarkTest00795,hash,CWE-328,47,0
BenchmarkTest00795,hash,CWE-328,45,0
BenchmarkTest00794,hash,CWE-328,92,1
BenchmarkTest00794,hash,CWE-328,75,1
BenchmarkTest00792,hash,CWE-328,52,0
BenchmarkTest00794,hash,CWE-328,63,1
BenchmarkTest00794,hash,CWE-328,55,1
BenchmarkTest00794,hash,CWE-328,52,1
BenchmarkTest00794,hash,CWE-328,47,1
BenchmarkTest00794,hash,CWE-328,45,1
BenchmarkTest00793,hash,CWE-328,89,0
BenchmarkTest00793,hash,CWE-328,72,0
BenchmarkTest00793,hash,CWE-328,56,0
BenchmarkTest00793,hash,CWE-328,55,0
BenchmarkTest00793,hash,CWE-328,52,0
BenchmarkTest00793,hash,CWE-328,47,0
BenchmarkTest00793,hash,CWE-328,45,0
BenchmarkTest00792,hash,CWE-328,95,0
BenchmarkTest00792,hash,CWE-328,78,0
BenchmarkTest00792,hash,CWE-328,56,0
BenchmarkTest00794,hash,CWE-328,56,1
BenchmarkTest00808,xss,CWE-79,55,0
BenchmarkTest00808,xss,CWE-79,56,0
BenchmarkTest00809,xss,CWE-79,45,1
BenchmarkTest00825,cmdi,CWE-78,52,1
BenchmarkTest00825,cmdi,CWE-78,47,1
BenchmarkTest00825,cmdi,CWE-78,45,1
BenchmarkTest00824,cmdi,CWE-78,56,1
BenchmarkTest00824,cmdi,CWE-78,55,1
BenchmarkTest00824,cmdi,CWE-78,52,1
BenchmarkTest00824,cmdi,CWE-78,47,1
BenchmarkTest00824,cmdi,CWE-78,45,1
BenchmarkTest00823,cmdi,CWE-78,56,1
BenchmarkTest00823,cmdi,CWE-78,55,1
BenchmarkTest00823,cmdi,CWE-78,52,1
BenchmarkTest00823,cmdi,CWE-78,47,1
BenchmarkTest00823,cmdi,CWE-78,45,1
BenchmarkTest00822,xss,CWE-79,65,1
BenchmarkTest00825,cmdi,CWE-78,55,1
BenchmarkTest00822,xss,CWE-79,56,1
BenchmarkTest00822,xss,CWE-79,52,1
BenchmarkTest00822,xss,CWE-79,47,1
BenchmarkTest00822,xss,CWE-79,45,1
BenchmarkTest00821,securecookie,CWE-614,71,1
BenchmarkTest00821,securecookie,CWE-614,56,1
BenchmarkTest00821,securecookie,CWE-614,55,1
BenchmarkTest00821,securecookie,CWE-614,52,1
BenchmarkTest00821,securecookie,CWE-614,47,1
BenchmarkTest00821,securecookie,CWE-614,45,1
BenchmarkTest00820,securecookie,CWE-614,70,1
BenchmarkTest00820,securecookie,CWE-614,56,1
BenchmarkTest00820,securecookie,CWE-614,55,1
BenchmarkTest00820,securecookie,CWE-614,52,1
BenchmarkTest00820,securecookie,CWE-614,47,1
BenchmarkTest00822,xss,CWE-79,55,1
BenchmarkTest00820,securecookie,CWE-614,45,1
BenchmarkTest00825,cmdi,CWE-78,56,1
BenchmarkTest00826,cmdi,CWE-78,47,0
BenchmarkTest00830,weakrand,CWE-330,56,0
BenchmarkTest00830,weakrand,CWE-330,55,0
BenchmarkTest00830,weakrand,CWE-330,52,0
BenchmarkTest00830,weakrand,CWE-330,47,0
BenchmarkTest00830,weakrand,CWE-330,45,0
BenchmarkTest00829,weakrand,CWE-330,102,0
BenchmarkTest00829,weakrand,CWE-330,94,0
BenchmarkTest00829,weakrand,CWE-330,56,0
BenchmarkTest00829,weakrand,CWE-330,55,0
BenchmarkTest00829,weakrand,CWE-330,52,0
BenchmarkTest00829,weakrand,CWE-330,47,0
BenchmarkTest00829,weakrand,CWE-330,45,0
BenchmarkTest00828,weakrand,CWE-330,86,0
BenchmarkTest00828,weakrand,CWE-330,78,0
BenchmarkTest00826,cmdi,CWE-78,45,0
BenchmarkTest00828,weakrand,CWE-330,63,0
BenchmarkTest00828,weakrand,CWE-330,55,0
BenchmarkTest00828,weakrand,CWE-330,52,0
BenchmarkTest00828,weakrand,CWE-330,47,0
BenchmarkTest00828,weakrand,CWE-330,45,0
BenchmarkTest00827,cmdi,CWE-78,56,0
BenchmarkTest00827,cmdi,CWE-78,55,0
BenchmarkTest00827,cmdi,CWE-78,52,0
BenchmarkTest00827,cmdi,CWE-78,47,0
BenchmarkTest00827,cmdi,CWE-78,45,0
BenchmarkTest00826,cmdi,CWE-78,80,0
BenchmarkTest00826,cmdi,CWE-78,65,0
BenchmarkTest00826,cmdi,CWE-78,56,0
BenchmarkTest00826,cmdi,CWE-78,55,0
BenchmarkTest00826,cmdi,CWE-78,52,0
BenchmarkTest00828,weakrand,CWE-330,56,0
BenchmarkTest00819,weakrand,CWE-330,83,1
BenchmarkTest00819,weakrand,CWE-330,75,1
BenchmarkTest00819,weakrand,CWE-330,66,1
BenchmarkTest00814,cmdi,CWE-78,52,0
BenchmarkTest00814,cmdi,CWE-78,47,0
BenchmarkTest00814,cmdi,CWE-78,45,0
BenchmarkTest00813,xss,CWE-79,66,0
BenchmarkTest00813,xss,CWE-79,56,0
BenchmarkTest00813,xss,CWE-79,55,0
BenchmarkTest00813,xss,CWE-79,52,0
BenchmarkTest00813,xss,CWE-79,47,0
BenchmarkTest00813,xss,CWE-79,45,0
BenchmarkTest00812,xss,CWE-79,66,0
BenchmarkTest00812,xss,CWE-79,56,0
BenchmarkTest00812,xss,CWE-79,55,0
BenchmarkTest00812,xss,CWE-79,52,0
BenchmarkTest00812,xss,CWE-79,47,0
BenchmarkTest00814,cmdi,CWE-78,55,0
BenchmarkTest00812,xss,CWE-79,45,0
BenchmarkTest00811,xss,CWE-79,55,1
BenchmarkTest00811,xss,CWE-79,52,1
BenchmarkTest00811,xss,CWE-79,47,1
BenchmarkTest00811,xss,CWE-79,45,1
BenchmarkTest00810,xss,CWE-79,56,1
BenchmarkTest00810,xss,CWE-79,55,1
BenchmarkTest00810,xss,CWE-79,52,1
BenchmarkTest00810,xss,CWE-79,47,1
BenchmarkTest00810,xss,CWE-79,45,1
BenchmarkTest00809,xss,CWE-79,65,1
BenchmarkTest00809,xss,CWE-79,56,1
BenchmarkTest00809,xss,CWE-79,55,1
BenchmarkTest00809,xss,CWE-79,52,1
BenchmarkTest00809,xss,CWE-79,47,1
BenchmarkTest00811,xss,CWE-79,56,1
BenchmarkTest00814,cmdi,CWE-78,56,0
BenchmarkTest00814,cmdi,CWE-78,66,0
BenchmarkTest00815,cmdi,CWE-78,45,1
BenchmarkTest00819,weakrand,CWE-330,56,1
BenchmarkTest00819,weakrand,CWE-330,55,1
BenchmarkTest00819,weakrand,CWE-330,52,1
BenchmarkTest00819,weakrand,CWE-330,47,1
BenchmarkTest00819,weakrand,CWE-330,45,1
BenchmarkTest00818,weakrand,CWE-330,80,1
BenchmarkTest00818,weakrand,CWE-330,72,1
BenchmarkTest00818,weakrand,CWE-330,63,1
BenchmarkTest00818,weakrand,CWE-330,56,1
BenchmarkTest00818,weakrand,CWE-330,55,1
BenchmarkTest00818,weakrand,CWE-330,52,1
BenchmarkTest00818,weakrand,CWE-330,47,1
BenchmarkTest00818,weakrand,CWE-330,45,1
BenchmarkTest00817,weakrand,CWE-330,90,1
BenchmarkTest00817,weakrand,CWE-330,82,1
BenchmarkTest00817,weakrand,CWE-330,69,1
BenchmarkTest00817,weakrand,CWE-330,65,1
BenchmarkTest00815,cmdi,CWE-78,47,1
BenchmarkTest00815,cmdi,CWE-78,52,1
BenchmarkTest00815,cmdi,CWE-78,55,1
BenchmarkTest00815,cmdi,CWE-78,56,1
BenchmarkTest00816,cmdi,CWE-78,45,1
BenchmarkTest00816,cmdi,CWE-78,47,1
BenchmarkTest00787,pathtraver,CWE-22,45,1
BenchmarkTest00816,cmdi,CWE-78,52,1
BenchmarkTest00816,cmdi,CWE-78,56,1
BenchmarkTest00817,weakrand,CWE-330,45,1
BenchmarkTest00817,weakrand,CWE-330,47,1
BenchmarkTest00817,weakrand,CWE-330,52,1
BenchmarkTest00817,weakrand,CWE-330,55,1
BenchmarkTest00817,weakrand,CWE-330,56,1
BenchmarkTest00816,cmdi,CWE-78,55,1
BenchmarkTest00786,pathtraver,CWE-22,56,0
BenchmarkTest00786,pathtraver,CWE-22,55,0
BenchmarkTest00786,pathtraver,CWE-22,52,0
BenchmarkTest00684,crypto,CWE-327,78,1
BenchmarkTest00683,xpathi,CWE-643,74,0
BenchmarkTest00683,xpathi,CWE-643,53,0
BenchmarkTest00678,sqli,CWE-89,52,1
BenchmarkTest00676,sqli,CWE-89,52,0
BenchmarkTest00675,sqli,CWE-89,52,0
BenchmarkTest00674,sqli,CWE-89,56,0
BenchmarkTest00674,sqli,CWE-89,52,0
BenchmarkTest00673,sqli,CWE-89,52,1
BenchmarkTest00672,sqli,CWE-89,52,0
BenchmarkTest00671,trustbound,CWE-501,52,1
BenchmarkTest00670,trustbound,CWE-501,51,1
BenchmarkTest00669,trustbound,CWE-501,52,0
BenchmarkTest00667,weakrand,CWE-330,71,0
BenchmarkTest00684,crypto,CWE-327,94,1
BenchmarkTest00667,weakrand,CWE-330,63,0
BenchmarkTest00666,weakrand,CWE-330,69,0
BenchmarkTest00666,weakrand,CWE-330,61,0
BenchmarkTest00666,weakrand,CWE-330,51,0
BenchmarkTest00665,weakrand,CWE-330,71,0
BenchmarkTest00665,weakrand,CWE-330,63,0
BenchmarkTest00665,weakrand,CWE-330,53,0
BenchmarkTest00664,weakrand,CWE-330,79,0
BenchmarkTest00664,weakrand,CWE-330,71,0
BenchmarkTest00664,weakrand,CWE-330,56,0
BenchmarkTest00664,weakrand,CWE-330,52,0
BenchmarkTest00663,weakrand,CWE-330,71,0
BenchmarkTest00663,weakrand,CWE-330,63,0
BenchmarkTest00662,weakrand,CWE-330,70,0
BenchmarkTest00662,weakrand,CWE-330,62,0
BenchmarkTest00667,weakrand,CWE-330,53,0
BenchmarkTest00661,weakrand,CWE-330,70,0
BenchmarkTest00685,crypto,CWE-327,53,1
BenchmarkTest00685,crypto,CWE-327,98,1
BenchmarkTest00705,hash,CWE-328,67,1
BenchmarkTest00704,hash,CWE-328,89,1
BenchmarkTest00704,hash,CWE-328,72,1
BenchmarkTest00704,hash,CWE-328,52,1
BenchmarkTest00703,hash,CWE-328,96,1
BenchmarkTest00703,hash,CWE-328,79,1
BenchmarkTest00702,weakrand,CWE-330,70,1
BenchmarkTest00702,weakrand,CWE-330,62,1
BenchmarkTest00701,ldapi,CWE-90,58,0
BenchmarkTest00701,ldapi,CWE-90,54,0
BenchmarkTest00693,crypto,CWE-327,97,1
BenchmarkTest00693,crypto,CWE-327,81,1
BenchmarkTest00693,crypto,CWE-327,52,1
BenchmarkTest00692,crypto,CWE-327,94,1
BenchmarkTest00685,crypto,CWE-327,82,1
BenchmarkTest00692,crypto,CWE-327,78,1
BenchmarkTest00691,crypto,CWE-327,88,1
BenchmarkTest00690,crypto,CWE-327,100,0
BenchmarkTest00690,crypto,CWE-327,84,0
BenchmarkTest00689,crypto,CWE-327,95,0
BenchmarkTest00689,crypto,CWE-327,79,0
BenchmarkTest00689,crypto,CWE-327,58,0
BenchmarkTest00689,crypto,CWE-327,54,0
BenchmarkTest00688,crypto,CWE-327,97,1
BenchmarkTest00688,crypto,CWE-327,81,1
BenchmarkTest00687,crypto,CWE-327,103,0
BenchmarkTest00687,crypto,CWE-327,87,0
BenchmarkTest00687,crypto,CWE-327,55,0
BenchmarkTest00686,crypto,CWE-327,101,0
BenchmarkTest00686,crypto,CWE-327,85,0
BenchmarkTest00691,crypto,CWE-327,104,1
BenchmarkTest00661,weakrand,CWE-330,62,0
BenchmarkTest00660,weakrand,CWE-330,67,0
BenchmarkTest00660,weakrand,CWE-330,59,0
BenchmarkTest00633,hash,CWE-328,103,0
BenchmarkTest00633,hash,CWE-328,86,0
BenchmarkTest00632,hash,CWE-328,85,0
BenchmarkTest00632,hash,CWE-328,68,0
BenchmarkTest00631,hash,CWE-328,85,1
BenchmarkTest00631,hash,CWE-328,68,1
BenchmarkTest00629,pathtraver,CWE-22,52,1
BenchmarkTest00628,pathtraver,CWE-22,56,0
BenchmarkTest00628,pathtraver,CWE-22,52,0
BenchmarkTest00625,pathtraver,CWE-22,52,0
BenchmarkTest00621,pathtraver,CWE-22,56,0
BenchmarkTest00621,pathtraver,CWE-22,52,0
BenchmarkTest00618,crypto,CWE-327,100,0
BenchmarkTest00618,crypto,CWE-327,84,0
BenchmarkTest00634,hash,CWE-328,69,1
BenchmarkTest00618,crypto,CWE-327,52,0
BenchmarkTest00617,crypto,CWE-327,69,1
BenchmarkTest00616,crypto,CWE-327,84,1
BenchmarkTest00616,crypto,CWE-327,68,1
BenchmarkTest00615,crypto,CWE-327,98,1
BenchmarkTest00615,crypto,CWE-327,82,1
BenchmarkTest00614,crypto,CWE-327,102,1
BenchmarkTest00614,crypto,CWE-327,86,1
BenchmarkTest00613,crypto,CWE-327,85,0
BenchmarkTest00613,crypto,CWE-327,69,0
BenchmarkTest00612,crypto,CWE-327,101,0
BenchmarkTest00612,crypto,CWE-327,85,0
BenchmarkTest00612,crypto,CWE-327,53,0
BenchmarkTest00611,crypto,CWE-327,98,1
BenchmarkTest00611,crypto,CWE-327,82,1
BenchmarkTest00617,crypto,CWE-327,85,1
BenchmarkTest00634,hash,CWE-328,86,1
BenchmarkTest00635,hash,CWE-328,59,1
BenchmarkTest00635,hash,CWE-328,76,1
BenchmarkTest00659,cmdi,CWE-78,80,0
BenchmarkTest00658,cmdi,CWE-78,66,0
BenchmarkTest00658,cmdi,CWE-78,53,0
BenchmarkTest00657,cmdi,CWE-78,66,0
BenchmarkTest00656,xss,CWE-79,53,1
BenchmarkTest00655,securecookie,CWE-614,61,0
BenchmarkTest00654,weakrand,CWE-330,74,1
BenchmarkTest00654,weakrand,CWE-330,66,1
BenchmarkTest00653,weakrand,CWE-330,70,1
BenchmarkTest00653,weakrand,CWE-330,62,1
BenchmarkTest00653,weakrand,CWE-330,53,1
BenchmarkTest00652,weakrand,CWE-330,66,1
BenchmarkTest00652,weakrand,CWE-330,58,1
BenchmarkTest00651,xss,CWE-79,52,1
BenchmarkTest00650,xss,CWE-79,56,0
BenchmarkTest00650,xss,CWE-79,52,0
BenchmarkTest00641,hash,CWE-328,85,0
BenchmarkTest00636,hash,CWE-328,59,1
BenchmarkTest00636,hash,CWE-328,76,1
BenchmarkTest00637,hash,CWE-328,52,1
BenchmarkTest00637,hash,CWE-328,65,1
BenchmarkTest00637,hash,CWE-328,82,1
BenchmarkTest00638,hash,CWE-328,62,1
BenchmarkTest00705,hash,CWE-328,84,1
BenchmarkTest00638,hash,CWE-328,79,1
BenchmarkTest00639,hash,CWE-328,83,0
BenchmarkTest00640,hash,CWE-328,53,0
BenchmarkTest00640,hash,CWE-328,68,0
BenchmarkTest00640,hash,CWE-328,85,0
BenchmarkTest00641,hash,CWE-328,52,0
BenchmarkTest00641,hash,CWE-328,68,0
BenchmarkTest00639,hash,CWE-328,66,0
BenchmarkTest00830,weakrand,CWE-330,65,0
BenchmarkTest00706,hash,CWE-328,61,0
BenchmarkTest00707,hash,CWE-328,55,0
BenchmarkTest00780,crypto,CWE-327,56,0
BenchmarkTest00780,crypto,CWE-327,55,0
BenchmarkTest00780,crypto,CWE-327,52,0
BenchmarkTest00780,crypto,CWE-327,47,0
BenchmarkTest00780,crypto,CWE-327,45,0
BenchmarkTest00779,crypto,CWE-327,104,1
BenchmarkTest00779,crypto,CWE-327,88,1
BenchmarkTest00779,crypto,CWE-327,56,1
BenchmarkTest00779,crypto,CWE-327,55,1
BenchmarkTest00779,crypto,CWE-327,52,1
BenchmarkTest00779,crypto,CWE-327,47,1
BenchmarkTest00779,crypto,CWE-327,45,1
BenchmarkTest00778,crypto,CWE-327,114,0
BenchmarkTest00778,crypto,CWE-327,98,0
BenchmarkTest00780,crypto,CWE-327,95,0
BenchmarkTest00778,crypto,CWE-327,65,0
BenchmarkTest00778,crypto,CWE-327,55,0
BenchmarkTest00778,crypto,CWE-327,52,0
BenchmarkTest00778,crypto,CWE-327,47,0
BenchmarkTest00778,crypto,CWE-327,45,0
BenchmarkTest00777,crypto,CWE-327,114,0
BenchmarkTest00777,crypto,CWE-327,98,0
BenchmarkTest00777,crypto,CWE-327,56,0
BenchmarkTest00777,crypto,CWE-327,55,0
BenchmarkTest00777,crypto,CWE-327,52,0
BenchmarkTest00777,crypto,CWE-327,47,0
BenchmarkTest00777,crypto,CWE-327,45,0
BenchmarkTest00776,crypto,CWE-327,112,0
BenchmarkTest00776,crypto,CWE-327,96,0
BenchmarkTest00776,crypto,CWE-327,56,0
BenchmarkTest00778,crypto,CWE-327,56,0
BenchmarkTest00776,crypto,CWE-327,55,0
BenchmarkTest00780,crypto,CWE-327,111,0
BenchmarkTest00781,crypto,CWE-327,47,1
BenchmarkTest00786,pathtraver,CWE-22,47,0
BenchmarkTest00786,pathtraver,CWE-22,45,0
BenchmarkTest00785,pathtraver,CWE-22,56,1
BenchmarkTest00785,pathtraver,CWE-22,55,1
BenchmarkTest00785,pathtraver,CWE-22,52,1
BenchmarkTest00785,pathtraver,CWE-22,47,1
BenchmarkTest00785,pathtraver,CWE-22,45,1
BenchmarkTest00784,pathtraver,CWE-22,56,0
BenchmarkTest00784,pathtraver,CWE-22,55,0
BenchmarkTest00784,pathtraver,CWE-22,52,0
BenchmarkTest00784,pathtraver,CWE-22,47,0
BenchmarkTest00784,pathtraver,CWE-22,45,0
BenchmarkTest00783,pathtraver,CWE-22,79,1
BenchmarkTest00783,pathtraver,CWE-22,56,1
BenchmarkTest00781,crypto,CWE-327,45,1
BenchmarkTest00783,pathtraver,CWE-22,55,1
BenchmarkTest00783,pathtraver,CWE-22,47,1
BenchmarkTest00783,pathtraver,CWE-22,45,1
BenchmarkTest00782,crypto,CWE-327,116,0
BenchmarkTest00782,crypto,CWE-327,100,0
BenchmarkTest00782,crypto,CWE-327,56,0
BenchmarkTest00782,crypto,CWE-327,55,0
BenchmarkTest00782,crypto,CWE-327,52,0
BenchmarkTest00782,crypto,CWE-327,47,0
BenchmarkTest00782,crypto,CWE-327,45,0
BenchmarkTest00781,crypto,CWE-327,105,1
BenchmarkTest00781,crypto,CWE-327,89,1
BenchmarkTest00781,crypto,CWE-327,56,1
BenchmarkTest00781,crypto,CWE-327,55,1
BenchmarkTest00781,crypto,CWE-327,52,1
BenchmarkTest00783,pathtraver,CWE-22,52,1
BenchmarkTest00776,crypto,CWE-327,52,0
BenchmarkTest00776,crypto,CWE-327,47,0
BenchmarkTest00776,crypto,CWE-327,45,0
BenchmarkTest00742,cmdi,CWE-78,69,0
BenchmarkTest00741,cmdi,CWE-78,73,0
BenchmarkTest00739,cmdi,CWE-78,55,0
BenchmarkTest00738,cmdi,CWE-78,54,0
BenchmarkTest00737,xss,CWE-79,58,1
BenchmarkTest00737,xss,CWE-79,54,1
BenchmarkTest00736,securecookie,CWE-614,65,1
BenchmarkTest00736,securecookie,CWE-614,55,1
BenchmarkTest00735,weakrand,CWE-330,76,1
BenchmarkTest00735,weakrand,CWE-330,68,1
BenchmarkTest00734,weakrand,CWE-330,85,1
BenchmarkTest00734,weakrand,CWE-330,77,1
BenchmarkTest00733,weakrand,CWE-330,67,1
BenchmarkTest00733,weakrand,CWE-330,59,1
BenchmarkTest00744,weakrand,CWE-330,74,0
BenchmarkTest00728,xss,CWE-79,54,1
BenchmarkTest00725,xss,CWE-79,58,1
BenchmarkTest00725,xss,CWE-79,54,1
BenchmarkTest00723,xss,CWE-79,54,0
BenchmarkTest00717,xss,CWE-79,58,0
BenchmarkTest00717,xss,CWE-79,54,0
BenchmarkTest00712,xss,CWE-79,54,0
BenchmarkTest00710,hash,CWE-328,81,1
BenchmarkTest00710,hash,CWE-328,64,1
BenchmarkTest00709,hash,CWE-328,78,0
BenchmarkTest00709,hash,CWE-328,61,0
BenchmarkTest00708,hash,CWE-328,79,1
BenchmarkTest00708,hash,CWE-328,62,1
BenchmarkTest00707,hash,CWE-328,84,0
BenchmarkTest00707,hash,CWE-328,67,0
BenchmarkTest00727,xss,CWE-79,52,1
BenchmarkTest00744,weakrand,CWE-330,82,0
BenchmarkTest00745,weakrand,CWE-330,64,0
BenchmarkTest00745,weakrand,CWE-330,72,0
BenchmarkTest00775,crypto,CWE-327,118,0
BenchmarkTest00775,crypto,CWE-327,102,0
BenchmarkTest00775,crypto,CWE-327,56,0
BenchmarkTest00775,crypto,CWE-327,55,0
BenchmarkTest00775,crypto,CWE-327,52,0
BenchmarkTest00775,crypto,CWE-327,47,0
BenchmarkTest00775,crypto,CWE-327,45,0
BenchmarkTest00766,sqli,CWE-89,55,0
BenchmarkTest00762,sqli,CWE-89,54,1
BenchmarkTest00759,trustbound,CWE-501,52,1
BenchmarkTest00755,trustbound,CWE-501,54,0
BenchmarkTest00753,weakrand,CWE-330,68,0
BenchmarkTest00753,weakrand,CWE-330,60,0
BenchmarkTest00752,weakrand,CWE-330,86,0
BenchmarkTest00752,weakrand,CWE-330,78,0
BenchmarkTest00751,weakrand,CWE-330,74,0
BenchmarkTest00751,weakrand,CWE-330,66,0
BenchmarkTest00746,weakrand,CWE-330,83,0
BenchmarkTest00746,weakrand,CWE-330,91,0
BenchmarkTest00747,weakrand,CWE-330,64,0
BenchmarkTest00747,weakrand,CWE-330,72,0
BenchmarkTest00748,weakrand,CWE-330,54,0
BenchmarkTest00748,weakrand,CWE-330,58,0
BenchmarkTest00706,hash,CWE-328,78,0
BenchmarkTest00748,weakrand,CWE-330,78,0
BenchmarkTest00749,weakrand,CWE-330,62,0
BenchmarkTest00749,weakrand,CWE-330,70,0
BenchmarkTest00750,weakrand,CWE-330,53,0
BenchmarkTest00750,weakrand,CWE-330,64,0
BenchmarkTest00750,weakrand,CWE-330,72,0
BenchmarkTest00751,weakrand,CWE-330,54,0
BenchmarkTest00748,weakrand,CWE-330,86,0
BenchmarkTest00611,crypto,CWE-327,53,1
BenchmarkTest00830,weakrand,CWE-330,76,0
BenchmarkTest00831,weakrand,CWE-330,45,0
BenchmarkTest01065,cmdi,CWE-78,94,0
BenchmarkTest01064,cmdi,CWE-78,62,1
BenchmarkTest01063,xss,CWE-79,70,1
BenchmarkTest01063,xss,CWE-79,66,1
BenchmarkTest01062,securecookie,CWE-614,59,0
BenchmarkTest01061,securecookie,CWE-614,90,1
BenchmarkTest01061,securecookie,CWE-614,59,1
BenchmarkTest01060,weakrand,CWE-330,66,1
BenchmarkTest01060,weakrand,CWE-330,58,1
BenchmarkTest01059,weakrand,CWE-330,110,1
BenchmarkTest01059,weakrand,CWE-330,66,1
BenchmarkTest01059,weakrand,CWE-330,58,1
BenchmarkTest01058,weakrand,CWE-330,67,1
BenchmarkTest01058,weakrand,CWE-330,59,1
BenchmarkTest01068,cmdi,CWE-78,63,0
BenchmarkTest01057,xss,CWE-79,67,1
BenchmarkTest01053,xss,CWE-79,67,0
BenchmarkTest01051,xss,CWE-79,68,0
BenchmarkTest01047,xss,CWE-79,69,1
BenchmarkTest01045,hash,CWE-328,81,0
BenchmarkTest01045,hash,CWE-328,64,0
BenchmarkTest01044,hash,CWE-328,81,1
BenchmarkTest01044,hash,CWE-328,64,1
BenchmarkTest01043,hash,CWE-328,103,1
BenchmarkTest01043,hash,CWE-328,81,1
BenchmarkTest01043,hash,CWE-328,64,1
BenchmarkTest01042,hash,CWE-328,81,1
BenchmarkTest01042,hash,CWE-328,64,1
BenchmarkTest01041,hash,CWE-328,81,1
BenchmarkTest01041,hash,CWE-328,64,1
BenchmarkTest01056,xss,CWE-79,71,1
BenchmarkTest01040,hash,CWE-328,78,0
BenchmarkTest01068,cmdi,CWE-78,84,0
BenchmarkTest01069,weakrand,CWE-330,72,0
BenchmarkTest01092,sqli,CWE-89,79,0
BenchmarkTest01088,sqli,CWE-89,89,1
BenchmarkTest01087,sqli,CWE-89,90,1
BenchmarkTest01086,sqli,CWE-89,82,0
BenchmarkTest01084,sqli,CWE-89,81,1
BenchmarkTest01082,trustbound,CWE-501,69,1
BenchmarkTest01079,weakrand,CWE-330,67,0
BenchmarkTest01079,weakrand,CWE-330,59,0
BenchmarkTest01078,weakrand,CWE-330,67,0
BenchmarkTest01078,weakrand,CWE-330,59,0
BenchmarkTest01077,weakrand,CWE-330,113,0
BenchmarkTest01077,weakrand,CWE-330,67,0
BenchmarkTest01077,weakrand,CWE-330,59,0
BenchmarkTest01076,weakrand,CWE-330,67,0
BenchmarkTest01069,weakrand,CWE-330,64,0
BenchmarkTest01076,weakrand,CWE-330,59,0
BenchmarkTest01075,weakrand,CWE-330,59,0
BenchmarkTest01074,weakrand,CWE-330,67,0
BenchmarkTest01074,weakrand,CWE-330,59,0
BenchmarkTest01073,weakrand,CWE-330,72,0
BenchmarkTest01073,weakrand,CWE-330,64,0
BenchmarkTest01072,weakrand,CWE-330,69,0
BenchmarkTest01072,weakrand,CWE-330,61,0
BenchmarkTest01071,weakrand,CWE-330,120,0
BenchmarkTest01071,weakrand,CWE-330,72,0
BenchmarkTest01071,weakrand,CWE-330,64,0
BenchmarkTest01070,weakrand,CWE-330,126,0
BenchmarkTest01070,weakrand,CWE-330,122,0
BenchmarkTest01070,weakrand,CWE-330,72,0
BenchmarkTest01070,weakrand,CWE-330,64,0
BenchmarkTest01075,weakrand,CWE-330,67,0
BenchmarkTest01095,sqli,CWE-89,79,0
BenchmarkTest01040,hash,CWE-328,61,0
BenchmarkTest01039,hash,CWE-328,78,0
BenchmarkTest01013,xpathi,CWE-643,109,0
BenchmarkTest01013,xpathi,CWE-643,82,0
BenchmarkTest01011,sqli,CWE-89,92,1
BenchmarkTest01002,sqli,CWE-89,94,1
BenchmarkTest01001,sqli,CWE-89,94,0
BenchmarkTest00999,sqli,CWE-89,93,0
BenchmarkTest00998,sqli,CWE-89,94,1
BenchmarkTest00990,weakrand,CWE-330,79,0
BenchmarkTest00990,weakrand,CWE-330,71,0
BenchmarkTest00989,weakrand,CWE-330,128,0
BenchmarkTest00989,weakrand,CWE-330,124,0
BenchmarkTest00989,weakrand,CWE-330,79,0
BenchmarkTest00989,weakrand,CWE-330,71,0
BenchmarkTest00988,weakrand,CWE-330,125,0
BenchmarkTest01015,crypto,CWE-327,78,1
BenchmarkTest00988,weakrand,CWE-330,79,0
BenchmarkTest00987,weakrand,CWE-330,125,0
BenchmarkTest00987,weakrand,CWE-330,79,0
BenchmarkTest00987,weakrand,CWE-330,71,0
BenchmarkTest00986,weakrand,CWE-330,129,0
BenchmarkTest00986,weakrand,CWE-330,81,0
BenchmarkTest00986,weakrand,CWE-330,73,0
BenchmarkTest00985,weakrand,CWE-330,130,0
BenchmarkTest00985,weakrand,CWE-330,81,0
BenchmarkTest00985,weakrand,CWE-330,73,0
BenchmarkTest00984,weakrand,CWE-330,135,0
BenchmarkTest00984,weakrand,CWE-330,131,0
BenchmarkTest00984,weakrand,CWE-330,81,0
BenchmarkTest00984,weakrand,CWE-330,73,0
BenchmarkTest00983,cmdi,CWE-78,91,1
BenchmarkTest00988,weakrand,CWE-330,71,0
BenchmarkTest01039,hash,CWE-328,101,0
BenchmarkTest01015,crypto,CWE-327,94,1
BenchmarkTest01016,crypto,CWE-327,77,1
BenchmarkTest01039,hash,CWE-328,61,0
BenchmarkTest01038,hash,CWE-328,78,1
BenchmarkTest01038,hash,CWE-328,61,1
BenchmarkTest01037,hash,CWE-328,78,0
BenchmarkTest01037,hash,CWE-328,61,0
BenchmarkTest01035,pathtraver,CWE-22,88,0
BenchmarkTest01032,pathtraver,CWE-22,88,1
BenchmarkTest01027,pathtraver,CWE-22,76,0
BenchmarkTest01026,pathtraver,CWE-22,79,0
BenchmarkTest01026,pathtraver,CWE-22,75,0
BenchmarkTest01024,ldapi,CWE-90,106,0
BenchmarkTest01023,ldapi,CWE-90,107,1
BenchmarkTest01022,crypto,CWE-327,152,0
BenchmarkTest01022,crypto,CWE-327,96,0
BenchmarkTest01015,crypto,CWE-327,146,1
BenchmarkTest01022,crypto,CWE-327,80,0
BenchmarkTest01021,crypto,CWE-327,80,0
BenchmarkTest01020,crypto,CWE-327,134,1
BenchmarkTest01020,crypto,CWE-327,86,1
BenchmarkTest01020,crypto,CWE-327,70,1
BenchmarkTest01019,crypto,CWE-327,134,0
BenchmarkTest01019,crypto,CWE-327,86,0
BenchmarkTest01019,crypto,CWE-327,70,0
BenchmarkTest01018,crypto,CWE-327,94,1
BenchmarkTest01018,crypto,CWE-327,78,1
BenchmarkTest01017,crypto,CWE-327,158,1
BenchmarkTest01017,crypto,CWE-327,154,1
BenchmarkTest01017,crypto,CWE-327,93,1
BenchmarkTest01017,crypto,CWE-327,77,1
BenchmarkTest01016,crypto,CWE-327,93,1
BenchmarkTest01021,crypto,CWE-327,96,0
BenchmarkTest01097,sqli,CWE-89,79,1
BenchmarkTest01099,crypto,CWE-327,87,1
BenchmarkTest01099,crypto,CWE-327,103,1
BenchmarkTest01151,crypto,CWE-327,72,0
BenchmarkTest01150,crypto,CWE-327,96,1
BenchmarkTest01150,crypto,CWE-327,80,1
BenchmarkTest01149,crypto,CWE-327,95,1
BenchmarkTest01149,crypto,CWE-327,79,1
BenchmarkTest01148,crypto,CWE-327,156,1
BenchmarkTest01148,crypto,CWE-327,95,1
BenchmarkTest01148,crypto,CWE-327,79,1
BenchmarkTest01147,crypto,CWE-327,154,0
BenchmarkTest01147,crypto,CWE-327,99,0
BenchmarkTest01147,crypto,CWE-327,83,0
BenchmarkTest01145,trustbound,CWE-501,80,0
BenchmarkTest01142,trustbound,CWE-501,80,0
BenchmarkTest01141,weakrand,CWE-330,120,0
BenchmarkTest01151,crypto,CWE-327,88,0
BenchmarkTest01141,weakrand,CWE-330,76,0
BenchmarkTest01140,weakrand,CWE-330,125,0
BenchmarkTest01140,weakrand,CWE-330,121,0
BenchmarkTest01140,weakrand,CWE-330,76,0
BenchmarkTest01140,weakrand,CWE-330,68,0
BenchmarkTest01139,weakrand,CWE-330,120,0
BenchmarkTest01139,weakrand,CWE-330,76,0
BenchmarkTest01139,weakrand,CWE-330,68,0
BenchmarkTest01138,weakrand,CWE-330,120,0
BenchmarkTest01138,weakrand,CWE-330,76,0
BenchmarkTest01138,weakrand,CWE-330,68,0
BenchmarkTest01137,weakrand,CWE-330,77,0
BenchmarkTest01137,weakrand,CWE-330,69,0
BenchmarkTest01136,weakrand,CWE-330,131,0
BenchmarkTest01136,weakrand,CWE-330,127,0
BenchmarkTest01141,weakrand,CWE-330,68,0
BenchmarkTest01136,weakrand,CWE-330,81,0
BenchmarkTest01152,crypto,CWE-327,72,0
BenchmarkTest01152,crypto,CWE-327,138,0
BenchmarkTest01170,hash,CWE-328,105,0
BenchmarkTest01170,hash,CWE-328,83,0
BenchmarkTest01170,hash,CWE-328,66,0
BenchmarkTest01169,hash,CWE-328,83,0
BenchmarkTest01169,hash,CWE-328,66,0
BenchmarkTest01168,hash,CWE-328,83,1
BenchmarkTest01168,hash,CWE-328,66,1
BenchmarkTest01167,hash,CWE-328,80,1
BenchmarkTest01167,hash,CWE-328,63,1
BenchmarkTest01166,hash,CWE-328,104,1
BenchmarkTest01166,hash,CWE-328,80,1
BenchmarkTest01166,hash,CWE-328,63,1
BenchmarkTest01165,hash,CWE-328,109,1
BenchmarkTest01165,hash,CWE-328,105,1
BenchmarkTest01152,crypto,CWE-327,88,0
BenchmarkTest01165,hash,CWE-328,80,1
BenchmarkTest01164,hash,CWE-328,88,0
BenchmarkTest01164,hash,CWE-328,71,0
BenchmarkTest01163,weakrand,CWE-330,112,1
BenchmarkTest01163,weakrand,CWE-330,68,1
BenchmarkTest01163,weakrand,CWE-330,60,1
BenchmarkTest01162,weakrand,CWE-330,68,1
BenchmarkTest01162,weakrand,CWE-330,60,1
BenchmarkTest01160,pathtraver,CWE-22,90,0
BenchmarkTest01159,pathtraver,CWE-22,97,0
BenchmarkTest01159,pathtraver,CWE-22,93,0
BenchmarkTest01153,crypto,CWE-327,158,0
BenchmarkTest01153,crypto,CWE-327,154,0
BenchmarkTest01153,crypto,CWE-327,98,0
BenchmarkTest01153,crypto,CWE-327,82,0
BenchmarkTest01165,hash,CWE-328,63,1
BenchmarkTest01136,weakrand,CWE-330,73,0
BenchmarkTest01135,weakrand,CWE-330,81,0
BenchmarkTest01135,weakrand,CWE-330,73,0
BenchmarkTest01120,hash,CWE-328,78,0
BenchmarkTest01119,weakrand,CWE-330,75,1
BenchmarkTest01119,weakrand,CWE-330,67,1
BenchmarkTest01115,pathtraver,CWE-22,101,0
BenchmarkTest01115,pathtraver,CWE-22,97,0
BenchmarkTest01114,pathtraver,CWE-22,101,0
BenchmarkTest01114,pathtraver,CWE-22,97,0
BenchmarkTest01111,pathtraver,CWE-22,100,1
BenchmarkTest01109,pathtraver,CWE-22,88,0
BenchmarkTest01109,pathtraver,CWE-22,84,0
BenchmarkTest01108,crypto,CWE-327,105,0
BenchmarkTest01108,crypto,CWE-327,89,0
BenchmarkTest01107,crypto,CWE-327,145,1
BenchmarkTest01107,crypto,CWE-327,95,1
BenchmarkTest01120,hash,CWE-328,95,0
BenchmarkTest01107,crypto,CWE-327,79,1
BenchmarkTest01106,crypto,CWE-327,79,1
BenchmarkTest01105,crypto,CWE-327,95,1
BenchmarkTest01105,crypto,CWE-327,79,1
BenchmarkTest01104,crypto,CWE-327,95,0
BenchmarkTest01104,crypto,CWE-327,79,0
BenchmarkTest01103,crypto,CWE-327,103,1
BenchmarkTest01103,crypto,CWE-327,87,1
BenchmarkTest01102,crypto,CWE-327,103,1
BenchmarkTest01102,crypto,CWE-327,87,1
BenchmarkTest01101,crypto,CWE-327,90,0
BenchmarkTest01101,crypto,CWE-327,74,0
BenchmarkTest01100,crypto,CWE-327,119,0
BenchmarkTest01100,crypto,CWE-327,90,0
BenchmarkTest01100,crypto,CWE-327,74,0
BenchmarkTest01106,crypto,CWE-327,95,1
BenchmarkTest01120,hash,CWE-328,120,0
BenchmarkTest01120,hash,CWE-328,124,0
BenchmarkTest01121,hash,CWE-328,78,0
BenchmarkTest01134,securecookie,CWE-614,68,1
BenchmarkTest01133,weakrand,CWE-330,75,1
BenchmarkTest01133,weakrand,CWE-330,67,1
BenchmarkTest01132,weakrand,CWE-330,75,1
BenchmarkTest01132,weakrand,CWE-330,67,1
BenchmarkTest01131,weakrand,CWE-330,115,1
BenchmarkTest01131,weakrand,CWE-330,75,1
BenchmarkTest01131,weakrand,CWE-330,67,1
BenchmarkTest01130,weakrand,CWE-330,75,1
BenchmarkTest01130,weakrand,CWE-330,67,1
BenchmarkTest01129,weakrand,CWE-330,118,1
BenchmarkTest01129,weakrand,CWE-330,75,1
BenchmarkTest01129,weakrand,CWE-330,67,1
BenchmarkTest01128,weakrand,CWE-330,116,1
BenchmarkTest01128,weakrand,CWE-330,75,1
BenchmarkTest01128,weakrand,CWE-330,67,1
BenchmarkTest01127,weakrand,CWE-330,118,1
BenchmarkTest01121,hash,CWE-328,95,0
BenchmarkTest01122,hash,CWE-328,78,0
BenchmarkTest01122,hash,CWE-328,95,0
BenchmarkTest01123,hash,CWE-328,70,1
BenchmarkTest01123,hash,CWE-328,87,1
BenchmarkTest01124,hash,CWE-328,73,1
BenchmarkTest00981,cmdi,CWE-78,109,1
BenchmarkTest01124,hash,CWE-328,90,1
BenchmarkTest01125,hash,CWE-328,90,0
BenchmarkTest01126,hash,CWE-328,73,0
BenchmarkTest01126,hash,CWE-328,90,0
BenchmarkTest01126,hash,CWE-328,113,0
BenchmarkTest01127,weakrand,CWE-330,67,1
BenchmarkTest01127,weakrand,CWE-330,75,1
BenchmarkTest01125,hash,CWE-328,73,0
BenchmarkTest00978,cmdi,CWE-78,110,0
BenchmarkTest00978,cmdi,CWE-78,106,0
BenchmarkTest00977,securecookie,CWE-614,104,1
BenchmarkTest00849,sqli,CWE-89,45,1
BenchmarkTest00848,sqli,CWE-89,56,1
BenchmarkTest00848,sqli,CWE-89,55,1
BenchmarkTest00848,sqli,CWE-89,52,1
BenchmarkTest00848,sqli,CWE-89,47,1
BenchmarkTest00848,sqli,CWE-89,45,1
BenchmarkTest00847,sqli,CWE-89,56,1
BenchmarkTest00847,sqli,CWE-89,55,1
BenchmarkTest00847,sqli,CWE-89,52,1
BenchmarkTest00847,sqli,CWE-89,47,1
BenchmarkTest00847,sqli,CWE-89,45,1
BenchmarkTest00846,sqli,CWE-89,56,1
BenchmarkTest00846,sqli,CWE-89,55,1
BenchmarkTest00846,sqli,CWE-89,52,1
BenchmarkTest00849,sqli,CWE-89,47,1
BenchmarkTest00846,sqli,CWE-89,47,1
BenchmarkTest00845,sqli,CWE-89,66,1
BenchmarkTest00845,sqli,CWE-89,56,1
BenchmarkTest00845,sqli,CWE-89,55,1
BenchmarkTest00845,sqli,CWE-89,52,1
BenchmarkTest00845,sqli,CWE-89,47,1
BenchmarkTest00845,sqli,CWE-89,45,1
BenchmarkTest00844,sqli,CWE-89,56,0
BenchmarkTest00844,sqli,CWE-89,55,0
BenchmarkTest00844,sqli,CWE-89,52,0
BenchmarkTest00844,sqli,CWE-89,47,0
BenchmarkTest00844,sqli,CWE-89,45,0
BenchmarkTest00843,sqli,CWE-89,56,1
BenchmarkTest00843,sqli,CWE-89,55,1
BenchmarkTest00843,sqli,CWE-89,52,1
BenchmarkTest00846,sqli,CWE-89,45,1
BenchmarkTest00843,sqli,CWE-89,47,1
BenchmarkTest00849,sqli,CWE-89,52,1
BenchmarkTest00849,sqli,CWE-89,56,1
BenchmarkTest00858,crypto,CWE-327,52,0
BenchmarkTest00857,crypto,CWE-327,110,1
BenchmarkTest00857,crypto,CWE-327,94,1
BenchmarkTest00856,crypto,CWE-327,104,1
BenchmarkTest00856,crypto,CWE-327,88,1
BenchmarkTest00856,crypto,CWE-327,55,1
BenchmarkTest00856,crypto,CWE-327,51,1
BenchmarkTest00855,crypto,CWE-327,100,1
BenchmarkTest00855,crypto,CWE-327,84,1
BenchmarkTest00854,crypto,CWE-327,100,0
BenchmarkTest00854,crypto,CWE-327,84,0
BenchmarkTest00854,crypto,CWE-327,52,0
BenchmarkTest00853,crypto,CWE-327,92,1
BenchmarkTest00853,crypto,CWE-327,76,1
BenchmarkTest00849,sqli,CWE-89,55,1
BenchmarkTest00852,xpathi,CWE-643,56,0
BenchmarkTest00852,xpathi,CWE-643,52,0
BenchmarkTest00852,xpathi,CWE-643,47,0
BenchmarkTest00852,xpathi,CWE-643,45,0
BenchmarkTest00851,sqli,CWE-89,65,0
BenchmarkTest00851,sqli,CWE-89,56,0
BenchmarkTest00851,sqli,CWE-89,55,0
BenchmarkTest00851,sqli,CWE-89,52,0
BenchmarkTest00851,sqli,CWE-89,47,0
BenchmarkTest00851,sqli,CWE-89,45,0
BenchmarkTest00850,sqli,CWE-89,56,1
BenchmarkTest00850,sqli,CWE-89,55,1
BenchmarkTest00850,sqli,CWE-89,52,1
BenchmarkTest00850,sqli,CWE-89,47,1
BenchmarkTest00850,sqli,CWE-89,45,1
BenchmarkTest00852,xpathi,CWE-643,55,0
BenchmarkTest00843,sqli,CWE-89,45,1
BenchmarkTest00842,sqli,CWE-89,56,1
BenchmarkTest00842,sqli,CWE-89,55,1
BenchmarkTest00835,trustbound,CWE-501,56,0
BenchmarkTest00835,trustbound,CWE-501,55,0
BenchmarkTest00835,trustbound,CWE-501,52,0
BenchmarkTest00835,trustbound,CWE-501,47,0
BenchmarkTest00835,trustbound,CWE-501,45,0
BenchmarkTest00834,trustbound,CWE-501,56,1
BenchmarkTest00834,trustbound,CWE-501,55,1
BenchmarkTest00834,trustbound,CWE-501,52,1
BenchmarkTest00834,trustbound,CWE-501,47,1
BenchmarkTest00834,trustbound,CWE-501,45,1
BenchmarkTest00833,trustbound,CWE-501,65,1
BenchmarkTest00833,trustbound,CWE-501,56,1
BenchmarkTest00833,trustbound,CWE-501,55,1
BenchmarkTest00833,trustbound,CWE-501,52,1
BenchmarkTest00836,trustbound,CWE-501,45,1
BenchmarkTest00833,trustbound,CWE-501,47,1
BenchmarkTest00832,weakrand,CWE-330,78,0
BenchmarkTest00832,weakrand,CWE-330,70,0
BenchmarkTest00832,weakrand,CWE-330,56,0
BenchmarkTest00832,weakrand,CWE-330,52,0
BenchmarkTest00832,weakrand,CWE-330,47,0
BenchmarkTest00832,weakrand,CWE-330,45,0
BenchmarkTest00831,weakrand,CWE-330,92,0
BenchmarkTest00831,weakrand,CWE-330,84,0
BenchmarkTest00831,weakrand,CWE-330,69,0
BenchmarkTest00831,weakrand,CWE-330,65,0
BenchmarkTest00831,weakrand,CWE-330,56,0
BenchmarkTest00831,weakrand,CWE-330,55,0
BenchmarkTest00831,weakrand,CWE-330,52,0
BenchmarkTest00831,weakrand,CWE-330,47,0
BenchmarkTest00833,trustbound,CWE-501,45,1
BenchmarkTest00836,trustbound,CWE-501,47,1
BenchmarkTest00836,trustbound,CWE-501,52,1
BenchmarkTest00836,trustbound,CWE-501,55,1
BenchmarkTest00842,sqli,CWE-89,52,1
BenchmarkTest00842,sqli,CWE-89,47,1
BenchmarkTest00842,sqli,CWE-89,45,1
BenchmarkTest00841,sqli,CWE-89,56,1
BenchmarkTest00841,sqli,CWE-89,55,1
BenchmarkTest00841,sqli,CWE-89,52,1
BenchmarkTest00841,sqli,CWE-89,47,1
BenchmarkTest00841,sqli,CWE-89,45,1
BenchmarkTest00840,sqli,CWE-89,66,1
BenchmarkTest00840,sqli,CWE-89,56,1
BenchmarkTest00840,sqli,CWE-89,55,1
BenchmarkTest00840,sqli,CWE-89,52,1
BenchmarkTest00840,sqli,CWE-89,47,1
BenchmarkTest00840,sqli,CWE-89,45,1
BenchmarkTest00839,sqli,CWE-89,66,1
BenchmarkTest00839,sqli,CWE-89,56,1
BenchmarkTest00839,sqli,CWE-89,55,1
BenchmarkTest00836,trustbound,CWE-501,56,1
BenchmarkTest00837,sqli,CWE-89,45,0
BenchmarkTest00837,sqli,CWE-89,47,0
BenchmarkTest00837,sqli,CWE-89,52,0
BenchmarkTest00837,sqli,CWE-89,55,0
BenchmarkTest00837,sqli,CWE-89,56,0
BenchmarkTest00858,crypto,CWE-327,73,0
BenchmarkTest00838,sqli,CWE-89,45,0
BenchmarkTest00838,sqli,CWE-89,52,0
BenchmarkTest00838,sqli,CWE-89,55,0
BenchmarkTest00838,sqli,CWE-89,56,0
BenchmarkTest00839,sqli,CWE-89,45,1
BenchmarkTest00839,sqli,CWE-89,47,1
BenchmarkTest00839,sqli,CWE-89,52,1
BenchmarkTest00838,sqli,CWE-89,47,0
BenchmarkTest00830,weakrand,CWE-330,84,0
BenchmarkTest00858,crypto,CWE-327,89,0
BenchmarkTest00859,crypto,CWE-327,88,1
BenchmarkTest00960,weakrand,CWE-330,70,1
BenchmarkTest00959,ldapi,CWE-90,120,1
BenchmarkTest00956,pathtraver,CWE-22,109,1
BenchmarkTest00955,pathtraver,CWE-22,109,0
BenchmarkTest00951,pathtraver,CWE-22,102,0
BenchmarkTest00946,crypto,CWE-327,146,1
BenchmarkTest00946,crypto,CWE-327,98,1
BenchmarkTest00946,crypto,CWE-327,82,1
BenchmarkTest00945,crypto,CWE-327,98,1
BenchmarkTest00945,crypto,CWE-327,82,1
BenchmarkTest00944,crypto,CWE-327,98,0
BenchmarkTest00944,crypto,CWE-327,82,0
BenchmarkTest00943,crypto,CWE-327,93,0
BenchmarkTest00943,crypto,CWE-327,77,0
BenchmarkTest00960,weakrand,CWE-330,78,1
BenchmarkTest00942,crypto,CWE-327,109,0
BenchmarkTest00941,xpathi,CWE-643,71,0
BenchmarkTest00936,sqli,CWE-89,51,0
BenchmarkTest00928,sqli,CWE-89,52,0
BenchmarkTest00921,weakrand,CWE-330,70,0
BenchmarkTest00921,weakrand,CWE-330,62,0
BenchmarkTest00921,weakrand,CWE-330,52,0
BenchmarkTest00920,weakrand,CWE-330,64,0
BenchmarkTest00920,weakrand,CWE-330,56,0
BenchmarkTest00919,weakrand,CWE-330,64,0
BenchmarkTest00919,weakrand,CWE-330,56,0
BenchmarkTest00918,weakrand,CWE-330,75,0
BenchmarkTest00918,weakrand,CWE-330,67,0
BenchmarkTest00918,weakrand,CWE-330,51,0
BenchmarkTest00917,weakrand,CWE-330,75,0
BenchmarkTest00942,crypto,CWE-327,93,0
BenchmarkTest00917,weakrand,CWE-330,67,0
BenchmarkTest00961,hash,CWE-328,73,1
BenchmarkTest00962,hash,CWE-328,73,0
BenchmarkTest00977,securecookie,CWE-614,71,1
BenchmarkTest00976,weakrand,CWE-330,119,1
BenchmarkTest00976,weakrand,CWE-330,78,1
BenchmarkTest00976,weakrand,CWE-330,70,1
BenchmarkTest00975,weakrand,CWE-330,121,1
BenchmarkTest00975,weakrand,CWE-330,78,1
BenchmarkTest00975,weakrand,CWE-330,70,1
BenchmarkTest00974,weakrand,CWE-330,78,1
BenchmarkTest00974,weakrand,CWE-330,70,1
BenchmarkTest00973,weakrand,CWE-330,78,1
BenchmarkTest00973,weakrand,CWE-330,70,1
BenchmarkTest00972,weakrand,CWE-330,78,1
BenchmarkTest00972,weakrand,CWE-330,70,1
BenchmarkTest00971,weakrand,CWE-330,78,1
BenchmarkTest00961,hash,CWE-328,90,1
BenchmarkTest00971,weakrand,CWE-330,70,1
BenchmarkTest00969,cmdi,CWE-78,101,0
BenchmarkTest00969,cmdi,CWE-78,97,0
BenchmarkTest00967,hash,CWE-328,93,0
BenchmarkTest00967,hash,CWE-328,76,0
BenchmarkTest00966,hash,CWE-328,116,0
BenchmarkTest00966,hash,CWE-328,93,0
BenchmarkTest00966,hash,CWE-328,76,0
BenchmarkTest00965,hash,CWE-328,93,0
BenchmarkTest00965,hash,CWE-328,76,0
BenchmarkTest00964,hash,CWE-328,93,0
BenchmarkTest00964,hash,CWE-328,76,0
BenchmarkTest00963,hash,CWE-328,90,1
BenchmarkTest00963,hash,CWE-328,73,1
BenchmarkTest00962,hash,CWE-328,90,0
BenchmarkTest00970,cmdi,CWE-78,98,0
BenchmarkTest00916,weakrand,CWE-330,68,0
BenchmarkTest00916,weakrand,CWE-330,60,0
BenchmarkTest00916,weakrand,CWE-330,49,0
BenchmarkTest00881,xss,CWE-79,52,0
BenchmarkTest00878,hash,CWE-328,81,0
BenchmarkTest00878,hash,CWE-328,64,0
BenchmarkTest00878,hash,CWE-328,49,0
BenchmarkTest00877,hash,CWE-328,91,0
BenchmarkTest00877,hash,CWE-328,74,0
BenchmarkTest00877,hash,CWE-328,55,0
BenchmarkTest00877,hash,CWE-328,51,0
BenchmarkTest00876,hash,CWE-328,84,1
BenchmarkTest00876,hash,CWE-328,67,1
BenchmarkTest00876,hash,CWE-328,52,1
BenchmarkTest00875,hash,CWE-328,88,1
BenchmarkTest00875,hash,CWE-328,71,1
BenchmarkTest00874,hash,CWE-328,75,0
BenchmarkTest00882,xss,CWE-79,52,0
BenchmarkTest00874,hash,CWE-328,58,0
BenchmarkTest00873,hash,CWE-328,64,0
BenchmarkTest00872,hash,CWE-328,76,1
BenchmarkTest00872,hash,CWE-328,59,1
BenchmarkTest00871,hash,CWE-328,80,1
BenchmarkTest00871,hash,CWE-328,63,1
BenchmarkTest00870,hash,CWE-328,75,1
BenchmarkTest00870,hash,CWE-328,58,1
BenchmarkTest00869,hash,CWE-328,102,1
BenchmarkTest00869,hash,CWE-328,85,1
BenchmarkTest00868,hash,CWE-328,96,1
BenchmarkTest00868,hash,CWE-328,79,1
BenchmarkTest00868,hash,CWE-328,55,1
BenchmarkTest00868,hash,CWE-328,51,1
BenchmarkTest00862,pathtraver,CWE-22,52,0
BenchmarkTest00873,hash,CWE-328,81,0
BenchmarkTest00883,xss,CWE-79,51,0
BenchmarkTest00883,xss,CWE-79,55,0
BenchmarkTest00885,xss,CWE-79,50,0
BenchmarkTest00915,weakrand,CWE-330,66,0
BenchmarkTest00915,weakrand,CWE-330,58,0
BenchmarkTest00914,weakrand,CWE-330,69,0
BenchmarkTest00914,weakrand,CWE-330,61,0
BenchmarkTest00913,weakrand,CWE-330,88,0
BenchmarkTest00913,weakrand,CWE-330,80,0
BenchmarkTest00912,weakrand,CWE-330,75,0
BenchmarkTest00912,weakrand,CWE-330,67,0
BenchmarkTest00912,weakrand,CWE-330,51,0
BenchmarkTest00911,weakrand,CWE-330,70,0
BenchmarkTest00911,weakrand,CWE-330,62,0
BenchmarkTest00910,cmdi,CWE-78,66,0
BenchmarkTest00910,cmdi,CWE-78,52,0
BenchmarkTest00909,cmdi,CWE-78,51,0
BenchmarkTest00907,cmdi,CWE-78,52,0
BenchmarkTest00904,securecookie,CWE-614,60,0
BenchmarkTest00903,securecookie,CWE-614,75,1
BenchmarkTest00889,xss,CWE-79,51,0
BenchmarkTest00893,xss,CWE-79,51,0
BenchmarkTest00894,xss,CWE-79,49,0
BenchmarkTest00896,cmdi,CWE-78,51,0
BenchmarkTest00898,weakrand,CWE-330,60,1
BenchmarkTest00898,weakrand,CWE-330,68,1
BenchmarkTest00859,crypto,CWE-327,72,1
BenchmarkTest00899,weakrand,CWE-330,74,1
BenchmarkTest00900,weakrand,CWE-330,74,1
BenchmarkTest00900,weakrand,CWE-330,82,1
BenchmarkTest00901,weakrand,CWE-330,74,1
BenchmarkTest00901,weakrand,CWE-330,82,1
BenchmarkTest00902,weakrand,CWE-330,60,1
BenchmarkTest00902,weakrand,CWE-330,68,1
BenchmarkTest00899,weakrand,CWE-330,82,1
BenchmarkTest01171,xss,CWE-79,68,1
BenchmarkTest00610,crypto,CWE-327,106,1
BenchmarkTest00610,crypto,CWE-327,56,1
BenchmarkTest00128,crypto,CWE-327,88,0
BenchmarkTest00128,crypto,CWE-327,56,0
BenchmarkTest00127,crypto,CWE-327,108,0
BenchmarkTest00127,crypto,CWE-327,92,0
BenchmarkTest00126,crypto,CWE-327,98,0
BenchmarkTest00126,crypto,CWE-327,82,0
BenchmarkTest00125,crypto,CWE-327,96,1
BenchmarkTest00125,crypto,CWE-327,80,1
BenchmarkTest00124,crypto,CWE-327,102,1
BenchmarkTest00124,crypto,CWE-327,86,1
BenchmarkTest00124,crypto,CWE-327,57,1
BenchmarkTest00123,crypto,CWE-327,96,1
BenchmarkTest00123,crypto,CWE-327,80,1
BenchmarkTest00122,crypto,CWE-327,99,0
BenchmarkTest00128,crypto,CWE-327,104,0
BenchmarkTest00122,crypto,CWE-327,83,0
BenchmarkTest00121,crypto,CWE-327,93,0
BenchmarkTest00120,crypto,CWE-327,100,1
BenchmarkTest00120,crypto,CWE-327,84,1
BenchmarkTest00120,crypto,CWE-327,55,1
BenchmarkTest00119,crypto,CWE-327,109,1
BenchmarkTest00119,crypto,CWE-327,93,1
BenchmarkTest00119,crypto,CWE-327,60,1
BenchmarkTest00119,crypto,CWE-327,56,1
BenchmarkTest00118,xpathi,CWE-643,68,0
BenchmarkTest00117,xpathi,CWE-643,90,0
BenchmarkTest00117,xpathi,CWE-643,68,0
BenchmarkTest00116,xpathi,CWE-643,90,0
BenchmarkTest00114,sqli,CWE-89,68,0
BenchmarkTest00110,sqli,CWE-89,72,0
BenchmarkTest00121,crypto,CWE-327,109,0
BenchmarkTest00110,sqli,CWE-89,68,0
BenchmarkTest00129,crypto,CWE-327,82,0
BenchmarkTest00130,crypto,CWE-327,101,0
BenchmarkTest00164,weakrand,CWE-330,56,1
BenchmarkTest00163,weakrand,CWE-330,69,1
BenchmarkTest00163,weakrand,CWE-330,61,1
BenchmarkTest00162,weakrand,CWE-330,68,1
BenchmarkTest00162,weakrand,CWE-330,60,1
BenchmarkTest00161,weakrand,CWE-330,74,1
BenchmarkTest00161,weakrand,CWE-330,66,1
BenchmarkTest00160,weakrand,CWE-330,73,1
BenchmarkTest00160,weakrand,CWE-330,65,1
BenchmarkTest00158,cmdi,CWE-78,56,0
BenchmarkTest00157,xss,CWE-79,57,1
BenchmarkTest00150,xss,CWE-79,56,1
BenchmarkTest00148,xss,CWE-79,56,1
BenchmarkTest00146,xss,CWE-79,55,1
BenchmarkTest00129,crypto,CWE-327,98,0
BenchmarkTest00143,hash,CWE-328,102,1
BenchmarkTest00142,hash,CWE-328,86,0
BenchmarkTest00142,hash,CWE-328,69,0
BenchmarkTest00142,hash,CWE-328,56,0
BenchmarkTest00141,hash,CWE-328,94,1
BenchmarkTest00141,hash,CWE-328,77,1
BenchmarkTest00141,hash,CWE-328,57,1
BenchmarkTest00140,weakrand,CWE-330,78,1
BenchmarkTest00140,weakrand,CWE-330,70,1
BenchmarkTest00139,ldapi,CWE-90,60,0
BenchmarkTest00139,ldapi,CWE-90,56,0
BenchmarkTest00138,ldapi,CWE-90,57,0
BenchmarkTest00133,pathtraver,CWE-22,57,1
BenchmarkTest00132,pathtraver,CWE-22,84,0
BenchmarkTest00130,crypto,CWE-327,117,0
BenchmarkTest00143,hash,CWE-328,85,1
BenchmarkTest00164,weakrand,CWE-330,66,1
BenchmarkTest00107,sqli,CWE-89,72,0
BenchmarkTest00105,sqli,CWE-89,69,0
BenchmarkTest00079,weakrand,CWE-330,77,1
BenchmarkTest00078,weakrand,CWE-330,84,1
BenchmarkTest00078,weakrand,CWE-330,76,1
BenchmarkTest00076,hash,CWE-328,114,0
BenchmarkTest00076,hash,CWE-328,97,0
BenchmarkTest00075,hash,CWE-328,101,0
BenchmarkTest00075,hash,CWE-328,84,0
BenchmarkTest00075,hash,CWE-328,69,0
BenchmarkTest00074,hash,CWE-328,100,1
BenchmarkTest00074,hash,CWE-328,83,1
BenchmarkTest00073,hash,CWE-328,111,1
BenchmarkTest00073,hash,CWE-328,94,1
BenchmarkTest00072,hash,CWE-328,93,0
BenchmarkTest00072,hash,CWE-328,76,0
BenchmarkTest00079,weakrand,CWE-330,85,1
BenchmarkTest00071,hash,CWE-328,98,1
BenchmarkTest00071,hash,CWE-328,68,1
BenchmarkTest00070,hash,CWE-328,98,1
BenchmarkTest00070,hash,CWE-328,81,1
BenchmarkTest00070,hash,CWE-328,69,1
BenchmarkTest00069,hash,CWE-328,106,0
BenchmarkTest00069,hash,CWE-328,89,0
BenchmarkTest00069,hash,CWE-328,69,0
BenchmarkTest00068,weakrand,CWE-330,86,1
BenchmarkTest00068,weakrand,CWE-330,78,1
BenchmarkTest00068,weakrand,CWE-330,69,1
BenchmarkTest00067,weakrand,CWE-330,94,1
BenchmarkTest00067,weakrand,CWE-330,86,1
BenchmarkTest00067,weakrand,CWE-330,72,1
BenchmarkTest00067,weakrand,CWE-330,68,1
BenchmarkTest00071,hash,CWE-328,81,1
BenchmarkTest00107,sqli,CWE-89,68,0
BenchmarkTest00080,weakrand,CWE-330,72,1
BenchmarkTest00081,weakrand,CWE-330,72,1
BenchmarkTest00104,sqli,CWE-89,68,0
BenchmarkTest00103,sqli,CWE-89,69,1
BenchmarkTest00097,trustbound,CWE-501,69,0
BenchmarkTest00096,weakrand,CWE-330,87,0
BenchmarkTest00096,weakrand,CWE-330,79,0
BenchmarkTest00096,weakrand,CWE-330,69,0
BenchmarkTest00095,weakrand,CWE-330,86,0
BenchmarkTest00095,weakrand,CWE-330,78,0
BenchmarkTest00094,weakrand,CWE-330,88,0
BenchmarkTest00094,weakrand,CWE-330,80,0
BenchmarkTest00093,cmdi,CWE-78,87,0
BenchmarkTest00090,cmdi,CWE-78,82,0
BenchmarkTest00090,cmdi,CWE-78,68,0
BenchmarkTest00089,securecookie,CWE-614,79,0
BenchmarkTest00080,weakrand,CWE-330,80,1
BenchmarkTest00089,securecookie,CWE-614,69,0
BenchmarkTest00087,securecookie,CWE-614,77,1
BenchmarkTest00086,weakrand,CWE-330,86,1
BenchmarkTest00086,weakrand,CWE-330,78,1
BenchmarkTest00086,weakrand,CWE-330,68,1
BenchmarkTest00085,weakrand,CWE-330,85,1
BenchmarkTest00085,weakrand,CWE-330,77,1
BenchmarkTest00084,weakrand,CWE-330,81,1
BenchmarkTest00084,weakrand,CWE-330,73,1
BenchmarkTest00083,weakrand,CWE-330,86,1
BenchmarkTest00083,weakrand,CWE-330,78,1
BenchmarkTest00083,weakrand,CWE-330,68,1
BenchmarkTest00082,weakrand,CWE-330,81,1
BenchmarkTest00082,weakrand,CWE-330,73,1
BenchmarkTest00081,weakrand,CWE-330,80,1
BenchmarkTest00088,securecookie,CWE-614,73,0
BenchmarkTest00164,weakrand,CWE-330,74,1
BenchmarkTest00165,weakrand,CWE-330,54,1
BenchmarkTest00165,weakrand,CWE-330,63,1
BenchmarkTest00230,weakrand,CWE-330,63,1
BenchmarkTest00229,hash,CWE-328,92,0
BenchmarkTest00229,hash,CWE-328,75,0
BenchmarkTest00228,hash,CWE-328,102,0
BenchmarkTest00228,hash,CWE-328,85,0
BenchmarkTest00227,hash,CWE-328,106,1
BenchmarkTest00227,hash,CWE-328,89,1
BenchmarkTest00227,hash,CWE-328,69,1
BenchmarkTest00227,hash,CWE-328,65,1
BenchmarkTest00226,hash,CWE-328,98,1
BenchmarkTest00226,hash,CWE-328,81,1
BenchmarkTest00225,hash,CWE-328,95,0
BenchmarkTest00225,hash,CWE-328,78,0
BenchmarkTest00225,hash,CWE-328,65,0
BenchmarkTest00230,weakrand,CWE-330,73,1
BenchmarkTest00224,hash,CWE-328,97,0
BenchmarkTest00223,hash,CWE-328,102,1
BenchmarkTest00223,hash,CWE-328,85,1
BenchmarkTest00221,pathtraver,CWE-22,66,0
BenchmarkTest00220,pathtraver,CWE-22,69,0
BenchmarkTest00220,pathtraver,CWE-22,65,0
BenchmarkTest00219,pathtraver,CWE-22,80,1
BenchmarkTest00219,pathtraver,CWE-22,66,1
BenchmarkTest00217,pathtraver,CWE-22,69,0
BenchmarkTest00217,pathtraver,CWE-22,65,0
BenchmarkTest00216,pathtraver,CWE-22,65,1
BenchmarkTest00214,crypto,CWE-327,107,0
BenchmarkTest00214,crypto,CWE-327,91,0
BenchmarkTest00213,crypto,CWE-327,117,0
BenchmarkTest00213,crypto,CWE-327,101,0
BenchmarkTest00224,hash,CWE-328,80,0
BenchmarkTest00212,crypto,CWE-327,103,0
BenchmarkTest00230,weakrand,CWE-330,81,1
BenchmarkTest00231,weakrand,CWE-330,82,1
BenchmarkTest00245,weakrand,CWE-330,65,0
BenchmarkTest00244,weakrand,CWE-330,89,0
BenchmarkTest00244,weakrand,CWE-330,81,0
BenchmarkTest00244,weakrand,CWE-330,65,0
BenchmarkTest00243,weakrand,CWE-330,88,0
BenchmarkTest00243,weakrand,CWE-330,80,0
BenchmarkTest00242,securecookie,CWE-614,80,0
BenchmarkTest00241,securecookie,CWE-614,76,1
BenchmarkTest00241,securecookie,CWE-614,65,1
BenchmarkTest00240,weakrand,CWE-330,78,1
BenchmarkTest00240,weakrand,CWE-330,70,1
BenchmarkTest00239,weakrand,CWE-330,90,1
BenchmarkTest00239,weakrand,CWE-330,82,1
BenchmarkTest00239,weakrand,CWE-330,69,1
BenchmarkTest00231,weakrand,CWE-330,74,1
BenchmarkTest00239,weakrand,CWE-330,65,1
BenchmarkTest00238,weakrand,CWE-330,73,1
BenchmarkTest00237,weakrand,CWE-330,96,1
BenchmarkTest00237,weakrand,CWE-330,88,1
BenchmarkTest00236,weakrand,CWE-330,83,1
BenchmarkTest00236,weakrand,CWE-330,75,1
BenchmarkTest00236,weakrand,CWE-330,65,1
BenchmarkTest00235,weakrand,CWE-330,78,1
BenchmarkTest00235,weakrand,CWE-330,70,1
BenchmarkTest00234,weakrand,CWE-330,83,1
BenchmarkTest00234,weakrand,CWE-330,75,1
BenchmarkTest00233,weakrand,CWE-330,78,1
BenchmarkTest00233,weakrand,CWE-330,70,1
BenchmarkTest00232,weakrand,CWE-330,83,1
BenchmarkTest00232,weakrand,CWE-330,75,1
BenchmarkTest00238,weakrand,CWE-330,81,1
BenchmarkTest00212,crypto,CWE-327,87,0
BenchmarkTest00212,crypto,CWE-327,65,0
BenchmarkTest00211,crypto,CWE-327,107,0
BenchmarkTest00183,weakrand,CWE-330,88,0
BenchmarkTest00183,weakrand,CWE-330,80,0
BenchmarkTest00182,weakrand,CWE-330,83,0
BenchmarkTest00182,weakrand,CWE-330,75,0
BenchmarkTest00182,weakrand,CWE-330,60,0
BenchmarkTest00182,weakrand,CWE-330,56,0
BenchmarkTest00181,weakrand,CWE-330,70,0
BenchmarkTest00181,weakrand,CWE-330,62,0
BenchmarkTest00180,weakrand,CWE-330,77,0
BenchmarkTest00180,weakrand,CWE-330,69,0
BenchmarkTest00180,weakrand,CWE-330,56,0
BenchmarkTest00179,weakrand,CWE-330,70,0
BenchmarkTest00179,weakrand,CWE-330,62,0
BenchmarkTest00178,weakrand,CWE-330,74,0
BenchmarkTest00184,weakrand,CWE-330,66,0
BenchmarkTest00178,weakrand,CWE-330,66,0
BenchmarkTest00177,cmdi,CWE-78,56,0
BenchmarkTest00176,cmdi,CWE-78,65,1
BenchmarkTest00170,securecookie,CWE-614,75,1
BenchmarkTest00170,securecookie,CWE-614,60,1
BenchmarkTest00170,securecookie,CWE-614,56,1
BenchmarkTest00169,securecookie,CWE-614,71,1
BenchmarkTest00168,weakrand,CWE-330,74,1
BenchmarkTest00168,weakrand,CWE-330,66,1
BenchmarkTest00168,weakrand,CWE-330,57,1
BenchmarkTest00167,weakrand,CWE-330,72,1
BenchmarkTest00167,weakrand,CWE-330,64,1
BenchmarkTest00166,weakrand,CWE-330,68,1
BenchmarkTest00166,weakrand,CWE-330,60,1
BenchmarkTest00165,weakrand,CWE-330,71,1
BenchmarkTest00177,cmdi,CWE-78,71,0
BenchmarkTest00184,weakrand,CWE-330,74,0
BenchmarkTest00185,weakrand,CWE-330,67,0
BenchmarkTest00185,weakrand,CWE-330,75,0
BenchmarkTest00211,crypto,CWE-327,91,0
BenchmarkTest00210,crypto,CWE-327,108,1
BenchmarkTest00210,crypto,CWE-327,92,1
BenchmarkTest00210,crypto,CWE-327,63,1
BenchmarkTest00209,crypto,CWE-327,93,0
BenchmarkTest00209,crypto,CWE-327,77,0
BenchmarkTest00208,crypto,CWE-327,110,1
BenchmarkTest00208,crypto,CWE-327,94,1
BenchmarkTest00208,crypto,CWE-327,66,1
BenchmarkTest00206,sqli,CWE-89,60,0
BenchmarkTest00206,sqli,CWE-89,56,0
BenchmarkTest00203,sqli,CWE-89,57,1
BenchmarkTest00202,sqli,CWE-89,60,0
BenchmarkTest00202,sqli,CWE-89,56,0
BenchmarkTest00201,sqli,CWE-89,60,0
BenchmarkTest00201,sqli,CWE-89,56,0
BenchmarkTest00199,sqli,CWE-89,56,1
BenchmarkTest00186,weakrand,CWE-330,56,0
BenchmarkTest00186,weakrand,CWE-330,60,0
BenchmarkTest00186,weakrand,CWE-330,75,0
BenchmarkTest00186,weakrand,CWE-330,83,0
BenchmarkTest00187,weakrand,CWE-330,71,0
BenchmarkTest00187,weakrand,CWE-330,79,0
BenchmarkTest00066,weakrand,CWE-330,86,1
BenchmarkTest00188,weakrand,CWE-330,56,0
BenchmarkTest00188,weakrand,CWE-330,75,0
BenchmarkTest00189,trustbound,CWE-501,56,0
BenchmarkTest00189,trustbound,CWE-501,60,0
BenchmarkTest00193,sqli,CWE-89,56,1
BenchmarkTest00195,sqli,CWE-89,57,1
BenchmarkTest00196,sqli,CWE-89,56,1
BenchmarkTest00188,weakrand,CWE-330,67,0
BenchmarkTest00066,weakrand,CWE-330,78,1
BenchmarkTest00066,weakrand,CWE-330,68,1
BenchmarkTest00064,pathtraver,CWE-22,69,0
BenchmarkTest00245,weakrand,CWE-330,69,0
BenchmarkTest00047,xss,CWE-79,49,1
BenchmarkTest00047,xss,CWE-79,47,1
BenchmarkTest00046,hash,CWE-328,77,1
BenchmarkTest00046,hash,CWE-328,60,1
BenchmarkTest00042,weakrand,CWE-330,64,0
BenchmarkTest00042,weakrand,CWE-330,56,0
BenchmarkTest00039,sqli,CWE-89,52,1
BenchmarkTest00038,sqli,CWE-89,52,1
BenchmarkTest00037,sqli,CWE-89,52,1
BenchmarkTest00036,xss,CWE-79,52,1
BenchmarkTest00035,crypto,CWE-327,96,1
BenchmarkTest00035,crypto,CWE-327,80,1
BenchmarkTest00035,crypto,CWE-327,52,1
BenchmarkTest00029,hash,CWE-328,82,1
BenchmarkTest00047,xss,CWE-79,54,1
BenchmarkTest00029,hash,CWE-328,65,1
BenchmarkTest00023,weakrand,CWE-330,54,1
BenchmarkTest00022,hash,CWE-328,74,0
BenchmarkTest00022,hash,CWE-328,57,0
BenchmarkTest00020,crypto,CWE-327,89,1
BenchmarkTest00020,crypto,CWE-327,73,1
BenchmarkTest00019,crypto,CWE-327,81,1
BenchmarkTest00019,crypto,CWE-327,65,1
BenchmarkTest00016,securecookie,CWE-614,62,0
BenchmarkTest00010,weakrand,CWE-330,77,0
BenchmarkTest00010,weakrand,CWE-330,69,0
BenchmarkTest00009,hash,CWE-328,96,0
BenchmarkTest00009,hash,CWE-328,79,0
BenchmarkTest00005,crypto,CWE-327,95,1
BenchmarkTest00005,crypto,CWE-327,79,1
BenchmarkTest00023,weakrand,CWE-330,62,1
BenchmarkTest00003,hash,CWE-328,94,1
BenchmarkTest00047,xss,CWE-79,57,1
BenchmarkTest00048,xss,CWE-79,47,1
BenchmarkTest00063,pathtraver,CWE-22,83,0
BenchmarkTest00063,pathtraver,CWE-22,69,0
BenchmarkTest00062,pathtraver,CWE-22,82,1
BenchmarkTest00059,crypto,CWE-327,111,0
BenchmarkTest00059,crypto,CWE-327,95,0
BenchmarkTest00058,crypto,CWE-327,100,0
BenchmarkTest00058,crypto,CWE-327,84,0
BenchmarkTest00057,crypto,CWE-327,114,1
BenchmarkTest00057,crypto,CWE-327,98,1
BenchmarkTest00057,crypto,CWE-327,68,1
BenchmarkTest00056,crypto,CWE-327,117,1
BenchmarkTest00056,crypto,CWE-327,101,1
BenchmarkTest00055,crypto,CWE-327,107,1
BenchmarkTest00055,crypto,CWE-327,91,1
BenchmarkTest00047,xss,CWE-79,58,1
BenchmarkTest00054,crypto,CWE-327,111,0
BenchmarkTest00053,crypto,CWE-327,114,1
BenchmarkTest00053,crypto,CWE-327,98,1
BenchmarkTest00053,crypto,CWE-327,69,1
BenchmarkTest00050,crypto,CWE-327,89,1
BenchmarkTest00050,crypto,CWE-327,73,1
BenchmarkTest00049,xss,CWE-79,58,1
BenchmarkTest00049,xss,CWE-79,57,1
BenchmarkTest00049,xss,CWE-79,54,1
BenchmarkTest00049,xss,CWE-79,49,1
BenchmarkTest00049,xss,CWE-79,47,1
BenchmarkTest00048,xss,CWE-79,58,1
BenchmarkTest00048,xss,CWE-79,57,1
BenchmarkTest00048,xss,CWE-79,54,1
BenchmarkTest00048,xss,CWE-79,49,1
BenchmarkTest00054,crypto,CWE-327,95,0
BenchmarkTest00003,hash,CWE-328,77,1
BenchmarkTest00001,pathtraver,CWE-22,76,1
BenchmarkTest00610,crypto,CWE-327,90,1
BenchmarkTest00245,weakrand,CWE-330,86,0
BenchmarkTest00246,weakrand,CWE-330,65,0
BenchmarkTest00529,pathtraver,CWE-22,50,1
BenchmarkTest00528,pathtraver,CWE-22,50,1
BenchmarkTest00527,pathtraver,CWE-22,50,1
BenchmarkTest00526,pathtraver,CWE-22,50,1
BenchmarkTest00525,pathtraver,CWE-22,50,1
BenchmarkTest00524,crypto,CWE-327,120,0
BenchmarkTest00524,crypto,CWE-327,104,0
BenchmarkTest00524,crypto,CWE-327,69,0
BenchmarkTest00524,crypto,CWE-327,65,0
BenchmarkTest00524,crypto,CWE-327,50,0
BenchmarkTest00523,crypto,CWE-327,106,0
BenchmarkTest00523,crypto,CWE-327,90,0
BenchmarkTest00523,crypto,CWE-327,69,0
BenchmarkTest00523,crypto,CWE-327,65,0
BenchmarkTest00530,ldapi,CWE-90,50,0
BenchmarkTest00523,crypto,CWE-327,50,0
BenchmarkTest00522,crypto,CWE-327,94,1
BenchmarkTest00522,crypto,CWE-327,66,1
BenchmarkTest00522,crypto,CWE-327,50,1
BenchmarkTest00521,crypto,CWE-327,111,1
BenchmarkTest00521,crypto,CWE-327,95,1
BenchmarkTest00521,crypto,CWE-327,66,1
BenchmarkTest00521,crypto,CWE-327,50,1
BenchmarkTest00520,xpathi,CWE-643,57,0
BenchmarkTest00517,sqli,CWE-89,57,0
BenchmarkTest00514,sqli,CWE-89,57,0
BenchmarkTest00507,weakrand,CWE-330,70,0
BenchmarkTest00507,weakrand,CWE-330,62,0
BenchmarkTest00506,weakrand,CWE-330,83,0
BenchmarkTest00506,weakrand,CWE-330,75,0
BenchmarkTest00522,crypto,CWE-327,110,1
BenchmarkTest00506,weakrand,CWE-330,60,0
BenchmarkTest00531,hash,CWE-328,50,1
BenchmarkTest00531,hash,CWE-328,102,1
BenchmarkTest00540,hash,CWE-328,50,0
BenchmarkTest00539,hash,CWE-328,90,0
BenchmarkTest00539,hash,CWE-328,73,0
BenchmarkTest00539,hash,CWE-328,50,0
BenchmarkTest00538,hash,CWE-328,102,0
BenchmarkTest00538,hash,CWE-328,85,0
BenchmarkTest00538,hash,CWE-328,69,0
BenchmarkTest00538,hash,CWE-328,65,0
BenchmarkTest00538,hash,CWE-328,50,0
BenchmarkTest00537,hash,CWE-328,89,1
BenchmarkTest00537,hash,CWE-328,72,1
BenchmarkTest00537,hash,CWE-328,50,1
BenchmarkTest00536,hash,CWE-328,94,1
BenchmarkTest00536,hash,CWE-328,77,1
BenchmarkTest00531,hash,CWE-328,85,1
BenchmarkTest00536,hash,CWE-328,50,1
BenchmarkTest00535,hash,CWE-328,78,0
BenchmarkTest00535,hash,CWE-328,66,0
BenchmarkTest00535,hash,CWE-328,50,0
BenchmarkTest00534,hash,CWE-328,108,1
BenchmarkTest00534,hash,CWE-328,91,1
BenchmarkTest00534,hash,CWE-328,50,1
BenchmarkTest00533,hash,CWE-328,99,1
BenchmarkTest00533,hash,CWE-328,82,1
BenchmarkTest00533,hash,CWE-328,50,1
BenchmarkTest00532,hash,CWE-328,102,1
BenchmarkTest00532,hash,CWE-328,85,1
BenchmarkTest00532,hash,CWE-328,69,1
BenchmarkTest00532,hash,CWE-328,65,1
BenchmarkTest00532,hash,CWE-328,50,1
BenchmarkTest00535,hash,CWE-328,95,0
BenchmarkTest00540,hash,CWE-328,66,0
BenchmarkTest00506,weakrand,CWE-330,56,0
BenchmarkTest00505,weakrand,CWE-330,66,0
BenchmarkTest00480,cmdi,CWE-78,57,1
BenchmarkTest00476,xss,CWE-79,57,0
BenchmarkTest00475,xss,CWE-79,56,1
BenchmarkTest00472,xss,CWE-79,56,1
BenchmarkTest00470,xss,CWE-79,60,0
BenchmarkTest00470,xss,CWE-79,56,0
BenchmarkTest00469,xss,CWE-79,57,0
BenchmarkTest00466,hash,CWE-328,88,0
BenchmarkTest00466,hash,CWE-328,71,0
BenchmarkTest00465,hash,CWE-328,83,1
BenchmarkTest00465,hash,CWE-328,66,1
BenchmarkTest00465,hash,CWE-328,54,1
BenchmarkTest00464,hash,CWE-328,83,1
BenchmarkTest00464,hash,CWE-328,66,1
BenchmarkTest00481,cmdi,CWE-78,56,0
BenchmarkTest00464,hash,CWE-328,54,1
BenchmarkTest00463,hash,CWE-328,71,0
BenchmarkTest00462,hash,CWE-328,98,1
BenchmarkTest00462,hash,CWE-328,81,1
BenchmarkTest00461,weakrand,CWE-330,68,1
BenchmarkTest00461,weakrand,CWE-330,60,1
BenchmarkTest00460,pathtraver,CWE-22,60,0
BenchmarkTest00460,pathtraver,CWE-22,56,0
BenchmarkTest00454,pathtraver,CWE-22,71,0
BenchmarkTest00454,pathtraver,CWE-22,56,0
BenchmarkTest00451,crypto,CWE-327,104,0
BenchmarkTest00451,crypto,CWE-327,88,0
BenchmarkTest00451,crypto,CWE-327,56,0
BenchmarkTest00450,crypto,CWE-327,111,0
BenchmarkTest00450,crypto,CWE-327,95,0
BenchmarkTest00463,hash,CWE-328,88,0
BenchmarkTest00505,weakrand,CWE-330,74,0
BenchmarkTest00482,weakrand,CWE-330,61,1
BenchmarkTest00483,weakrand,CWE-330,56,1
BenchmarkTest00504,weakrand,CWE-330,69,0
BenchmarkTest00504,weakrand,CWE-330,61,0
BenchmarkTest00503,weakrand,CWE-330,80,0
BenchmarkTest00503,weakrand,CWE-330,72,0
BenchmarkTest00502,weakrand,CWE-330,75,0
BenchmarkTest00502,weakrand,CWE-330,67,0
BenchmarkTest00501,weakrand,CWE-330,84,0
BenchmarkTest00501,weakrand,CWE-330,76,0
BenchmarkTest00500,cmdi,CWE-78,71,1
BenchmarkTest00500,cmdi,CWE-78,56,1
BenchmarkTest00499,cmdi,CWE-78,65,1
BenchmarkTest00491,securecookie,CWE-614,65,1
BenchmarkTest00491,securecookie,CWE-614,55,1
BenchmarkTest00490,weakrand,CWE-330,78,1
BenchmarkTest00482,weakrand,CWE-330,69,1
BenchmarkTest00490,weakrand,CWE-330,70,1
BenchmarkTest00489,weakrand,CWE-330,65,1
BenchmarkTest00488,weakrand,CWE-330,78,1
BenchmarkTest00488,weakrand,CWE-330,70,1
BenchmarkTest00487,weakrand,CWE-330,73,1
BenchmarkTest00487,weakrand,CWE-330,65,1
BenchmarkTest00486,weakrand,CWE-330,68,1
BenchmarkTest00486,weakrand,CWE-330,60,1
BenchmarkTest00485,weakrand,CWE-330,69,1
BenchmarkTest00485,weakrand,CWE-330,61,1
BenchmarkTest00484,weakrand,CWE-330,74,1
BenchmarkTest00484,weakrand,CWE-330,66,1
BenchmarkTest00484,weakrand,CWE-330,56,1
BenchmarkTest00483,weakrand,CWE-330,75,1
BenchmarkTest00483,weakrand,CWE-330,67,1
BenchmarkTest00489,weakrand,CWE-330,73,1
BenchmarkTest00540,hash,CWE-328,81,0
BenchmarkTest00540,hash,CWE-328,98,0
BenchmarkTest00541,xss,CWE-79,50,1
BenchmarkTest00588,trustbound,CWE-501,50,1
BenchmarkTest00587,trustbound,CWE-501,50,1
BenchmarkTest00586,trustbound,CWE-501,50,0
BenchmarkTest00585,weakrand,CWE-330,79,0
BenchmarkTest00585,weakrand,CWE-330,71,0
BenchmarkTest00585,weakrand,CWE-330,50,0
BenchmarkTest00584,weakrand,CWE-330,85,0
BenchmarkTest00584,weakrand,CWE-330,77,0
BenchmarkTest00584,weakrand,CWE-330,50,0
BenchmarkTest00583,weakrand,CWE-330,83,0
BenchmarkTest00583,weakrand,CWE-330,75,0
BenchmarkTest00583,weakrand,CWE-330,50,0
BenchmarkTest00582,weakrand,CWE-330,86,0
BenchmarkTest00582,weakrand,CWE-330,78,0
BenchmarkTest00588,trustbound,CWE-501,63,1
BenchmarkTest00582,weakrand,CWE-330,66,0
BenchmarkTest00581,weakrand,CWE-330,79,0
BenchmarkTest00581,weakrand,CWE-330,71,0
BenchmarkTest00581,weakrand,CWE-330,50,0
BenchmarkTest00580,weakrand,CWE-330,83,0
BenchmarkTest00580,weakrand,CWE-330,75,0
BenchmarkTest00580,weakrand,CWE-330,50,0
BenchmarkTest00579,weakrand,CWE-330,89,0
BenchmarkTest00579,weakrand,CWE-330,81,0
BenchmarkTest00579,weakrand,CWE-330,65,0
BenchmarkTest00579,weakrand,CWE-330,50,0
BenchmarkTest00578,weakrand,CWE-330,84,0
BenchmarkTest00578,weakrand,CWE-330,76,0
BenchmarkTest00578,weakrand,CWE-330,50,0
BenchmarkTest00577,weakrand,CWE-330,89,0
BenchmarkTest00582,weakrand,CWE-330,50,0
BenchmarkTest00577,weakrand,CWE-330,81,0
BenchmarkTest00589,sqli,CWE-89,50,0
BenchmarkTest00590,sqli,CWE-89,65,1
BenchmarkTest00610,crypto,CWE-327,52,1
BenchmarkTest00609,crypto,CWE-327,93,1
BenchmarkTest00609,crypto,CWE-327,77,1
BenchmarkTest00608,crypto,CWE-327,102,1
BenchmarkTest00608,crypto,CWE-327,86,1
BenchmarkTest00607,xpathi,CWE-643,50,1
BenchmarkTest00606,sqli,CWE-89,65,1
BenchmarkTest00606,sqli,CWE-89,50,1
BenchmarkTest00605,sqli,CWE-89,66,0
BenchmarkTest00605,sqli,CWE-89,50,0
BenchmarkTest00604,sqli,CWE-89,50,1
BenchmarkTest00603,sqli,CWE-89,50,1
BenchmarkTest00602,sqli,CWE-89,50,0
BenchmarkTest00601,sqli,CWE-89,66,0
BenchmarkTest00590,sqli,CWE-89,50,1
BenchmarkTest00601,sqli,CWE-89,50,0
BenchmarkTest00599,sqli,CWE-89,69,0
BenchmarkTest00599,sqli,CWE-89,65,0
BenchmarkTest00599,sqli,CWE-89,50,0
BenchmarkTest00598,sqli,CWE-89,50,1
BenchmarkTest00597,sqli,CWE-89,50,1
BenchmarkTest00596,sqli,CWE-89,50,1
BenchmarkTest00595,sqli,CWE-89,66,1
BenchmarkTest00595,sqli,CWE-89,50,1
BenchmarkTest00594,sqli,CWE-89,50,1
BenchmarkTest00593,sqli,CWE-89,50,1
BenchmarkTest00592,sqli,CWE-89,69,0
BenchmarkTest00592,sqli,CWE-89,65,0
BenchmarkTest00592,sqli,CWE-89,50,0
BenchmarkTest00591,sqli,CWE-89,50,1
BenchmarkTest00600,sqli,CWE-89,50,1
BenchmarkTest00577,weakrand,CWE-330,66,0
BenchmarkTest00577,weakrand,CWE-330,50,0
BenchmarkTest00576,cmdi,CWE-78,75,1
BenchmarkTest00560,weakrand,CWE-330,75,1
BenchmarkTest00560,weakrand,CWE-330,65,1
BenchmarkTest00560,weakrand,CWE-330,50,1
BenchmarkTest00559,cmdi,CWE-78,69,0
BenchmarkTest00559,cmdi,CWE-78,65,0
BenchmarkTest00559,cmdi,CWE-78,50,0
BenchmarkTest00558,cmdi,CWE-78,50,0
BenchmarkTest00557,xss,CWE-79,50,1
BenchmarkTest00556,xss,CWE-79,50,0
BenchmarkTest00555,xss,CWE-79,66,1
BenchmarkTest00555,xss,CWE-79,50,1
BenchmarkTest00554,xss,CWE-79,65,1
BenchmarkTest00554,xss,CWE-79,50,1
BenchmarkTest00553,xss,CWE-79,50,0
BenchmarkTest00560,weakrand,CWE-330,83,1
BenchmarkTest00552,xss,CWE-79,50,1
BenchmarkTest00550,xss,CWE-79,50,0
BenchmarkTest00549,xss,CWE-79,66,1
BenchmarkTest00549,xss,CWE-79,50,1
BenchmarkTest00548,xss,CWE-79,69,0
BenchmarkTest00548,xss,CWE-79,65,0
BenchmarkTest00548,xss,CWE-79,50,0
BenchmarkTest00547,xss,CWE-79,50,1
BenchmarkTest00546,xss,CWE-79,50,0
BenchmarkTest00545,xss,CWE-79,69,0
BenchmarkTest00545,xss,CWE-79,65,0
BenchmarkTest00545,xss,CWE-79,50,0
BenchmarkTest00544,xss,CWE-79,50,0
BenchmarkTest00543,xss,CWE-79,50,1
BenchmarkTest00542,xss,CWE-79,50,1
BenchmarkTest00551,xss,CWE-79,50,1
BenchmarkTest00561,weakrand,CWE-330,50,1
BenchmarkTest00561,weakrand,CWE-330,79,1
BenchmarkTest00561,weakrand,CWE-330,87,1
BenchmarkTest00576,cmdi,CWE-78,50,1
BenchmarkTest00575,cmdi,CWE-78,84,1
BenchmarkTest00575,cmdi,CWE-78,50,1
BenchmarkTest00574,cmdi,CWE-78,66,1
BenchmarkTest00574,cmdi,CWE-78,50,1
BenchmarkTest00573,cmdi,CWE-78,50,1
BenchmarkTest00572,cmdi,CWE-78,80,0
BenchmarkTest00572,cmdi,CWE-78,66,0
BenchmarkTest00572,cmdi,CWE-78,50,0
BenchmarkTest00571,cmdi,CWE-78,65,0
BenchmarkTest00571,cmdi,CWE-78,50,0
BenchmarkTest00570,cmdi,CWE-78,50,0
BenchmarkTest00569,cmdi,CWE-78,69,0
BenchmarkTest00569,cmdi,CWE-78,65,0
BenchmarkTest00569,cmdi,CWE-78,50,0
BenchmarkTest00568,cmdi,CWE-78,50,1
BenchmarkTest00567,cmdi,CWE-78,77,1
BenchmarkTest00562,weakrand,CWE-330,50,1
BenchmarkTest00562,weakrand,CWE-330,88,1
BenchmarkTest00562,weakrand,CWE-330,96,1
BenchmarkTest00563,weakrand,CWE-330,50,1
BenchmarkTest00563,weakrand,CWE-330,69,1
BenchmarkTest00563,weakrand,CWE-330,77,1
BenchmarkTest00450,crypto,CWE-327,60,0
BenchmarkTest00564,weakrand,CWE-330,50,1
BenchmarkTest00564,weakrand,CWE-330,78,1
BenchmarkTest00565,securecookie,CWE-614,50,1
BenchmarkTest00565,securecookie,CWE-614,70,1
BenchmarkTest00566,securecookie,CWE-614,50,1
BenchmarkTest00566,securecookie,CWE-614,71,1
BenchmarkTest00567,cmdi,CWE-78,50,1
BenchmarkTest00564,weakrand,CWE-330,70,1
BenchmarkTest00450,crypto,CWE-327,56,0
BenchmarkTest00449,crypto,CWE-327,91,1
BenchmarkTest00449,crypto,CWE-327,75,1
BenchmarkTest00318,weakrand,CWE-330,62,0
BenchmarkTest00318,weakrand,CWE-330,58,0
BenchmarkTest00317,weakrand,CWE-330,73,0
BenchmarkTest00317,weakrand,CWE-330,65,0
BenchmarkTest00316,weakrand,CWE-330,85,0
BenchmarkTest00316,weakrand,CWE-330,77,0
BenchmarkTest00316,weakrand,CWE-330,62,0
BenchmarkTest00316,weakrand,CWE-330,58,0
BenchmarkTest00315,weakrand,CWE-330,82,0
BenchmarkTest00315,weakrand,CWE-330,74,0
BenchmarkTest00314,weakrand,CWE-330,76,0
BenchmarkTest00314,weakrand,CWE-330,68,0
BenchmarkTest00314,weakrand,CWE-330,56,0
BenchmarkTest00313,weakrand,CWE-330,74,0
BenchmarkTest00318,weakrand,CWE-330,77,0
BenchmarkTest00313,weakrand,CWE-330,66,0
BenchmarkTest00312,weakrand,CWE-330,65,0
BenchmarkTest00310,cmdi,CWE-78,86,0
BenchmarkTest00308,cmdi,CWE-78,73,0
BenchmarkTest00308,cmdi,CWE-78,58,0
BenchmarkTest00307,cmdi,CWE-78,77,0
BenchmarkTest00306,cmdi,CWE-78,58,1
BenchmarkTest00305,cmdi,CWE-78,62,0
BenchmarkTest00305,cmdi,CWE-78,58,0
BenchmarkTest00302,cmdi,CWE-78,72,1
BenchmarkTest00302,cmdi,CWE-78,59,1
BenchmarkTest00300,securecookie,CWE-614,67,1
BenchmarkTest00299,weakrand,CWE-330,76,1
BenchmarkTest00299,weakrand,CWE-330,68,1
BenchmarkTest00299,weakrand,CWE-330,59,1
BenchmarkTest00312,weakrand,CWE-330,73,0
BenchmarkTest00298,weakrand,CWE-330,76,1
BenchmarkTest00318,weakrand,CWE-330,85,0
BenchmarkTest00319,weakrand,CWE-330,90,0
BenchmarkTest00349,weakrand,CWE-330,64,0
BenchmarkTest00349,weakrand,CWE-330,56,0
BenchmarkTest00348,securecookie,CWE-614,55,1
BenchmarkTest00347,weakrand,CWE-330,62,1
BenchmarkTest00347,weakrand,CWE-330,54,1
BenchmarkTest00346,hash,CWE-328,82,1
BenchmarkTest00346,hash,CWE-328,65,1
BenchmarkTest00345,crypto,CWE-327,82,0
BenchmarkTest00345,crypto,CWE-327,66,0
BenchmarkTest00344,sqli,CWE-89,58,0
BenchmarkTest00343,sqli,CWE-89,58,0
BenchmarkTest00341,sqli,CWE-89,58,1
BenchmarkTest00339,sqli,CWE-89,59,1
BenchmarkTest00338,sqli,CWE-89,58,0
BenchmarkTest00319,weakrand,CWE-330,82,0
BenchmarkTest00336,sqli,CWE-89,58,0
BenchmarkTest00334,sqli,CWE-89,62,0
BenchmarkTest00334,sqli,CWE-89,58,0
BenchmarkTest00333,sqli,CWE-89,59,0
BenchmarkTest00332,sqli,CWE-89,62,0
BenchmarkTest00332,sqli,CWE-89,58,0
BenchmarkTest00330,sqli,CWE-89,62,0
BenchmarkTest00330,sqli,CWE-89,58,0
BenchmarkTest00329,sqli,CWE-89,58,0
BenchmarkTest00328,sqli,CWE-89,59,1
BenchmarkTest00326,trustbound,CWE-501,58,1
BenchmarkTest00323,trustbound,CWE-501,58,0
BenchmarkTest00320,weakrand,CWE-330,77,0
BenchmarkTest00320,weakrand,CWE-330,69,0
BenchmarkTest00320,weakrand,CWE-330,59,0
BenchmarkTest00335,sqli,CWE-89,58,1
BenchmarkTest00298,weakrand,CWE-330,68,1
BenchmarkTest00298,weakrand,CWE-330,59,1
BenchmarkTest00297,weakrand,CWE-330,71,1
BenchmarkTest00266,hash,CWE-328,78,1
BenchmarkTest00264,pathtraver,CWE-22,73,1
BenchmarkTest00264,pathtraver,CWE-22,58,1
BenchmarkTest00263,pathtraver,CWE-22,86,0
BenchmarkTest00261,pathtraver,CWE-22,62,0
BenchmarkTest00261,pathtraver,CWE-22,58,0
BenchmarkTest00260,crypto,CWE-327,85,0
BenchmarkTest00260,crypto,CWE-327,69,0
BenchmarkTest00259,crypto,CWE-327,85,0
BenchmarkTest00259,crypto,CWE-327,69,0
BenchmarkTest00258,crypto,CWE-327,97,1
BenchmarkTest00258,crypto,CWE-327,81,1
BenchmarkTest00257,crypto,CWE-327,98,1
BenchmarkTest00257,crypto,CWE-327,82,1
BenchmarkTest00266,hash,CWE-328,95,1
BenchmarkTest00256,crypto,CWE-327,107,1
BenchmarkTest00255,crypto,CWE-327,104,0
BenchmarkTest00255,crypto,CWE-327,88,0
BenchmarkTest00255,crypto,CWE-327,56,0
BenchmarkTest00254,crypto,CWE-327,102,1
BenchmarkTest00254,crypto,CWE-327,86,1
BenchmarkTest00249,weakrand,CWE-330,78,0
BenchmarkTest00249,weakrand,CWE-330,70,0
BenchmarkTest00248,weakrand,CWE-330,78,0
BenchmarkTest00248,weakrand,CWE-330,70,0
BenchmarkTest00247,weakrand,CWE-330,83,0
BenchmarkTest00247,weakrand,CWE-330,75,0
BenchmarkTest00247,weakrand,CWE-330,64,0
BenchmarkTest00246,weakrand,CWE-330,89,0
BenchmarkTest00246,weakrand,CWE-330,81,0
BenchmarkTest00256,crypto,CWE-327,91,1
BenchmarkTest00267,hash,CWE-328,74,1
BenchmarkTest00267,hash,CWE-328,91,1
BenchmarkTest00268,hash,CWE-328,59,1
BenchmarkTest00297,weakrand,CWE-330,63,1
BenchmarkTest00296,weakrand,CWE-330,76,1
BenchmarkTest00296,weakrand,CWE-330,68,1
BenchmarkTest00296,weakrand,CWE-330,59,1
BenchmarkTest00295,cmdi,CWE-78,59,1
BenchmarkTest00294,cmdi,CWE-78,59,1
BenchmarkTest00292,xss,CWE-79,56,1
BenchmarkTest00291,xss,CWE-79,56,1
BenchmarkTest00281,xss,CWE-79,59,0
BenchmarkTest00277,xss,CWE-79,62,0
BenchmarkTest00277,xss,CWE-79,58,0
BenchmarkTest00276,xss,CWE-79,59,1
BenchmarkTest00275,xss,CWE-79,62,0
BenchmarkTest00275,xss,CWE-79,58,0
BenchmarkTest00274,hash,CWE-328,85,1
BenchmarkTest00274,hash,CWE-328,68,1
BenchmarkTest00273,hash,CWE-328,95,1
BenchmarkTest00268,hash,CWE-328,71,1
BenchmarkTest00268,hash,CWE-328,88,1
BenchmarkTest00269,hash,CWE-328,58,1
BenchmarkTest00269,hash,CWE-328,71,1
BenchmarkTest00269,hash,CWE-328,88,1
BenchmarkTest00270,hash,CWE-328,75,0
BenchmarkTest00350,crypto,CWE-327,68,0
BenchmarkTest00270,hash,CWE-328,92,0
BenchmarkTest00271,hash,CWE-328,62,0
BenchmarkTest00271,hash,CWE-328,78,0
BenchmarkTest00271,hash,CWE-328,95,0
BenchmarkTest00272,hash,CWE-328,84,1
BenchmarkTest00272,hash,CWE-328,101,1
BenchmarkTest00273,hash,CWE-328,78,1
BenchmarkTest00271,hash,CWE-328,58,0
BenchmarkTest00245,weakrand,CWE-330,94,0
BenchmarkTest00350,crypto,CWE-327,84,0
BenchmarkTest00351,crypto,CWE-327,68,0
BenchmarkTest00421,weakrand,CWE-330,64,0
BenchmarkTest00421,weakrand,CWE-330,56,0
BenchmarkTest00420,weakrand,CWE-330,70,0
BenchmarkTest00420,weakrand,CWE-330,62,0
BenchmarkTest00420,weakrand,CWE-330,51,0
BenchmarkTest00419,weakrand,CWE-330,74,0
BenchmarkTest00419,weakrand,CWE-330,66,0
BenchmarkTest00418,weakrand,CWE-330,71,0
BenchmarkTest00418,weakrand,CWE-330,63,0
BenchmarkTest00418,weakrand,CWE-330,51,0
BenchmarkTest00417,weakrand,CWE-330,75,0
BenchmarkTest00417,weakrand,CWE-330,67,0
BenchmarkTest00417,weakrand,CWE-330,52,0
BenchmarkTest00416,weakrand,CWE-330,74,0
BenchmarkTest00422,weakrand,CWE-330,52,0
BenchmarkTest00416,weakrand,CWE-330,66,0
BenchmarkTest00415,weakrand,CWE-330,67,0
BenchmarkTest00414,weakrand,CWE-330,88,0
BenchmarkTest00414,weakrand,CWE-330,80,0
BenchmarkTest00413,weakrand,CWE-330,74,0
BenchmarkTest00413,weakrand,CWE-330,66,0
BenchmarkTest00411,cmdi,CWE-78,55,0
BenchmarkTest00411,cmdi,CWE-78,51,0
BenchmarkTest00408,cmdi,CWE-78,51,0
BenchmarkTest00406,cmdi,CWE-78,51,0
BenchmarkTest00405,securecookie,CWE-614,59,0
BenchmarkTest00405,securecookie,CWE-614,49,0
BenchmarkTest00404,securecookie,CWE-614,60,0
BenchmarkTest00403,securecookie,CWE-614,62,1
BenchmarkTest00403,securecookie,CWE-614,52,1
BenchmarkTest00415,weakrand,CWE-330,75,0
BenchmarkTest00402,weakrand,CWE-330,67,1
BenchmarkTest00422,weakrand,CWE-330,62,0
BenchmarkTest00423,weakrand,CWE-330,57,0
BenchmarkTest00449,crypto,CWE-327,54,1
BenchmarkTest00448,crypto,CWE-327,94,1
BenchmarkTest00448,crypto,CWE-327,78,1
BenchmarkTest00448,crypto,CWE-327,56,1
BenchmarkTest00447,crypto,CWE-327,107,0
BenchmarkTest00447,crypto,CWE-327,91,0
BenchmarkTest00446,crypto,CWE-327,102,1
BenchmarkTest00446,crypto,CWE-327,86,1
BenchmarkTest00446,crypto,CWE-327,57,1
BenchmarkTest00445,crypto,CWE-327,109,1
BenchmarkTest00445,crypto,CWE-327,93,1
BenchmarkTest00445,crypto,CWE-327,60,1
BenchmarkTest00445,crypto,CWE-327,56,1
BenchmarkTest00444,crypto,CWE-327,83,0
BenchmarkTest00422,weakrand,CWE-330,70,0
BenchmarkTest00444,crypto,CWE-327,67,0
BenchmarkTest00443,crypto,CWE-327,89,0
BenchmarkTest00443,crypto,CWE-327,57,0
BenchmarkTest00442,xpathi,CWE-643,52,1
BenchmarkTest00438,sqli,CWE-89,52,1
BenchmarkTest00437,sqli,CWE-89,51,0
BenchmarkTest00436,sqli,CWE-89,51,0
BenchmarkTest00433,sqli,CWE-89,51,1
BenchmarkTest00431,sqli,CWE-89,52,1
BenchmarkTest00430,sqli,CWE-89,52,0
BenchmarkTest00429,sqli,CWE-89,52,1
BenchmarkTest00427,trustbound,CWE-501,55,1
BenchmarkTest00427,trustbound,CWE-501,51,1
BenchmarkTest00426,trustbound,CWE-501,52,1
BenchmarkTest00423,weakrand,CWE-330,65,0
BenchmarkTest00443,crypto,CWE-327,105,0
BenchmarkTest00402,weakrand,CWE-330,59,1
BenchmarkTest00402,weakrand,CWE-330,50,1
BenchmarkTest00401,weakrand,CWE-330,67,1
BenchmarkTest00370,hash,CWE-328,51,0
BenchmarkTest00369,weakrand,CWE-330,66,1
BenchmarkTest00369,weakrand,CWE-330,58,1
BenchmarkTest00369,weakrand,CWE-330,49,1
BenchmarkTest00368,weakrand,CWE-330,63,1
BenchmarkTest00368,weakrand,CWE-330,55,1
BenchmarkTest00367,ldapi,CWE-90,55,0
BenchmarkTest00367,ldapi,CWE-90,51,0
BenchmarkTest00360,pathtraver,CWE-22,64,1
BenchmarkTest00359,pathtraver,CWE-22,51,1
BenchmarkTest00358,crypto,CWE-327,94,0
BenchmarkTest00358,crypto,CWE-327,78,0
BenchmarkTest00357,crypto,CWE-327,93,0
BenchmarkTest00357,crypto,CWE-327,77,0
BenchmarkTest00370,hash,CWE-328,72,0
BenchmarkTest00356,crypto,CWE-327,89,1
BenchmarkTest00356,crypto,CWE-327,51,1
BenchmarkTest00355,crypto,CWE-327,96,1
BenchmarkTest00355,crypto,CWE-327,80,1
BenchmarkTest00355,crypto,CWE-327,55,1
BenchmarkTest00355,crypto,CWE-327,51,1
BenchmarkTest00354,crypto,CWE-327,87,1
BenchmarkTest00354,crypto,CWE-327,71,1
BenchmarkTest00353,crypto,CWE-327,89,0
BenchmarkTest00353,crypto,CWE-327,73,0
BenchmarkTest00352,crypto,CWE-327,96,0
BenchmarkTest00352,crypto,CWE-327,80,0
BenchmarkTest00352,crypto,CWE-327,55,0
BenchmarkTest00352,crypto,CWE-327,51,0
BenchmarkTest00351,crypto,CWE-327,84,0
BenchmarkTest00356,crypto,CWE-327,73,1
BenchmarkTest00370,hash,CWE-328,89,0
BenchmarkTest00371,hash,CWE-328,51,1
BenchmarkTest00371,hash,CWE-328,64,1
BenchmarkTest00401,weakrand,CWE-330,59,1
BenchmarkTest00400,weakrand,CWE-330,82,1
BenchmarkTest00400,weakrand,CWE-330,74,1
BenchmarkTest00399,weakrand,CWE-330,77,1
BenchmarkTest00399,weakrand,CWE-330,69,1
BenchmarkTest00399,weakrand,CWE-330,55,1
BenchmarkTest00399,weakrand,CWE-330,51,1
BenchmarkTest00398,weakrand,CWE-330,69,1
BenchmarkTest00398,weakrand,CWE-330,61,1
BenchmarkTest00397,weakrand,CWE-330,65,1
BenchmarkTest00397,weakrand,CWE-330,57,1
BenchmarkTest00396,cmdi,CWE-78,51,0
BenchmarkTest00393,xss,CWE-79,52,0
BenchmarkTest00392,xss,CWE-79,50,1
BenchmarkTest00387,xss,CWE-79,52,1
BenchmarkTest00385,xss,CWE-79,55,1
BenchmarkTest00385,xss,CWE-79,51,1
BenchmarkTest00371,hash,CWE-328,81,1
BenchmarkTest00372,hash,CWE-328,52,1
BenchmarkTest00372,hash,CWE-328,64,1
BenchmarkTest00372,hash,CWE-328,81,1
BenchmarkTest00373,hash,CWE-328,51,0
BenchmarkTest00373,hash,CWE-328,64,0
BenchmarkTest00351,crypto,CWE-327,52,0
BenchmarkTest00373,hash,CWE-328,81,0
BenchmarkTest00374,hash,CWE-328,79,1
BenchmarkTest00376,xss,CWE-79,52,1
BenchmarkTest00379,xss,CWE-79,51,0
BenchmarkTest00379,xss,CWE-79,55,0
BenchmarkTest00383,xss,CWE-79,51,1
BenchmarkTest00383,xss,CWE-79,55,1
BenchmarkTest00374,hash,CWE-328,62,1
BenchmarkTest01174,xss,CWE-79,66,1
BenchmarkTest00832,weakrand,CWE-330,55,0
BenchmarkTest01587,xss,CWE-79,66,1
BenchmarkTest01332,hash,CWE-328,61,0
BenchmarkTest01676,weakrand,CWE-330,55,1
BenchmarkTest01676,weakrand,CWE-330,52,1
BenchmarkTest01697,weakrand,CWE-330,47,0
BenchmarkTest01507,xss,CWE-79,63,1
BenchmarkTest01676,weakrand,CWE-330,47,1
BenchmarkTest01330,pathtraver,CWE-22,88,1
BenchmarkTest01676,weakrand,CWE-330,45,1
BenchmarkTest01697,weakrand,CWE-330,52,0
BenchmarkTest01697,weakrand,CWE-330,55,0
BenchmarkTest01508,xss,CWE-79,63,0
BenchmarkTest01675,weakrand,CWE-330,76,1
BenchmarkTest01697,weakrand,CWE-330,56,0
BenchmarkTest01697,weakrand,CWE-330,69,0
BenchmarkTest01328,pathtraver,CWE-22,93,0
BenchmarkTest01676,weakrand,CWE-330,56,1
BenchmarkTest01697,weakrand,CWE-330,45,0
BenchmarkTest01504,hash,CWE-328,97,1
BenchmarkTest01332,hash,CWE-328,78,0
BenchmarkTest01502,weakrand,CWE-330,106,1
BenchmarkTest01336,xss,CWE-79,68,0
BenchmarkTest01502,weakrand,CWE-330,110,1
BenchmarkTest01696,weakrand,CWE-330,69,0
BenchmarkTest01503,hash,CWE-328,65,1
BenchmarkTest01334,hash,CWE-328,78,1
BenchmarkTest01334,hash,CWE-328,61,1
BenchmarkTest01675,weakrand,CWE-330,68,1
BenchmarkTest01503,hash,CWE-328,82,1
BenchmarkTest01676,weakrand,CWE-330,116,1
BenchmarkTest01676,weakrand,CWE-330,75,1
BenchmarkTest01504,hash,CWE-328,57,1
BenchmarkTest01333,hash,CWE-328,78,1
BenchmarkTest01333,hash,CWE-328,61,1
BenchmarkTest01676,weakrand,CWE-330,67,1
BenchmarkTest01504,hash,CWE-328,74,1
BenchmarkTest01696,weakrand,CWE-330,77,0
BenchmarkTest01696,weakrand,CWE-330,56,0
BenchmarkTest01328,pathtraver,CWE-22,89,0
BenchmarkTest01675,weakrand,CWE-330,56,1
BenchmarkTest01698,weakrand,CWE-330,132,0
BenchmarkTest01324,crypto,CWE-327,70,0
BenchmarkTest01674,cmdi,CWE-78,52,1
BenchmarkTest01515,xss,CWE-79,62,0
BenchmarkTest01515,xss,CWE-79,66,0
BenchmarkTest01699,weakrand,CWE-330,45,0
BenchmarkTest01674,cmdi,CWE-78,47,1
BenchmarkTest01699,weakrand,CWE-330,47,0
BenchmarkTest01674,cmdi,CWE-78,45,1
BenchmarkTest01699,weakrand,CWE-330,52,0
BenchmarkTest01699,weakrand,CWE-330,55,0
BenchmarkTest01323,crypto,CWE-327,94,1
BenchmarkTest01516,cmdi,CWE-78,83,0
BenchmarkTest01673,cmdi,CWE-78,56,1
BenchmarkTest01699,weakrand,CWE-330,56,0
BenchmarkTest01324,crypto,CWE-327,86,0
BenchmarkTest01698,weakrand,CWE-330,128,0
BenchmarkTest01698,weakrand,CWE-330,78,0
BenchmarkTest01324,crypto,CWE-327,136,0
BenchmarkTest01675,weakrand,CWE-330,55,1
BenchmarkTest01675,weakrand,CWE-330,52,1
BenchmarkTest01698,weakrand,CWE-330,45,0
BenchmarkTest01698,weakrand,CWE-330,47,0
BenchmarkTest01675,weakrand,CWE-330,47,1
BenchmarkTest01512,xss,CWE-79,62,1
BenchmarkTest01325,crypto,CWE-327,86,1
BenchmarkTest01697,weakrand,CWE-330,77,0
BenchmarkTest01325,crypto,CWE-327,70,1
BenchmarkTest01698,weakrand,CWE-330,52,0
BenchmarkTest01513,xss,CWE-79,63,0
BenchmarkTest01698,weakrand,CWE-330,55,0
BenchmarkTest01674,cmdi,CWE-78,56,1
BenchmarkTest01698,weakrand,CWE-330,56,0
BenchmarkTest01698,weakrand,CWE-330,70,0
BenchmarkTest01674,cmdi,CWE-78,55,1
BenchmarkTest01675,weakrand,CWE-330,45,1
BenchmarkTest01699,weakrand,CWE-330,70,0
BenchmarkTest01696,weakrand,CWE-330,55,0
BenchmarkTest01677,weakrand,CWE-330,45,1
BenchmarkTest01356,weakrand,CWE-330,66,1
BenchmarkTest01487,crypto,CWE-327,82,0
BenchmarkTest01679,weakrand,CWE-330,56,1
BenchmarkTest01488,crypto,CWE-327,66,0
BenchmarkTest01356,weakrand,CWE-330,58,1
BenchmarkTest01488,crypto,CWE-327,82,0
BenchmarkTest01695,weakrand,CWE-330,45,0
BenchmarkTest01355,weakrand,CWE-330,66,1
BenchmarkTest01695,weakrand,CWE-330,47,0
BenchmarkTest01355,weakrand,CWE-330,58,1
BenchmarkTest01488,crypto,CWE-327,130,0
BenchmarkTest01679,weakrand,CWE-330,55,1
BenchmarkTest01354,weakrand,CWE-330,66,1
BenchmarkTest01354,weakrand,CWE-330,58,1
BenchmarkTest01679,weakrand,CWE-330,52,1
BenchmarkTest01356,weakrand,CWE-330,110,1
BenchmarkTest01487,crypto,CWE-327,66,0
BenchmarkTest01357,weakrand,CWE-330,58,1
BenchmarkTest01357,weakrand,CWE-330,66,1
BenchmarkTest01483,crypto,CWE-327,89,1
BenchmarkTest01694,weakrand,CWE-330,56,0
BenchmarkTest01484,crypto,CWE-327,73,1
BenchmarkTest01359,securecookie,CWE-614,59,0
BenchmarkTest01484,crypto,CWE-327,89,1
BenchmarkTest01679,weakrand,CWE-330,75,1
BenchmarkTest01694,weakrand,CWE-330,73,0
BenchmarkTest01489,crypto,CWE-327,66,1
BenchmarkTest01694,weakrand,CWE-330,81,0
BenchmarkTest01485,crypto,CWE-327,61,0
BenchmarkTest01485,crypto,CWE-327,77,0
BenchmarkTest01358,weakrand,CWE-330,58,1
BenchmarkTest01486,crypto,CWE-327,74,1
BenchmarkTest01486,crypto,CWE-327,90,1
BenchmarkTest01486,crypto,CWE-327,143,1
BenchmarkTest01679,weakrand,CWE-330,67,1
BenchmarkTest01358,weakrand,CWE-330,66,1
BenchmarkTest01502,weakrand,CWE-330,62,1
BenchmarkTest01695,weakrand,CWE-330,52,0
BenchmarkTest01489,crypto,CWE-327,133,1
BenchmarkTest01678,weakrand,CWE-330,52,1
BenchmarkTest01341,xss,CWE-79,67,0
BenchmarkTest01678,weakrand,CWE-330,47,1
BenchmarkTest01678,weakrand,CWE-330,45,1
BenchmarkTest01696,weakrand,CWE-330,45,0
BenchmarkTest01677,weakrand,CWE-330,75,1
BenchmarkTest01499,pathtraver,CWE-22,84,0
BenchmarkTest01696,weakrand,CWE-330,47,0
BenchmarkTest01677,weakrand,CWE-330,67,1
BenchmarkTest01677,weakrand,CWE-330,56,1
BenchmarkTest01677,weakrand,CWE-330,55,1
BenchmarkTest01677,weakrand,CWE-330,52,1
BenchmarkTest01677,weakrand,CWE-330,47,1
BenchmarkTest01696,weakrand,CWE-330,52,0
BenchmarkTest01502,weakrand,CWE-330,54,1
BenchmarkTest01695,weakrand,CWE-330,132,0
BenchmarkTest01341,xss,CWE-79,71,0
BenchmarkTest01678,weakrand,CWE-330,55,1
BenchmarkTest01678,weakrand,CWE-330,56,1
BenchmarkTest01491,ldapi,CWE-90,102,0
BenchmarkTest01695,weakrand,CWE-330,55,0
BenchmarkTest01491,ldapi,CWE-90,106,0
BenchmarkTest01679,weakrand,CWE-330,47,1
BenchmarkTest01492,ldapi,CWE-90,103,0
BenchmarkTest01347,xss,CWE-79,70,1
BenchmarkTest01679,weakrand,CWE-330,45,1
BenchmarkTest01489,crypto,CWE-327,82,1
BenchmarkTest01347,xss,CWE-79,66,1
BenchmarkTest01678,weakrand,CWE-330,123,1
BenchmarkTest01678,weakrand,CWE-330,119,1
BenchmarkTest01678,weakrand,CWE-330,75,1
BenchmarkTest01695,weakrand,CWE-330,73,0
BenchmarkTest01345,xss,CWE-79,66,0
BenchmarkTest01695,weakrand,CWE-330,81,0
BenchmarkTest01678,weakrand,CWE-330,67,1
BenchmarkTest01695,weakrand,CWE-330,56,0
BenchmarkTest01323,crypto,CWE-327,78,1
BenchmarkTest01673,cmdi,CWE-78,55,1
BenchmarkTest01673,cmdi,CWE-78,52,1
BenchmarkTest01528,cmdi,CWE-78,58,0
BenchmarkTest01529,cmdi,CWE-78,91,0
BenchmarkTest01704,weakrand,CWE-330,45,0
BenchmarkTest01668,xss,CWE-79,56,0
BenchmarkTest01704,weakrand,CWE-330,47,0
BenchmarkTest01532,cmdi,CWE-78,59,0
BenchmarkTest01301,sqli,CWE-89,80,0
BenchmarkTest01301,sqli,CWE-89,76,0
BenchmarkTest01532,cmdi,CWE-78,79,0
BenchmarkTest01704,weakrand,CWE-330,52,0
BenchmarkTest01534,weakrand,CWE-330,60,0
BenchmarkTest01534,weakrand,CWE-330,68,0
BenchmarkTest01668,xss,CWE-79,55,0
BenchmarkTest01534,weakrand,CWE-330,115,0
BenchmarkTest01435,weakrand,CWE-330,75,1
BenchmarkTest01703,weakrand,CWE-330,76,0
BenchmarkTest01669,xss,CWE-79,45,0
BenchmarkTest01527,cmdi,CWE-78,79,0
BenchmarkTest01305,sqli,CWE-89,76,0
BenchmarkTest01703,weakrand,CWE-330,45,0
BenchmarkTest01703,weakrand,CWE-330,47,0
BenchmarkTest01669,xss,CWE-79,56,0
BenchmarkTest01524,securecookie,CWE-614,55,0
BenchmarkTest01524,securecookie,CWE-614,91,0
BenchmarkTest01703,weakrand,CWE-330,52,0
BenchmarkTest01703,weakrand,CWE-330,55,0
BenchmarkTest01704,weakrand,CWE-330,55,0
BenchmarkTest01669,xss,CWE-79,55,0
BenchmarkTest01669,xss,CWE-79,52,0
BenchmarkTest01526,cmdi,CWE-78,58,0
BenchmarkTest01703,weakrand,CWE-330,56,0
BenchmarkTest01526,cmdi,CWE-78,78,0
BenchmarkTest01669,xss,CWE-79,47,0
BenchmarkTest01527,cmdi,CWE-78,58,0
BenchmarkTest01703,weakrand,CWE-330,68,0
BenchmarkTest01525,xss,CWE-79,61,1
BenchmarkTest01523,securecookie,CWE-614,94,0
BenchmarkTest01535,weakrand,CWE-330,56,0
BenchmarkTest01535,weakrand,CWE-330,64,0
BenchmarkTest01296,weakrand,CWE-330,62,0
BenchmarkTest01667,xss,CWE-79,45,1
BenchmarkTest01296,weakrand,CWE-330,54,0
BenchmarkTest01537,weakrand,CWE-330,57,0
BenchmarkTest01666,xss,CWE-79,74,1
BenchmarkTest01537,weakrand,CWE-330,65,0
BenchmarkTest01295,weakrand,CWE-330,111,0
BenchmarkTest01295,weakrand,CWE-330,107,0
BenchmarkTest01666,xss,CWE-79,56,1
BenchmarkTest01295,weakrand,CWE-330,62,0
BenchmarkTest01295,weakrand,CWE-330,54,0
BenchmarkTest01666,xss,CWE-79,55,1
BenchmarkTest01666,xss,CWE-79,52,1
BenchmarkTest01538,weakrand,CWE-330,60,0
BenchmarkTest01294,weakrand,CWE-330,62,0
BenchmarkTest01296,weakrand,CWE-330,108,0
BenchmarkTest01705,weakrand,CWE-330,47,0
BenchmarkTest01536,weakrand,CWE-330,115,0
BenchmarkTest01667,xss,CWE-79,47,1
BenchmarkTest01668,xss,CWE-79,45,0
BenchmarkTest01298,weakrand,CWE-330,62,0
BenchmarkTest01667,xss,CWE-79,56,1
BenchmarkTest01536,weakrand,CWE-330,56,0
BenchmarkTest01298,weakrand,CWE-330,54,0
BenchmarkTest01704,weakrand,CWE-330,56,0
BenchmarkTest01704,weakrand,CWE-330,68,0
BenchmarkTest01668,xss,CWE-79,47,0
BenchmarkTest01536,weakrand,CWE-330,64,0
BenchmarkTest01704,weakrand,CWE-330,76,0
BenchmarkTest01704,weakrand,CWE-330,122,0
BenchmarkTest01536,weakrand,CWE-330,111,0
BenchmarkTest01667,xss,CWE-79,52,1
BenchmarkTest01297,weakrand,CWE-330,62,0
BenchmarkTest01297,weakrand,CWE-330,54,0
BenchmarkTest01705,weakrand,CWE-330,45,0
BenchmarkTest01667,xss,CWE-79,55,1
BenchmarkTest01523,securecookie,CWE-614,90,0
BenchmarkTest01670,xss,CWE-79,45,1
BenchmarkTest01702,weakrand,CWE-330,122,0
BenchmarkTest01700,weakrand,CWE-330,55,0
BenchmarkTest01319,crypto,CWE-327,81,0
BenchmarkTest01672,cmdi,CWE-78,52,0
BenchmarkTest01518,weakrand,CWE-330,106,1
BenchmarkTest01518,weakrand,CWE-330,110,1
BenchmarkTest01700,weakrand,CWE-330,56,0
BenchmarkTest01700,weakrand,CWE-330,70,0
BenchmarkTest01700,weakrand,CWE-330,78,0
BenchmarkTest01318,crypto,CWE-327,152,1
BenchmarkTest01519,weakrand,CWE-330,54,1
BenchmarkTest01672,cmdi,CWE-78,47,0
BenchmarkTest01318,crypto,CWE-327,148,1
BenchmarkTest01318,crypto,CWE-327,94,1
BenchmarkTest01672,cmdi,CWE-78,45,0
BenchmarkTest01318,crypto,CWE-327,78,1
BenchmarkTest01319,crypto,CWE-327,97,0
BenchmarkTest01700,weakrand,CWE-330,52,0
BenchmarkTest01518,weakrand,CWE-330,62,1
BenchmarkTest01672,cmdi,CWE-78,55,0
BenchmarkTest01699,weakrand,CWE-330,78,0
BenchmarkTest01516,cmdi,CWE-78,87,0
BenchmarkTest01673,cmdi,CWE-78,47,1
BenchmarkTest01673,cmdi,CWE-78,45,1
BenchmarkTest01322,crypto,CWE-327,94,1
BenchmarkTest01322,crypto,CWE-327,78,1
BenchmarkTest01700,weakrand,CWE-330,45,0
BenchmarkTest01701,weakrand,CWE-330,45,0
BenchmarkTest01700,weakrand,CWE-330,47,0
BenchmarkTest01672,cmdi,CWE-78,96,0
BenchmarkTest01321,crypto,CWE-327,65,0
BenchmarkTest01672,cmdi,CWE-78,56,0
BenchmarkTest01517,cmdi,CWE-78,81,1
BenchmarkTest01320,crypto,CWE-327,93,1
BenchmarkTest01320,crypto,CWE-327,77,1
BenchmarkTest01518,weakrand,CWE-330,54,1
BenchmarkTest01321,crypto,CWE-327,81,0
BenchmarkTest01519,weakrand,CWE-330,62,1
BenchmarkTest01317,crypto,CWE-327,94,1
BenchmarkTest01701,weakrand,CWE-330,47,0
BenchmarkTest01702,weakrand,CWE-330,45,0
BenchmarkTest01702,weakrand,CWE-330,47,0
BenchmarkTest01670,xss,CWE-79,55,1
BenchmarkTest01309,sqli,CWE-89,87,0
BenchmarkTest01309,sqli,CWE-89,83,0
BenchmarkTest01670,xss,CWE-79,52,1
BenchmarkTest01308,sqli,CWE-89,85,1
BenchmarkTest01670,xss,CWE-79,56,1
BenchmarkTest01702,weakrand,CWE-330,52,0
BenchmarkTest01702,weakrand,CWE-330,55,0
BenchmarkTest01307,sqli,CWE-89,76,0
BenchmarkTest01702,weakrand,CWE-330,56,0
BenchmarkTest01702,weakrand,CWE-330,69,0
BenchmarkTest01523,securecookie,CWE-614,55,0
BenchmarkTest01670,xss,CWE-79,47,1
BenchmarkTest01702,weakrand,CWE-330,77,0
BenchmarkTest01522,securecookie,CWE-614,55,0
BenchmarkTest01360,cmdi,CWE-78,62,1
BenchmarkTest01671,xss,CWE-79,45,0
BenchmarkTest01311,sqli,CWE-89,74,1
BenchmarkTest01317,crypto,CWE-327,78,1
BenchmarkTest01519,weakrand,CWE-330,105,1
BenchmarkTest01671,xss,CWE-79,56,0
BenchmarkTest01316,xpathi,CWE-643,87,1
BenchmarkTest01701,weakrand,CWE-330,52,0
BenchmarkTest01671,xss,CWE-79,55,0
BenchmarkTest01520,weakrand,CWE-330,54,1
BenchmarkTest01701,weakrand,CWE-330,77,0
BenchmarkTest01520,weakrand,CWE-330,62,1
BenchmarkTest01315,sqli,CWE-89,75,0
BenchmarkTest01671,xss,CWE-79,52,0
BenchmarkTest01701,weakrand,CWE-330,56,0
BenchmarkTest01314,sqli,CWE-89,74,1
BenchmarkTest01701,weakrand,CWE-330,69,0
BenchmarkTest01671,xss,CWE-79,47,0
BenchmarkTest01521,securecookie,CWE-614,55,1
BenchmarkTest01701,weakrand,CWE-330,55,0
BenchmarkTest01483,crypto,CWE-327,73,1
BenchmarkTest01694,weakrand,CWE-330,55,0
BenchmarkTest01680,weakrand,CWE-330,45,1
BenchmarkTest01688,cmdi,CWE-78,72,0
BenchmarkTest01413,hash,CWE-328,87,0
BenchmarkTest01683,securecookie,CWE-614,52,1
BenchmarkTest01448,weakrand,CWE-330,50,0
BenchmarkTest01413,hash,CWE-328,70,0
BenchmarkTest01413,hash,CWE-328,50,0
BenchmarkTest01448,weakrand,CWE-330,69,0
BenchmarkTest01412,hash,CWE-328,112,0
BenchmarkTest01412,hash,CWE-328,87,0
BenchmarkTest01448,weakrand,CWE-330,77,0
BenchmarkTest01412,hash,CWE-328,70,0
BenchmarkTest01412,hash,CWE-328,50,0
BenchmarkTest01683,securecookie,CWE-614,47,1
BenchmarkTest01448,weakrand,CWE-330,124,0
BenchmarkTest01411,hash,CWE-328,112,1
BenchmarkTest01414,hash,CWE-328,50,1
BenchmarkTest01414,hash,CWE-328,73,1
BenchmarkTest01414,hash,CWE-328,90,1
BenchmarkTest01414,hash,CWE-328,113,1
BenchmarkTest01446,cmdi,CWE-78,50,1
BenchmarkTest01446,cmdi,CWE-78,72,1
BenchmarkTest01688,cmdi,CWE-78,55,0
BenchmarkTest01416,hash,CWE-328,112,1
BenchmarkTest01416,hash,CWE-328,90,1
BenchmarkTest01416,hash,CWE-328,73,1
BenchmarkTest01416,hash,CWE-328,50,1
BenchmarkTest01683,securecookie,CWE-614,45,1
BenchmarkTest01683,securecookie,CWE-614,56,1
BenchmarkTest01415,hash,CWE-328,73,1
BenchmarkTest01447,weakrand,CWE-330,50,0
BenchmarkTest01683,securecookie,CWE-614,55,1
BenchmarkTest01688,cmdi,CWE-78,56,0
BenchmarkTest01415,hash,CWE-328,50,1
BenchmarkTest01447,weakrand,CWE-330,73,0
BenchmarkTest01447,weakrand,CWE-330,81,0
BenchmarkTest01415,hash,CWE-328,90,1
BenchmarkTest01688,cmdi,CWE-78,52,0
BenchmarkTest01411,hash,CWE-328,87,1
BenchmarkTest01449,weakrand,CWE-330,50,0
BenchmarkTest01452,weakrand,CWE-330,68,0
BenchmarkTest01682,securecookie,CWE-614,68,1
BenchmarkTest01689,cmdi,CWE-78,47,1
BenchmarkTest01406,pathtraver,CWE-22,50,0
BenchmarkTest01452,weakrand,CWE-330,76,0
BenchmarkTest01405,pathtraver,CWE-22,72,1
BenchmarkTest01453,weakrand,CWE-330,50,0
BenchmarkTest01453,weakrand,CWE-330,68,0
BenchmarkTest01405,pathtraver,CWE-22,50,1
BenchmarkTest01689,cmdi,CWE-78,52,1
BenchmarkTest01404,pathtraver,CWE-22,88,0
BenchmarkTest01453,weakrand,CWE-330,76,0
BenchmarkTest01689,cmdi,CWE-78,55,1
BenchmarkTest01404,pathtraver,CWE-22,84,0
BenchmarkTest01404,pathtraver,CWE-22,50,0
BenchmarkTest01407,pathtraver,CWE-22,50,0
BenchmarkTest01407,pathtraver,CWE-22,106,0
BenchmarkTest01452,weakrand,CWE-330,50,0
BenchmarkTest01451,weakrand,CWE-330,76,0
BenchmarkTest01688,cmdi,CWE-78,93,0
BenchmarkTest01411,hash,CWE-328,50,1
BenchmarkTest01449,weakrand,CWE-330,70,0
BenchmarkTest01449,weakrand,CWE-330,78,0
BenchmarkTest01410,hash,CWE-328,121,0
BenchmarkTest01410,hash,CWE-328,95,0
BenchmarkTest01450,weakrand,CWE-330,50,0
BenchmarkTest01411,hash,CWE-328,70,1
BenchmarkTest01450,weakrand,CWE-330,73,0
BenchmarkTest01410,hash,CWE-328,50,0
BenchmarkTest01450,weakrand,CWE-330,81,0
BenchmarkTest01409,pathtraver,CWE-22,50,0
BenchmarkTest01451,weakrand,CWE-330,50,0
BenchmarkTest01408,pathtraver,CWE-22,50,1
BenchmarkTest01451,weakrand,CWE-330,68,0
BenchmarkTest01689,cmdi,CWE-78,45,1
BenchmarkTest01410,hash,CWE-328,78,0
BenchmarkTest01417,xss,CWE-79,50,1
BenchmarkTest01683,securecookie,CWE-614,68,1
BenchmarkTest01418,xss,CWE-79,50,1
BenchmarkTest01438,xss,CWE-79,79,1
BenchmarkTest01433,weakrand,CWE-330,67,1
BenchmarkTest01433,weakrand,CWE-330,50,1
BenchmarkTest01439,xss,CWE-79,50,0
BenchmarkTest01685,cmdi,CWE-78,52,1
BenchmarkTest01686,cmdi,CWE-78,56,0
BenchmarkTest01432,weakrand,CWE-330,116,1
BenchmarkTest01432,weakrand,CWE-330,75,1
BenchmarkTest01432,weakrand,CWE-330,67,1
BenchmarkTest01432,weakrand,CWE-330,50,1
BenchmarkTest01686,cmdi,CWE-78,90,0
BenchmarkTest01440,cmdi,CWE-78,50,0
BenchmarkTest01440,cmdi,CWE-78,71,0
BenchmarkTest01431,weakrand,CWE-330,75,1
BenchmarkTest01685,cmdi,CWE-78,47,1
BenchmarkTest01433,weakrand,CWE-330,75,1
BenchmarkTest01686,cmdi,CWE-78,55,0
BenchmarkTest01433,weakrand,CWE-330,118,1
BenchmarkTest01685,cmdi,CWE-78,55,1
BenchmarkTest01435,weakrand,CWE-330,67,1
BenchmarkTest01436,securecookie,CWE-614,50,0
BenchmarkTest01436,securecookie,CWE-614,68,0
BenchmarkTest01686,cmdi,CWE-78,45,0
BenchmarkTest01435,weakrand,CWE-330,50,1
BenchmarkTest01436,securecookie,CWE-614,104,0
BenchmarkTest01434,weakrand,CWE-330,117,1
BenchmarkTest01431,weakrand,CWE-330,67,1
BenchmarkTest01437,xss,CWE-79,50,1
BenchmarkTest01685,cmdi,CWE-78,105,1
BenchmarkTest01434,weakrand,CWE-330,67,1
BenchmarkTest01685,cmdi,CWE-78,56,1
BenchmarkTest01434,weakrand,CWE-330,50,1
BenchmarkTest01438,xss,CWE-79,50,1
BenchmarkTest01438,xss,CWE-79,75,1
BenchmarkTest01686,cmdi,CWE-78,52,0
BenchmarkTest01434,weakrand,CWE-330,75,1
BenchmarkTest01431,weakrand,CWE-330,50,1
BenchmarkTest01440,cmdi,CWE-78,92,0
BenchmarkTest01687,cmdi,CWE-78,45,0
BenchmarkTest01423,xss,CWE-79,50,1
BenchmarkTest01443,cmdi,CWE-78,72,0
BenchmarkTest01443,cmdi,CWE-78,93,0
BenchmarkTest01422,xss,CWE-79,50,0
BenchmarkTest01684,securecookie,CWE-614,52,0
BenchmarkTest01444,cmdi,CWE-78,50,0
BenchmarkTest01421,xss,CWE-79,76,0
BenchmarkTest01687,cmdi,CWE-78,105,0
BenchmarkTest01421,xss,CWE-79,50,0
BenchmarkTest01420,xss,CWE-79,50,0
BenchmarkTest01445,cmdi,CWE-78,50,0
BenchmarkTest01688,cmdi,CWE-78,47,0
BenchmarkTest01419,xss,CWE-79,76,0
BenchmarkTest01419,xss,CWE-79,50,0
BenchmarkTest01684,securecookie,CWE-614,47,0
BenchmarkTest01684,securecookie,CWE-614,45,0
BenchmarkTest01688,cmdi,CWE-78,45,0
BenchmarkTest01454,trustbound,CWE-501,50,0
BenchmarkTest01424,xss,CWE-79,50,1
BenchmarkTest01687,cmdi,CWE-78,56,0
BenchmarkTest01430,cmdi,CWE-78,50,1
BenchmarkTest01687,cmdi,CWE-78,47,0
BenchmarkTest01685,cmdi,CWE-78,45,1
BenchmarkTest01429,xss,CWE-79,50,1
BenchmarkTest01642,pathtraver,CWE-22,52,1
BenchmarkTest01441,cmdi,CWE-78,50,1
BenchmarkTest01428,xss,CWE-79,50,1
BenchmarkTest01684,securecookie,CWE-614,55,0
BenchmarkTest01684,securecookie,CWE-614,68,0
BenchmarkTest01442,cmdi,CWE-78,50,1
BenchmarkTest01687,cmdi,CWE-78,52,0
BenchmarkTest01426,xss,CWE-79,50,1
BenchmarkTest01684,securecookie,CWE-614,56,0
BenchmarkTest01425,xss,CWE-79,50,0
BenchmarkTest01687,cmdi,CWE-78,55,0
BenchmarkTest01443,cmdi,CWE-78,50,0
BenchmarkTest01427,xss,CWE-79,50,1
BenchmarkTest01538,weakrand,CWE-330,68,0
BenchmarkTest01454,trustbound,CWE-501,80,0
BenchmarkTest01689,cmdi,CWE-78,56,1
BenchmarkTest01473,sqli,CWE-89,89,1
BenchmarkTest01371,weakrand,CWE-330,59,0
BenchmarkTest01474,sqli,CWE-89,50,1
BenchmarkTest01680,weakrand,CWE-330,117,1
BenchmarkTest01370,weakrand,CWE-330,68,0
BenchmarkTest01693,cmdi,CWE-78,45,0
BenchmarkTest01370,weakrand,CWE-330,60,0
BenchmarkTest01693,cmdi,CWE-78,47,0
BenchmarkTest01475,sqli,CWE-89,50,1
BenchmarkTest01680,weakrand,CWE-330,75,1
BenchmarkTest01476,sqli,CWE-89,50,1
BenchmarkTest01369,weakrand,CWE-330,126,0
BenchmarkTest01693,cmdi,CWE-78,52,0
BenchmarkTest01693,cmdi,CWE-78,55,0
BenchmarkTest01369,weakrand,CWE-330,122,0
BenchmarkTest01371,weakrand,CWE-330,67,0
BenchmarkTest01473,sqli,CWE-89,50,1
BenchmarkTest01372,weakrand,CWE-330,59,0
BenchmarkTest01681,weakrand,CWE-330,45,1
BenchmarkTest01692,cmdi,CWE-78,55,0
BenchmarkTest01376,trustbound,CWE-501,72,1
BenchmarkTest01681,weakrand,CWE-330,47,1
BenchmarkTest01375,trustbound,CWE-501,75,1
BenchmarkTest01375,trustbound,CWE-501,71,1
BenchmarkTest01472,sqli,CWE-89,50,0
BenchmarkTest01692,cmdi,CWE-78,56,0
BenchmarkTest01369,weakrand,CWE-330,72,0
BenchmarkTest01692,cmdi,CWE-78,72,0
BenchmarkTest01472,sqli,CWE-89,89,0
BenchmarkTest01373,weakrand,CWE-330,59,0
BenchmarkTest01472,sqli,CWE-89,93,0
BenchmarkTest01692,cmdi,CWE-78,92,0
BenchmarkTest01692,cmdi,CWE-78,96,0
BenchmarkTest01372,weakrand,CWE-330,113,0
BenchmarkTest01372,weakrand,CWE-330,67,0
BenchmarkTest01373,weakrand,CWE-330,67,0
BenchmarkTest01692,cmdi,CWE-78,52,0
BenchmarkTest01693,cmdi,CWE-78,56,0
BenchmarkTest01366,weakrand,CWE-330,64,0
BenchmarkTest01480,crypto,CWE-327,74,1
BenchmarkTest01680,weakrand,CWE-330,52,1
BenchmarkTest01480,crypto,CWE-327,90,1
BenchmarkTest01365,cmdi,CWE-78,83,0
BenchmarkTest01365,cmdi,CWE-78,63,0
BenchmarkTest01480,crypto,CWE-327,144,1
BenchmarkTest01480,crypto,CWE-327,148,1
BenchmarkTest01481,crypto,CWE-327,77,0
BenchmarkTest01694,weakrand,CWE-330,52,0
BenchmarkTest01364,cmdi,CWE-78,79,0
BenchmarkTest01481,crypto,CWE-327,93,0
BenchmarkTest01680,weakrand,CWE-330,47,1
BenchmarkTest01482,crypto,CWE-327,77,0
BenchmarkTest01482,crypto,CWE-327,93,0
BenchmarkTest01694,weakrand,CWE-330,47,0
BenchmarkTest01366,weakrand,CWE-330,72,0
BenchmarkTest01366,weakrand,CWE-330,119,0
BenchmarkTest01479,xpathi,CWE-643,105,0
BenchmarkTest01680,weakrand,CWE-330,67,1
BenchmarkTest01369,weakrand,CWE-330,64,0
BenchmarkTest01478,xpathi,CWE-643,50,1
BenchmarkTest01693,cmdi,CWE-78,72,0
BenchmarkTest01478,xpathi,CWE-643,79,1
BenchmarkTest01368,weakrand,CWE-330,72,0
BenchmarkTest01368,weakrand,CWE-330,64,0
BenchmarkTest01477,sqli,CWE-89,50,1
BenchmarkTest01693,cmdi,CWE-78,93,0
BenchmarkTest01680,weakrand,CWE-330,56,1
BenchmarkTest01479,xpathi,CWE-643,50,0
BenchmarkTest01367,weakrand,CWE-330,72,0
BenchmarkTest01694,weakrand,CWE-330,45,0
BenchmarkTest01479,xpathi,CWE-643,79,0
BenchmarkTest01367,weakrand,CWE-330,64,0
BenchmarkTest01680,weakrand,CWE-330,55,1
BenchmarkTest01478,xpathi,CWE-643,106,1
BenchmarkTest01681,weakrand,CWE-330,52,1
BenchmarkTest01471,sqli,CWE-89,50,1
BenchmarkTest01470,sqli,CWE-89,50,1
BenchmarkTest01399,crypto,CWE-327,74,0
BenchmarkTest01399,crypto,CWE-327,50,0
BenchmarkTest01457,trustbound,CWE-501,50,1
BenchmarkTest01682,securecookie,CWE-614,52,1
BenchmarkTest01398,crypto,CWE-327,167,1
BenchmarkTest01458,trustbound,CWE-501,50,1
BenchmarkTest01398,crypto,CWE-327,163,1
BenchmarkTest01398,crypto,CWE-327,102,1
BenchmarkTest01458,trustbound,CWE-501,80,1
BenchmarkTest01398,crypto,CWE-327,86,1
BenchmarkTest01398,crypto,CWE-327,50,1
BenchmarkTest01458,trustbound,CWE-501,84,1
BenchmarkTest01397,xpathi,CWE-643,92,0
BenchmarkTest01459,sqli,CWE-89,50,0
BenchmarkTest01460,sqli,CWE-89,50,1
BenchmarkTest01399,crypto,CWE-327,90,0
BenchmarkTest01690,cmdi,CWE-78,47,1
BenchmarkTest01682,securecookie,CWE-614,55,1
BenchmarkTest01400,crypto,CWE-327,50,0
BenchmarkTest01682,securecookie,CWE-614,56,1
BenchmarkTest01402,ldapi,CWE-90,116,0
BenchmarkTest01402,ldapi,CWE-90,50,0
BenchmarkTest01689,cmdi,CWE-78,72,1
BenchmarkTest01689,cmdi,CWE-78,92,1
BenchmarkTest01455,trustbound,CWE-501,50,1
BenchmarkTest01455,trustbound,CWE-501,78,1
BenchmarkTest01461,sqli,CWE-89,50,0
BenchmarkTest01456,trustbound,CWE-501,50,1
BenchmarkTest01401,crypto,CWE-327,105,0
BenchmarkTest01401,crypto,CWE-327,89,0
BenchmarkTest01401,crypto,CWE-327,50,0
BenchmarkTest01690,cmdi,CWE-78,45,1
BenchmarkTest01400,crypto,CWE-327,95,0
BenchmarkTest01400,crypto,CWE-327,79,0
BenchmarkTest01456,trustbound,CWE-501,80,1
BenchmarkTest01401,crypto,CWE-327,162,0
BenchmarkTest01395,sqli,CWE-89,80,1
BenchmarkTest01690,cmdi,CWE-78,52,1
BenchmarkTest01682,securecookie,CWE-614,47,1
BenchmarkTest01384,sqli,CWE-89,82,1
BenchmarkTest01468,sqli,CWE-89,101,0
BenchmarkTest01691,cmdi,CWE-78,55,1
BenchmarkTest01691,cmdi,CWE-78,56,1
BenchmarkTest01382,sqli,CWE-89,82,1
BenchmarkTest01469,sqli,CWE-89,50,0
BenchmarkTest01469,sqli,CWE-89,101,0
BenchmarkTest01681,weakrand,CWE-330,67,1
BenchmarkTest01692,cmdi,CWE-78,45,0
BenchmarkTest01681,weakrand,CWE-330,56,1
BenchmarkTest01469,sqli,CWE-89,105,0
BenchmarkTest01380,sqli,CWE-89,82,0
BenchmarkTest01692,cmdi,CWE-78,47,0
BenchmarkTest01681,weakrand,CWE-330,55,1
BenchmarkTest01378,sqli,CWE-89,85,0
BenchmarkTest01378,sqli,CWE-89,81,0
BenchmarkTest01381,sqli,CWE-89,83,1
BenchmarkTest01403,pathtraver,CWE-22,50,1
BenchmarkTest01691,cmdi,CWE-78,52,1
BenchmarkTest01681,weakrand,CWE-330,75,1
BenchmarkTest01690,cmdi,CWE-78,55,1
BenchmarkTest01462,sqli,CWE-89,50,1
BenchmarkTest01393,sqli,CWE-89,83,0
BenchmarkTest01463,sqli,CWE-89,50,1
BenchmarkTest01463,sqli,CWE-89,91,1
BenchmarkTest01393,sqli,CWE-89,79,0
BenchmarkTest01392,sqli,CWE-89,80,0
BenchmarkTest01468,sqli,CWE-89,50,0
BenchmarkTest01690,cmdi,CWE-78,56,1
BenchmarkTest01682,securecookie,CWE-614,45,1
BenchmarkTest01465,sqli,CWE-89,50,1
BenchmarkTest01691,cmdi,CWE-78,45,1
BenchmarkTest01691,cmdi,CWE-78,47,1
BenchmarkTest01387,sqli,CWE-89,89,0
BenchmarkTest01466,sqli,CWE-89,50,1
BenchmarkTest01467,sqli,CWE-89,50,0
BenchmarkTest01464,sqli,CWE-89,50,1
BenchmarkTest01294,weakrand,CWE-330,54,0
BenchmarkTest01668,xss,CWE-79,52,0
BenchmarkTest01539,weakrand,CWE-330,60,0
BenchmarkTest01226,crypto,CWE-327,92,0
BenchmarkTest01614,weakrand,CWE-330,65,0
BenchmarkTest01615,trustbound,CWE-501,68,1
BenchmarkTest01226,crypto,CWE-327,76,0
BenchmarkTest01651,hash,CWE-328,45,1
BenchmarkTest01720,sqli,CWE-89,52,1
BenchmarkTest01616,trustbound,CWE-501,69,1
BenchmarkTest01225,xpathi,CWE-643,95,0
BenchmarkTest01650,hash,CWE-328,113,1
BenchmarkTest01616,trustbound,CWE-501,73,1
BenchmarkTest01650,hash,CWE-328,87,1
BenchmarkTest01650,hash,CWE-328,70,1
BenchmarkTest01650,hash,CWE-328,56,1
BenchmarkTest01617,trustbound,CWE-501,67,1
BenchmarkTest01720,sqli,CWE-89,55,1
BenchmarkTest01614,weakrand,CWE-330,57,0
BenchmarkTest01651,hash,CWE-328,47,1
BenchmarkTest01720,sqli,CWE-89,47,1
BenchmarkTest01227,crypto,CWE-327,76,0
BenchmarkTest01229,crypto,CWE-327,142,1
BenchmarkTest01719,sqli,CWE-89,55,0
BenchmarkTest01229,crypto,CWE-327,89,1
BenchmarkTest01719,sqli,CWE-89,56,0
BenchmarkTest01229,crypto,CWE-327,73,1
BenchmarkTest01651,hash,CWE-328,56,1
BenchmarkTest01613,weakrand,CWE-330,57,0
BenchmarkTest01650,hash,CWE-328,55,1
BenchmarkTest01228,crypto,CWE-327,89,1
BenchmarkTest01228,crypto,CWE-327,73,1
BenchmarkTest01651,hash,CWE-328,55,1
BenchmarkTest01720,sqli,CWE-89,45,1
BenchmarkTest01651,hash,CWE-328,52,1
BenchmarkTest01227,crypto,CWE-327,147,0
BenchmarkTest01227,crypto,CWE-327,92,0
BenchmarkTest01613,weakrand,CWE-330,111,0
BenchmarkTest01613,weakrand,CWE-330,65,0
BenchmarkTest01650,hash,CWE-328,52,1
BenchmarkTest01223,xpathi,CWE-643,72,1
BenchmarkTest01720,sqli,CWE-89,56,1
BenchmarkTest01648,weakrand,CWE-330,67,1
BenchmarkTest01218,sqli,CWE-89,83,0
BenchmarkTest01648,weakrand,CWE-330,56,1
BenchmarkTest01631,sqli,CWE-89,77,1
BenchmarkTest01217,sqli,CWE-89,86,0
BenchmarkTest01632,xpathi,CWE-643,68,0
BenchmarkTest01648,weakrand,CWE-330,55,1
BenchmarkTest01648,weakrand,CWE-330,75,1
BenchmarkTest01217,sqli,CWE-89,82,0
BenchmarkTest01722,sqli,CWE-89,47,0
BenchmarkTest01648,weakrand,CWE-330,52,1
BenchmarkTest01722,sqli,CWE-89,52,0
BenchmarkTest01633,xpathi,CWE-643,90,0
BenchmarkTest01633,xpathi,CWE-643,94,0
BenchmarkTest01722,sqli,CWE-89,55,0
BenchmarkTest01634,crypto,CWE-327,45,1
BenchmarkTest01722,sqli,CWE-89,45,0
BenchmarkTest01719,sqli,CWE-89,52,0
BenchmarkTest01721,sqli,CWE-89,56,1
BenchmarkTest01629,sqli,CWE-89,77,0
BenchmarkTest01720,sqli,CWE-89,91,1
BenchmarkTest01650,hash,CWE-328,47,1
BenchmarkTest01721,sqli,CWE-89,45,1
BenchmarkTest01650,hash,CWE-328,45,1
BenchmarkTest01721,sqli,CWE-89,47,1
BenchmarkTest01621,sqli,CWE-89,80,1
BenchmarkTest01649,hash,CWE-328,87,1
BenchmarkTest01721,sqli,CWE-89,55,1
BenchmarkTest01649,hash,CWE-328,70,1
BenchmarkTest01649,hash,CWE-328,55,1
BenchmarkTest01623,sqli,CWE-89,79,1
BenchmarkTest01721,sqli,CWE-89,52,1
BenchmarkTest01220,sqli,CWE-89,82,0
BenchmarkTest01649,hash,CWE-328,52,1
BenchmarkTest01649,hash,CWE-328,47,1
BenchmarkTest01649,hash,CWE-328,45,1
BenchmarkTest01649,hash,CWE-328,56,1
BenchmarkTest01722,sqli,CWE-89,56,0
BenchmarkTest01612,weakrand,CWE-330,65,0
BenchmarkTest01230,crypto,CWE-327,65,1
BenchmarkTest01653,hash,CWE-328,87,1
BenchmarkTest01244,hash,CWE-328,81,1
BenchmarkTest01716,sqli,CWE-89,52,1
BenchmarkTest01244,hash,CWE-328,64,1
BenchmarkTest01598,xss,CWE-79,64,1
BenchmarkTest01716,sqli,CWE-89,55,1
BenchmarkTest01598,xss,CWE-79,68,1
BenchmarkTest01243,ldapi,CWE-90,105,1
BenchmarkTest01716,sqli,CWE-89,56,1
BenchmarkTest01653,hash,CWE-328,70,1
BenchmarkTest01716,sqli,CWE-89,91,1
BenchmarkTest01653,hash,CWE-328,56,1
BenchmarkTest01602,weakrand,CWE-330,56,1
BenchmarkTest01602,weakrand,CWE-330,64,1
BenchmarkTest01653,hash,CWE-328,55,1
BenchmarkTest01653,hash,CWE-328,109,1
BenchmarkTest01245,hash,CWE-328,64,0
BenchmarkTest01593,xss,CWE-79,64,0
BenchmarkTest01245,hash,CWE-328,81,0
BenchmarkTest01248,hash,CWE-328,59,1
BenchmarkTest01715,sqli,CWE-89,56,1
BenchmarkTest01654,hash,CWE-328,52,1
BenchmarkTest01247,hash,CWE-328,93,1
BenchmarkTest01247,hash,CWE-328,73,1
BenchmarkTest01247,hash,CWE-328,56,1
BenchmarkTest01591,xss,CWE-79,65,0
BenchmarkTest01603,weakrand,CWE-330,56,1
BenchmarkTest01591,xss,CWE-79,69,0
BenchmarkTest01716,sqli,CWE-89,45,1
BenchmarkTest01592,xss,CWE-79,65,1
BenchmarkTest01246,hash,CWE-328,56,1
BenchmarkTest01716,sqli,CWE-89,47,1
BenchmarkTest01654,hash,CWE-328,47,1
BenchmarkTest01245,hash,CWE-328,107,0
BenchmarkTest01654,hash,CWE-328,45,1
BenchmarkTest01246,hash,CWE-328,73,1
BenchmarkTest01603,weakrand,CWE-330,64,1
BenchmarkTest01653,hash,CWE-328,52,1
BenchmarkTest01603,weakrand,CWE-330,107,1
BenchmarkTest01718,sqli,CWE-89,56,1
BenchmarkTest01718,sqli,CWE-89,92,1
BenchmarkTest01652,hash,CWE-328,55,0
BenchmarkTest01609,cmdi,CWE-78,61,1
BenchmarkTest01652,hash,CWE-328,52,0
BenchmarkTest01652,hash,CWE-328,47,0
BenchmarkTest01610,cmdi,CWE-78,61,1
BenchmarkTest01652,hash,CWE-328,56,0
BenchmarkTest01611,weakrand,CWE-330,62,0
BenchmarkTest01652,hash,CWE-328,45,0
BenchmarkTest01719,sqli,CWE-89,45,0
BenchmarkTest01611,weakrand,CWE-330,114,0
BenchmarkTest01651,hash,CWE-328,87,1
BenchmarkTest01612,weakrand,CWE-330,57,0
BenchmarkTest01230,crypto,CWE-327,81,1
BenchmarkTest01719,sqli,CWE-89,47,0
BenchmarkTest01611,weakrand,CWE-330,70,0
BenchmarkTest01651,hash,CWE-328,70,1
BenchmarkTest01718,sqli,CWE-89,55,1
BenchmarkTest01652,hash,CWE-328,70,0
BenchmarkTest01717,sqli,CWE-89,45,0
BenchmarkTest01717,sqli,CWE-89,47,0
BenchmarkTest01653,hash,CWE-328,47,1
BenchmarkTest01717,sqli,CWE-89,52,0
BenchmarkTest01603,weakrand,CWE-330,111,1
BenchmarkTest01237,pathtraver,CWE-22,84,0
BenchmarkTest01717,sqli,CWE-89,55,0
BenchmarkTest01718,sqli,CWE-89,52,1
BenchmarkTest01717,sqli,CWE-89,56,0
BenchmarkTest01718,sqli,CWE-89,45,1
BenchmarkTest01653,hash,CWE-328,45,1
BenchmarkTest01605,securecookie,CWE-614,57,0
BenchmarkTest01652,hash,CWE-328,87,0
BenchmarkTest01606,cmdi,CWE-78,60,0
BenchmarkTest01718,sqli,CWE-89,47,1
BenchmarkTest01606,cmdi,CWE-78,80,0
BenchmarkTest01604,securecookie,CWE-614,57,0
BenchmarkTest01634,crypto,CWE-327,47,1
BenchmarkTest01634,crypto,CWE-327,52,1
BenchmarkTest01634,crypto,CWE-327,55,1
BenchmarkTest01639,crypto,CWE-327,45,1
BenchmarkTest01644,pathtraver,CWE-22,55,0
BenchmarkTest01639,crypto,CWE-327,47,1
BenchmarkTest01726,sqli,CWE-89,45,1
BenchmarkTest01639,crypto,CWE-327,52,1
BenchmarkTest01644,pathtraver,CWE-22,52,0
BenchmarkTest01639,crypto,CWE-327,55,1
BenchmarkTest01192,cmdi,CWE-78,82,1
BenchmarkTest01726,sqli,CWE-89,47,1
BenchmarkTest01639,crypto,CWE-327,56,1
BenchmarkTest01639,crypto,CWE-327,87,1
BenchmarkTest01639,crypto,CWE-327,103,1
BenchmarkTest01726,sqli,CWE-89,52,1
BenchmarkTest01640,crypto,CWE-327,45,0
BenchmarkTest01190,cmdi,CWE-78,83,1
BenchmarkTest01644,pathtraver,CWE-22,56,0
BenchmarkTest01644,pathtraver,CWE-22,72,0
BenchmarkTest01725,sqli,CWE-89,56,1
BenchmarkTest01193,cmdi,CWE-78,98,0
BenchmarkTest01638,crypto,CWE-327,56,1
BenchmarkTest01638,crypto,CWE-327,87,1
BenchmarkTest01195,weakrand,CWE-330,118,0
BenchmarkTest01195,weakrand,CWE-330,70,0
BenchmarkTest01725,sqli,CWE-89,47,1
BenchmarkTest01638,crypto,CWE-327,103,1
BenchmarkTest01638,crypto,CWE-327,158,1
BenchmarkTest01726,sqli,CWE-89,55,1
BenchmarkTest01645,pathtraver,CWE-22,52,1
BenchmarkTest01638,crypto,CWE-327,162,1
BenchmarkTest01645,pathtraver,CWE-22,47,1
BenchmarkTest01725,sqli,CWE-89,52,1
BenchmarkTest01645,pathtraver,CWE-22,45,1
BenchmarkTest01725,sqli,CWE-89,55,1
BenchmarkTest01194,cmdi,CWE-78,65,1
BenchmarkTest01644,pathtraver,CWE-22,102,0
BenchmarkTest01195,weakrand,CWE-330,62,0
BenchmarkTest01644,pathtraver,CWE-22,47,0
BenchmarkTest01726,sqli,CWE-89,56,1
BenchmarkTest01640,crypto,CWE-327,47,0
BenchmarkTest01641,crypto,CWE-327,55,1
BenchmarkTest01183,weakrand,CWE-330,68,1
BenchmarkTest01183,weakrand,CWE-330,60,1
BenchmarkTest01641,crypto,CWE-327,56,1
BenchmarkTest01643,pathtraver,CWE-22,47,1
BenchmarkTest01641,crypto,CWE-327,79,1
BenchmarkTest01641,crypto,CWE-327,95,1
BenchmarkTest01643,pathtraver,CWE-22,52,1
BenchmarkTest01643,pathtraver,CWE-22,45,1
BenchmarkTest01642,pathtraver,CWE-22,55,1
BenchmarkTest01727,sqli,CWE-89,47,1
BenchmarkTest01642,pathtraver,CWE-22,45,1
BenchmarkTest01727,sqli,CWE-89,52,1
BenchmarkTest01727,sqli,CWE-89,55,1
BenchmarkTest01642,pathtraver,CWE-22,47,1
BenchmarkTest01727,sqli,CWE-89,56,1
BenchmarkTest01642,pathtraver,CWE-22,56,1
BenchmarkTest01725,sqli,CWE-89,45,1
BenchmarkTest01184,weakrand,CWE-330,60,1
BenchmarkTest01643,pathtraver,CWE-22,56,1
BenchmarkTest01189,cmdi,CWE-78,96,0
BenchmarkTest01644,pathtraver,CWE-22,45,0
BenchmarkTest01640,crypto,CWE-327,52,0
BenchmarkTest01640,crypto,CWE-327,55,0
BenchmarkTest01187,securecookie,CWE-614,61,1
BenchmarkTest01640,crypto,CWE-327,56,0
BenchmarkTest01640,crypto,CWE-327,79,0
BenchmarkTest01643,pathtraver,CWE-22,55,1
BenchmarkTest01640,crypto,CWE-327,95,0
BenchmarkTest01641,crypto,CWE-327,45,1
BenchmarkTest01641,crypto,CWE-327,47,1
BenchmarkTest01643,pathtraver,CWE-22,99,1
BenchmarkTest01185,securecookie,CWE-614,61,1
BenchmarkTest01641,crypto,CWE-327,52,1
BenchmarkTest01184,weakrand,CWE-330,68,1
BenchmarkTest01727,sqli,CWE-89,45,1
BenchmarkTest01186,securecookie,CWE-614,61,1
BenchmarkTest01645,pathtraver,CWE-22,55,1
BenchmarkTest01645,pathtraver,CWE-22,56,1
BenchmarkTest01638,crypto,CWE-327,55,1
BenchmarkTest01723,sqli,CWE-89,56,1
BenchmarkTest01205,trustbound,CWE-501,74,0
BenchmarkTest01635,crypto,CWE-327,90,0
BenchmarkTest01635,crypto,CWE-327,106,0
BenchmarkTest01647,pathtraver,CWE-22,56,1
BenchmarkTest01204,trustbound,CWE-501,77,1
BenchmarkTest01636,crypto,CWE-327,45,0
BenchmarkTest01635,crypto,CWE-327,56,0
BenchmarkTest01204,trustbound,CWE-501,73,1
BenchmarkTest01647,pathtraver,CWE-22,55,1
BenchmarkTest01723,sqli,CWE-89,99,1
BenchmarkTest01202,weakrand,CWE-330,69,0
BenchmarkTest01724,sqli,CWE-89,45,1
BenchmarkTest01202,weakrand,CWE-330,61,0
BenchmarkTest01636,crypto,CWE-327,52,0
BenchmarkTest01201,weakrand,CWE-330,115,0
BenchmarkTest01636,crypto,CWE-327,47,0
BenchmarkTest01201,weakrand,CWE-330,69,0
BenchmarkTest01635,crypto,CWE-327,55,0
BenchmarkTest01647,pathtraver,CWE-22,98,1
BenchmarkTest01723,sqli,CWE-89,45,1
BenchmarkTest01723,sqli,CWE-89,47,1
BenchmarkTest01213,sqli,CWE-89,83,0
BenchmarkTest01648,weakrand,CWE-330,47,1
BenchmarkTest01634,crypto,CWE-327,56,1
BenchmarkTest01723,sqli,CWE-89,52,1
BenchmarkTest01634,crypto,CWE-327,87,1
BenchmarkTest01206,trustbound,CWE-501,72,1
BenchmarkTest01634,crypto,CWE-327,103,1
BenchmarkTest01634,crypto,CWE-327,161,1
BenchmarkTest01208,sqli,CWE-89,84,1
BenchmarkTest01648,weakrand,CWE-330,45,1
BenchmarkTest01635,crypto,CWE-327,45,0
BenchmarkTest01635,crypto,CWE-327,47,0
BenchmarkTest01635,crypto,CWE-327,52,0
BenchmarkTest01723,sqli,CWE-89,55,1
BenchmarkTest01634,crypto,CWE-327,157,1
BenchmarkTest01654,hash,CWE-328,55,1
BenchmarkTest01636,crypto,CWE-327,55,0
BenchmarkTest01636,crypto,CWE-327,56,0
BenchmarkTest01198,weakrand,CWE-330,62,0
BenchmarkTest01637,crypto,CWE-327,86,1
BenchmarkTest01724,sqli,CWE-89,52,1
BenchmarkTest01197,weakrand,CWE-330,74,0
BenchmarkTest01724,sqli,CWE-89,55,1
BenchmarkTest01637,crypto,CWE-327,102,1
BenchmarkTest01646,pathtraver,CWE-22,47,0
BenchmarkTest01637,crypto,CWE-327,56,1
BenchmarkTest01646,pathtraver,CWE-22,45,0
BenchmarkTest01638,crypto,CWE-327,45,1
BenchmarkTest01638,crypto,CWE-327,47,1
BenchmarkTest01724,sqli,CWE-89,56,1
BenchmarkTest01724,sqli,CWE-89,102,1
BenchmarkTest01196,weakrand,CWE-330,71,0
BenchmarkTest01196,weakrand,CWE-330,63,0
BenchmarkTest01638,crypto,CWE-327,52,1
BenchmarkTest01197,weakrand,CWE-330,66,0
BenchmarkTest01201,weakrand,CWE-330,61,0
BenchmarkTest01637,crypto,CWE-327,55,1
BenchmarkTest01646,pathtraver,CWE-22,52,0
BenchmarkTest01200,weakrand,CWE-330,112,0
BenchmarkTest01636,crypto,CWE-327,90,0
BenchmarkTest01636,crypto,CWE-327,106,0
BenchmarkTest01637,crypto,CWE-327,45,1
BenchmarkTest01200,weakrand,CWE-330,69,0
BenchmarkTest01200,weakrand,CWE-330,61,0
BenchmarkTest01637,crypto,CWE-327,47,1
BenchmarkTest01724,sqli,CWE-89,47,1
BenchmarkTest01647,pathtraver,CWE-22,52,1
BenchmarkTest01199,weakrand,CWE-330,61,0
BenchmarkTest01647,pathtraver,CWE-22,47,1
BenchmarkTest01198,weakrand,CWE-330,70,0
BenchmarkTest01637,crypto,CWE-327,52,1
BenchmarkTest01647,pathtraver,CWE-22,45,1
BenchmarkTest01646,pathtraver,CWE-22,56,0
BenchmarkTest01646,pathtraver,CWE-22,55,0
BenchmarkTest01199,weakrand,CWE-330,69,0
BenchmarkTest01588,xss,CWE-79,65,0
BenchmarkTest01686,cmdi,CWE-78,47,0
BenchmarkTest01248,hash,CWE-328,96,1
BenchmarkTest01661,xss,CWE-79,45,0
BenchmarkTest01561,xpathi,CWE-643,93,1
BenchmarkTest01562,xpathi,CWE-643,66,0
BenchmarkTest01708,trustbound,CWE-501,52,1
BenchmarkTest01563,crypto,CWE-327,79,0
BenchmarkTest01660,xss,CWE-79,56,1
BenchmarkTest01276,weakrand,CWE-330,61,1
BenchmarkTest01563,crypto,CWE-327,95,0
BenchmarkTest01660,xss,CWE-79,55,1
BenchmarkTest01708,trustbound,CWE-501,55,1
BenchmarkTest01276,weakrand,CWE-330,53,1
BenchmarkTest01564,crypto,CWE-327,79,0
BenchmarkTest01708,trustbound,CWE-501,56,1
BenchmarkTest01660,xss,CWE-79,52,1
BenchmarkTest01708,trustbound,CWE-501,78,1
BenchmarkTest01561,xpathi,CWE-643,66,1
BenchmarkTest01564,crypto,CWE-327,95,0
BenchmarkTest01661,xss,CWE-79,47,0
BenchmarkTest01276,weakrand,CWE-330,103,1
BenchmarkTest01663,xss,CWE-79,45,0
BenchmarkTest01550,trustbound,CWE-501,67,1
BenchmarkTest01550,trustbound,CWE-501,71,1
BenchmarkTest01662,xss,CWE-79,56,1
BenchmarkTest01662,xss,CWE-79,55,1
BenchmarkTest01662,xss,CWE-79,52,1
BenchmarkTest01662,xss,CWE-79,47,1
BenchmarkTest01277,weakrand,CWE-330,53,1
BenchmarkTest01662,xss,CWE-79,45,1
BenchmarkTest01708,trustbound,CWE-501,45,1
BenchmarkTest01560,sqli,CWE-89,75,1
BenchmarkTest01661,xss,CWE-79,56,0
BenchmarkTest01276,weakrand,CWE-330,107,1
BenchmarkTest01661,xss,CWE-79,55,0
BenchmarkTest01708,trustbound,CWE-501,47,1
BenchmarkTest01661,xss,CWE-79,52,0
BenchmarkTest01565,crypto,CWE-327,76,1
BenchmarkTest01275,weakrand,CWE-330,61,1
BenchmarkTest01275,weakrand,CWE-330,53,1
BenchmarkTest01567,crypto,CWE-327,94,0
BenchmarkTest01710,trustbound,CWE-501,45,1
BenchmarkTest01272,weakrand,CWE-330,53,1
BenchmarkTest01710,trustbound,CWE-501,47,1
BenchmarkTest01567,crypto,CWE-327,150,0
BenchmarkTest01567,crypto,CWE-327,154,0
BenchmarkTest01271,weakrand,CWE-330,109,1
BenchmarkTest01271,weakrand,CWE-330,105,1
BenchmarkTest01271,weakrand,CWE-330,61,1
BenchmarkTest01659,xss,CWE-79,55,0
BenchmarkTest01659,xss,CWE-79,52,0
BenchmarkTest01710,trustbound,CWE-501,52,1
BenchmarkTest01271,weakrand,CWE-330,53,1
BenchmarkTest01710,trustbound,CWE-501,55,1
BenchmarkTest01569,ldapi,CWE-90,104,0
BenchmarkTest01272,weakrand,CWE-330,61,1
BenchmarkTest01567,crypto,CWE-327,78,0
BenchmarkTest01659,xss,CWE-79,56,0
BenchmarkTest01566,crypto,CWE-327,84,1
BenchmarkTest01709,trustbound,CWE-501,45,1
BenchmarkTest01709,trustbound,CWE-501,47,1
BenchmarkTest01660,xss,CWE-79,47,1
BenchmarkTest01565,crypto,CWE-327,92,1
BenchmarkTest01274,weakrand,CWE-330,61,1
BenchmarkTest01709,trustbound,CWE-501,52,1
BenchmarkTest01274,weakrand,CWE-330,53,1
BenchmarkTest01707,weakrand,CWE-330,76,0
BenchmarkTest01709,trustbound,CWE-501,55,1
BenchmarkTest01273,weakrand,CWE-330,101,1
BenchmarkTest01709,trustbound,CWE-501,56,1
BenchmarkTest01709,trustbound,CWE-501,80,1
BenchmarkTest01709,trustbound,CWE-501,84,1
BenchmarkTest01273,weakrand,CWE-330,61,1
BenchmarkTest01273,weakrand,CWE-330,53,1
BenchmarkTest01660,xss,CWE-79,45,1
BenchmarkTest01248,hash,CWE-328,76,1
BenchmarkTest01277,weakrand,CWE-330,61,1
BenchmarkTest01663,xss,CWE-79,47,0
BenchmarkTest01707,weakrand,CWE-330,68,0
BenchmarkTest01665,xss,CWE-79,55,1
BenchmarkTest01541,weakrand,CWE-330,109,0
BenchmarkTest01289,cmdi,CWE-78,58,0
BenchmarkTest01665,xss,CWE-79,52,1
BenchmarkTest01705,weakrand,CWE-330,68,0
BenchmarkTest01542,weakrand,CWE-330,55,0
BenchmarkTest01542,weakrand,CWE-330,63,0
BenchmarkTest01705,weakrand,CWE-330,76,0
BenchmarkTest01665,xss,CWE-79,47,1
BenchmarkTest01665,xss,CWE-79,45,1
BenchmarkTest01285,cmdi,CWE-78,57,1
BenchmarkTest01543,weakrand,CWE-330,55,0
BenchmarkTest01543,weakrand,CWE-330,63,0
BenchmarkTest01705,weakrand,CWE-330,121,0
BenchmarkTest01664,xss,CWE-79,56,0
BenchmarkTest01290,cmdi,CWE-78,75,0
BenchmarkTest01665,xss,CWE-79,56,1
BenchmarkTest01705,weakrand,CWE-330,56,0
BenchmarkTest01291,weakrand,CWE-330,59,0
BenchmarkTest01666,xss,CWE-79,47,1
BenchmarkTest01293,weakrand,CWE-330,67,0
BenchmarkTest01293,weakrand,CWE-330,59,0
BenchmarkTest01705,weakrand,CWE-330,52,0
BenchmarkTest01539,weakrand,CWE-330,68,0
BenchmarkTest01666,xss,CWE-79,45,1
BenchmarkTest01705,weakrand,CWE-330,55,0
BenchmarkTest01543,weakrand,CWE-330,109,0
BenchmarkTest01292,weakrand,CWE-330,67,0
BenchmarkTest01540,weakrand,CWE-330,60,0
BenchmarkTest01540,weakrand,CWE-330,68,0
BenchmarkTest01540,weakrand,CWE-330,114,0
BenchmarkTest01541,weakrand,CWE-330,56,0
BenchmarkTest01291,weakrand,CWE-330,112,0
BenchmarkTest01291,weakrand,CWE-330,67,0
BenchmarkTest01541,weakrand,CWE-330,64,0
BenchmarkTest01292,weakrand,CWE-330,59,0
BenchmarkTest01710,trustbound,CWE-501,56,1
BenchmarkTest01706,weakrand,CWE-330,45,0
BenchmarkTest01664,xss,CWE-79,55,0
BenchmarkTest01545,weakrand,CWE-330,55,0
BenchmarkTest01545,weakrand,CWE-330,63,0
BenchmarkTest01279,weakrand,CWE-330,104,1
BenchmarkTest01663,xss,CWE-79,55,0
BenchmarkTest01545,weakrand,CWE-330,108,0
BenchmarkTest01279,weakrand,CWE-330,61,1
BenchmarkTest01279,weakrand,CWE-330,53,1
BenchmarkTest01707,weakrand,CWE-330,52,0
BenchmarkTest01545,weakrand,CWE-330,112,0
BenchmarkTest01707,weakrand,CWE-330,55,0
BenchmarkTest01278,weakrand,CWE-330,61,1
BenchmarkTest01663,xss,CWE-79,52,0
BenchmarkTest01278,weakrand,CWE-330,53,1
BenchmarkTest01707,weakrand,CWE-330,56,0
BenchmarkTest01277,weakrand,CWE-330,105,1
BenchmarkTest01707,weakrand,CWE-330,47,0
BenchmarkTest01663,xss,CWE-79,56,0
BenchmarkTest01280,securecookie,CWE-614,54,1
BenchmarkTest01280,securecookie,CWE-614,86,1
BenchmarkTest01664,xss,CWE-79,52,0
BenchmarkTest01283,securecookie,CWE-614,86,1
BenchmarkTest01706,weakrand,CWE-330,52,0
BenchmarkTest01706,weakrand,CWE-330,55,0
BenchmarkTest01664,xss,CWE-79,47,0
BenchmarkTest01283,securecookie,CWE-614,54,1
BenchmarkTest01664,xss,CWE-79,45,0
BenchmarkTest01706,weakrand,CWE-330,47,0
BenchmarkTest01706,weakrand,CWE-330,56,0
BenchmarkTest01706,weakrand,CWE-330,68,0
BenchmarkTest01282,securecookie,CWE-614,54,1
BenchmarkTest01544,weakrand,CWE-330,55,0
BenchmarkTest01281,securecookie,CWE-614,54,1
BenchmarkTest01706,weakrand,CWE-330,76,0
BenchmarkTest01544,weakrand,CWE-330,63,0
BenchmarkTest01707,weakrand,CWE-330,45,0
BenchmarkTest01282,securecookie,CWE-614,84,1
BenchmarkTest01270,cmdi,CWE-78,81,1
BenchmarkTest01566,crypto,CWE-327,68,1
BenchmarkTest01262,xss,CWE-79,59,1
BenchmarkTest01657,xss,CWE-79,45,1
BenchmarkTest01261,xss,CWE-79,61,1
BenchmarkTest01714,sqli,CWE-89,56,0
BenchmarkTest01261,xss,CWE-79,65,1
BenchmarkTest01714,sqli,CWE-89,91,0
BenchmarkTest01713,sqli,CWE-89,47,0
BenchmarkTest01581,hash,CWE-328,79,0
BenchmarkTest01657,xss,CWE-79,47,1
BenchmarkTest01713,sqli,CWE-89,45,0
BenchmarkTest01655,hash,CWE-328,73,0
BenchmarkTest01655,hash,CWE-328,56,0
BenchmarkTest01713,sqli,CWE-89,52,0
BenchmarkTest01712,sqli,CWE-89,56,1
BenchmarkTest01575,weakrand,CWE-330,56,1
BenchmarkTest01712,sqli,CWE-89,55,1
BenchmarkTest01582,hash,CWE-328,62,0
BenchmarkTest01712,sqli,CWE-89,52,1
BenchmarkTest01250,hash,CWE-328,76,0
BenchmarkTest01657,xss,CWE-79,52,1
BenchmarkTest01657,xss,CWE-79,55,1
BenchmarkTest01712,sqli,CWE-89,47,1
BenchmarkTest01582,hash,CWE-328,79,0
BenchmarkTest01715,sqli,CWE-89,45,1
BenchmarkTest01657,xss,CWE-79,56,1
BenchmarkTest01714,sqli,CWE-89,47,0
BenchmarkTest01575,weakrand,CWE-330,64,1
BenchmarkTest01713,sqli,CWE-89,55,0
BenchmarkTest01656,hash,CWE-328,90,0
BenchmarkTest01580,hash,CWE-328,62,1
BenchmarkTest01714,sqli,CWE-89,45,0
BenchmarkTest01656,hash,CWE-328,45,0
BenchmarkTest01714,sqli,CWE-89,52,0
BenchmarkTest01579,hash,CWE-328,79,1
BenchmarkTest01579,hash,CWE-328,62,1
BenchmarkTest01578,hash,CWE-328,76,0
BenchmarkTest01254,xss,CWE-79,65,1
BenchmarkTest01714,sqli,CWE-89,55,0
BenchmarkTest01578,hash,CWE-328,59,0
BenchmarkTest01577,hash,CWE-328,76,1
BenchmarkTest01656,hash,CWE-328,52,0
BenchmarkTest01577,hash,CWE-328,59,1
BenchmarkTest01580,hash,CWE-328,79,1
BenchmarkTest01656,hash,CWE-328,55,0
BenchmarkTest01254,xss,CWE-79,61,1
BenchmarkTest01656,hash,CWE-328,56,0
BenchmarkTest01576,hash,CWE-328,76,0
BenchmarkTest01656,hash,CWE-328,73,0
BenchmarkTest01580,hash,CWE-328,101,1
BenchmarkTest01713,sqli,CWE-89,56,0
BenchmarkTest01576,hash,CWE-328,59,0
BenchmarkTest01655,hash,CWE-328,112,0
BenchmarkTest01581,hash,CWE-328,62,0
BenchmarkTest01655,hash,CWE-328,90,0
BenchmarkTest01265,xss,CWE-79,65,0
BenchmarkTest01712,sqli,CWE-89,45,1
BenchmarkTest01656,hash,CWE-328,47,0
BenchmarkTest01711,trustbound,CWE-501,52,1
BenchmarkTest01659,xss,CWE-79,45,0
BenchmarkTest01715,sqli,CWE-89,47,1
BenchmarkTest01570,pathtraver,CWE-22,74,0
BenchmarkTest01711,trustbound,CWE-501,80,1
BenchmarkTest01268,xss,CWE-79,69,1
BenchmarkTest01715,sqli,CWE-89,55,1
BenchmarkTest01711,trustbound,CWE-501,55,1
BenchmarkTest01658,xss,CWE-79,52,1
BenchmarkTest01249,hash,CWE-328,59,0
BenchmarkTest01655,hash,CWE-328,45,0
BenchmarkTest01711,trustbound,CWE-501,45,1
BenchmarkTest01654,hash,CWE-328,90,1
BenchmarkTest01572,pathtraver,CWE-22,61,1
BenchmarkTest01655,hash,CWE-328,47,0
BenchmarkTest01658,xss,CWE-79,55,1
BenchmarkTest01268,xss,CWE-79,65,1
BenchmarkTest01715,sqli,CWE-89,52,1
BenchmarkTest01659,xss,CWE-79,47,0
BenchmarkTest01249,hash,CWE-328,76,0
BenchmarkTest01711,trustbound,CWE-501,47,1
BenchmarkTest01584,xss,CWE-79,65,1
BenchmarkTest01710,trustbound,CWE-501,81,1
BenchmarkTest01655,hash,CWE-328,55,0
BenchmarkTest01658,xss,CWE-79,47,1
BenchmarkTest01654,hash,CWE-328,73,1
BenchmarkTest01569,ldapi,CWE-90,108,0
BenchmarkTest01658,xss,CWE-79,56,1
BenchmarkTest01654,hash,CWE-328,56,1
BenchmarkTest01658,xss,CWE-79,45,1
BenchmarkTest01711,trustbound,CWE-501,56,1
BenchmarkTest01573,pathtraver,CWE-22,61,0
BenchmarkTest01655,hash,CWE-328,52,0
BenchmarkTest01269,cmdi,CWE-78,82,0
BenchmarkTest01250,hash,CWE-328,59,0
